Unnamed: 0,bmi,gender,is_training,name,PAR,FWHR,CJWR
0,34.2073961938,Male,1,img_0.bmp,0.05082401235487815,2.494119871642213,1.2350292164553531
1,26.4537197232,Male,1,img_1.bmp,0.06071361591508646,2.2339049871721732,1.3071641727454668
2,34.9675605536,Female,1,img_2.bmp,0.06502113606693238,2.5725292386055507,1.1670713522046443
3,22.044766436,Female,1,img_3.bmp,0.0310378176905049,2.5198416859032857,1.1687652997727895
4,37.7587890625,Female,1,img_4.bmp,0.03409631162873497,2.476281648544791,1.2245845348987443
5,24.8864746094,Female,1,img_5.bmp,0.04504908755426173,2.534626667620628,1.1298376072993521
6,25.8455882353,Female,1,img_6.bmp,0.030712318903838687,2.5695896422345714,1.289300628408306
7,21.740700692,Female,1,img_7.bmp,0.03402912493271102,2.07320121196813,1.229820964623278
8,30.6158579882,Female,1,img_8.bmp,0.015259030582770595,2.3297026392875604,1.2368573723075287
9,26.7888757396,Female,1,img_9.bmp,0.01398620932069927,2.0583249504731174,1.2266327910132404
10,38.7327823691,Male,1,img_10.bmp,0.020235425024280315,2.2607742058841276,1.1591007107005629
11,30.8248393021,Male,1,img_11.bmp,0.029672008810870766,2.4282526831006113,1.2503121738102683
12,41.3988888889,Male,1,img_12.bmp,0.03646709302837818,2.394814217248414,1.1781774913041978
13,31.0491666667,Male,1,img_13.bmp,0.03575329503501979,2.1028601297729246,1.173967390858946
14,35.5613965483,Male,1,img_14.bmp,0.026813952072576367,1.9031488873647986,1.2947759966340242
15,25.7994445547,Male,1,img_15.bmp,0.010509850721675726,2.3794504465682023,1.1658687849297173
16,33.199527745,Male,1,img_16.bmp,0.009098832546185175,2.2541839912401427,1.282001857453974
17,23.5953786473,Male,1,img_17.bmp,0.09396355350138365,1.8278006201137915,1.2041594578792296
18,41.2094594595,Male,1,img_18.bmp,0.08970377627661093,2.238210147536808,1.1912197634722477
19,21.3108108108,Male,1,img_19.bmp,0.06451966074838385,2.353478298949651,1.1603221996725293
20,26.6224852071,Male,1,img_20.bmp,0.04819944795666375,2.1465946447706568,1.2438263861835654
21,21.6307692308,Male,1,img_21.bmp,0.011042418200717543,2.3609499427036487,1.1555533652017664
22,41.8090397924,Male,1,img_22.bmp,0.009373527516690267,1.9151921586688292,1.1600492824341038
23,22.3488321799,Male,1,img_23.bmp,0.02097666416930966,2.223541802229109,1.1977802862390388
24,33.8112792969,Female,1,img_24.bmp,0.020297416282733457,2.201140468548209,1.222341174133333
25,24.8864746094,Female,1,img_25.bmp,0.05231591560653241,2.005287129213229,1.2620343345948153
26,35.549342838,Male,1,img_26.bmp,0.0116815956674217,2.3193711936016195,1.2758309066061861
27,30.8511918022,Male,1,img_27.bmp,0.011446783243061583,1.8233467097402365,1.3691550167226891
28,31.4511657215,Male,1,img_28.bmp,0.022975603361504872,2.1958593111830007,1.1453085932114742
29,20.3768115942,Male,1,img_29.bmp,0.025594129233293638,2.2498589585886566,1.1386880646708275
30,33.9023919753,Male,1,img_30.bmp,0.023957061340638252,2.0950275109155996,1.2779400412438977
31,27.7999614198,Male,1,img_31.bmp,0.021989295860225536,2.0867374694192975,1.1210774149655873
32,31.4703856749,Female,1,img_32.bmp,0.018955754988650583,2.4985139275335064,1.1505900801046984
33,23.4010560147,Female,1,img_33.bmp,0.022874543460021202,1.9870602786701979,1.2336530909170604
34,29.2252456538,Female,1,img_34.bmp,0.047494413996159265,2.364103468891901,1.2020637055806258
35,22.1403376165,Female,1,img_35.bmp,0.05680836955513403,2.3720091496870372,1.1065044725055708
36,31.1667387543,Female,1,img_36.bmp,0.05102067888995702,2.363546096095431,1.2123788953474168
37,22.044766436,Female,1,img_37.bmp,0.016570432019306625,2.202888387690508,1.192100166832508
38,41.6866203791,Male,1,img_38.bmp,0.018777370823431064,2.177143070900946,1.1932221338442799
39,36.2779133046,Male,1,img_39.bmp,0.03872204990745838,2.4845607045015767,1.086095392784463
40,39.5759054232,Male,1,img_40.bmp,0.030428836001376296,2.2093411051288308,1.2012657727322822
41,28.8904109589,Male,1,img_41.bmp,0.05919531104754233,2.284781911910159,1.1934982256750604
42,43.5334959655,Male,1,img_42.bmp,0.0519203614505886,2.48780810939855,1.1785653963368443
43,35.6183148808,Male,1,img_43.bmp,0.021523587020316294,2.2618920532106213,1.0702844445806676
44,36.4878892734,Male,1,img_44.bmp,0.022860488069139408,2.1848968774366644,1.1841863261718908
45,25.8455882353,Male,1,img_45.bmp,0.04874473458894376,2.21697406837324,1.259223816699207
46,37.9321563182,Male,1,img_46.bmp,0.030817756785072127,2.44326511555088,1.099322315856513
47,30.4015076374,Male,1,img_47.bmp,0.032950497763192726,2.5032053874753437,1.129390496812577
48,44.0731095679,Male,1,img_48.bmp,0.047229520208517554,2.9106181668517683,1.213657200738733
49,40.6828703704,Male,1,img_49.bmp,0.040466714279471995,2.064792629214509,1.220475070021142
50,27.8220155709,Male,1,img_50.bmp,0.01368839314023163,2.751712985339632,1.1827328902843055
51,21.2846020761,Male,1,img_51.bmp,0.014551419455176967,2.554970149172022,1.2208281844464017
52,36.4878892734,Male,1,img_52.bmp,0.018137471425103396,2.4204354903856022,1.1843297761196518
53,27.365916955,Male,1,img_53.bmp,0.015468633706786916,2.308586237129043,1.1943369003853648
54,35.7277249135,Female,1,img_54.bmp,0.032284823287274,2.1919659059556498,1.273544505746844
55,21.2846020761,Female,1,img_55.bmp,0.04140751417181014,2.620630511948535,1.246352001309266
56,37.9258494031,Female,1,img_56.bmp,0.056587855107707745,2.3397590538823954,1.2599387749179123
57,23.4010560147,Female,1,img_57.bmp,0.0,0.0,0.0
58,38.2736816406,Female,1,img_58.bmp,0.0,0.0,0.0
59,29.1772460938,Female,1,img_59.bmp,0.02752714747996915,2.7965336470970388,1.15882488097981
60,30.2446222222,Male,1,img_60.bmp,0.05996716284170509,2.179849889138621,1.2191348307308307
61,21.9960888889,Male,1,img_61.bmp,0.016552447188269148,2.6455057619006346,1.1411291183676202
62,33.2990677753,Female,1,img_62.bmp,0.021251676477522255,2.1268926471876988,1.2192312608597733
63,23.9115646259,Female,1,img_63.bmp,0.016943387708261325,2.0771912366354712,1.223419622716755
64,37.5852082869,Male,1,img_64.bmp,0.021249252137466857,2.122568021893361,1.2096194404652418
65,26.6228558699,Male,1,img_65.bmp,0.02112652074655831,1.96171986470704,1.3853789927549647
66,51.4892578125,Female,1,img_66.bmp,0.019911472374702872,2.024948132115817,1.3446586804556393
67,25.7446289062,Female,1,img_67.bmp,0.03165638275441722,2.524889366486648,1.1937323969198232
68,41.6866203791,Male,1,img_68.bmp,0.018230032226174486,2.042631113275905,1.21371704957668
69,29.5500093826,Male,1,img_69.bmp,0.024395073209216363,2.175298868193192,1.1630771050832327
70,37.9736842105,Male,1,img_70.bmp,0.0,0.0,0.0
71,31.8881578947,Male,1,img_71.bmp,0.017575104126077944,2.2539102359423593,1.3085199714763174
72,41.9701492537,Male,1,img_72.bmp,0.05727214085805705,2.289747940217785,1.1916140658841887
73,26.3096458008,Male,1,img_73.bmp,0.06785283604099862,2.3126823205907234,1.174532074065557
74,51.4892578125,Female,1,img_74.bmp,0.01764025424539647,2.3599208054770253,1.218284694027555
75,24.0283203125,Female,1,img_75.bmp,0.015648706388053844,2.3777752546172817,1.1520491178243906
76,31.9469822485,Female,1,img_76.bmp,0.012716858645068605,2.4160278519930096,1.1949255538841677
77,25.1249704142,Female,1,img_77.bmp,0.01267795754228661,2.1354228771364068,1.300849005199106
78,39.9342838049,Male,1,img_78.bmp,0.021622191233956783,2.150372060830404,1.2788737175175093
79,32.8870572511,Male,1,img_79.bmp,0.011658327529612808,2.330970130796002,1.1717315093672607
80,39.4644687013,Female,1,img_80.bmp,0.07753698009115381,2.5929462835262864,1.2024192138401506
81,26.936065939,Female,1,img_81.bmp,0.0,0.0,0.0
82,46.25,Male,1,img_82.bmp,0.06634437971513173,2.534758371127315,1.176805194720538
83,29.2105263158,Male,1,img_83.bmp,0.03364169693155651,2.1057003801820997,1.2281933536080665
84,41.5003341501,Female,1,img_84.bmp,0.0,0.0,0.0
85,30.8511918022,Female,1,img_85.bmp,0.0,0.0,0.0
86,54.1237024221,Female,1,img_86.bmp,0.04540742279017297,2.4717044674622426,1.1512720798656417
87,38.0082179931,Female,1,img_87.bmp,0.04787001001633106,2.3100146753762223,1.156894404744071
88,53.6907359651,Male,1,img_88.bmp,0.015737622381275216,2.5371100609732102,1.2063407941078368
89,34.1668319778,Male,1,img_89.bmp,0.019006639124310568,2.7659779049979907,1.170882897915899
90,49.7411555556,Male,1,img_90.bmp,0.017011691821829537,2.0906596793926213,1.2857747581598813
91,40.3678222222,Male,1,img_91.bmp,0.013869238597561954,2.0049611099094786,1.2888191723830427
92,35.1426170972,Female,1,img_92.bmp,0.018396842357971496,2.244770672792718,1.3209927116022264
93,27.4643982357,Female,1,img_93.bmp,0.01899940437113428,2.5039517308663024,1.2686746924883492
94,37.2438964844,Female,1,img_94.bmp,0.015736293377054778,2.556544132601357,1.2303701806447993
95,32.6098632812,Female,1,img_95.bmp,0.012529085132997352,2.492952615393116,1.1482439029983418
96,42.2631952663,Male,1,img_96.bmp,0.01251051593434943,2.1775292475895363,1.192927878405448
97,29.950295858,Male,1,img_97.bmp,0.03345312179434561,2.3517853981323924,1.1352643810583125
98,29.285855981,Male,1,img_98.bmp,0.034495726191467846,2.2558682574608095,1.1593817378652884
99,25.1021622694,Male,1,img_99.bmp,0.018421261723978077,2.3768030665114117,1.2183847470326095
100,29.8341049383,Male,1,img_100.bmp,0.029189120306878785,2.781744314351901,1.2139700633361223
101,24.4097222222,Male,1,img_101.bmp,0.03045319040727734,2.323121189727036,1.188933812439728
102,37.2438964844,Female,1,img_102.bmp,0.05072995774634145,2.6976990327266637,1.1883172036750964
103,32.0949707031,Female,1,img_103.bmp,0.06030623686056895,2.064982068541087,1.2129331433411006
104,42.2408267906,Male,1,img_104.bmp,0.022924272665056856,1.8677398461667436,1.121292029360504
105,30.7513219035,Male,1,img_105.bmp,0.021016081604070716,1.7386146971335417,1.0584061942126992
106,29.8341049383,Male,1,img_106.bmp,0.048920406827666844,2.387315089605855,1.200725647867973
107,24.4097222222,Male,1,img_107.bmp,0.05608675997134064,2.3762910011335863,1.1829871021082659
108,35.15,Female,1,img_108.bmp,0.008756144489365247,2.5750637725867245,1.189451591586691
109,25.6810204082,Female,1,img_109.bmp,0.07125658775638502,2.5211434674690065,1.1943096973746634
110,37.5521193772,Male,1,img_110.bmp,0.0,0.0,0.0
111,28.4301470588,Male,1,img_111.bmp,0.03448070093530615,2.099483445826523,1.254714033071239
112,39.1911651235,Male,1,img_112.bmp,0.028997494716074913,1.94680068940664,1.239491132445417
113,35.1228780864,Male,1,img_113.bmp,0.030928852150622754,2.093897618865,1.3677574973331494
114,34.0789473684,Male,1,img_114.bmp,0.03507732023664979,2.039628673682406,1.2229042193417197
115,25.5592105263,Male,1,img_115.bmp,0.06862927146459262,2.412605455339806,1.2068403356863429
116,39.1554054054,Male,1,img_116.bmp,0.06677805434759547,2.398377032365956,1.221519152014182
117,28.2432432432,Male,1,img_117.bmp,0.036742106544132076,2.665346581251685,1.266662391369387
118,33.8112792969,Female,1,img_118.bmp,0.026961926472990425,2.331219763750835,1.2768429866782225
119,27.4609375,Female,1,img_119.bmp,0.0,0.0,0.0
120,35.8009259259,Male,1,img_120.bmp,0.021310244764064696,2.106977854967504,1.182203126514273
121,23.8672839506,Male,1,img_121.bmp,0.056117662925215875,2.2542901011377054,1.267280864519612
122,38.0082179931,Female,1,img_122.bmp,0.0,0.0,0.0
123,32.5350346021,Female,1,img_123.bmp,0.0,0.0,0.0
124,38.0082179931,Female,1,img_124.bmp,0.03797058307119018,2.1659457427873603,1.2248161292750757
125,29.7984429066,Female,1,img_125.bmp,0.03742616336189902,2.085424929042157,1.1614283225026896
126,36.6059171598,Female,1,img_126.bmp,0.023960581303730414,2.837091396349592,1.228552659437387
127,29.6175147929,Female,1,img_127.bmp,0.023403574467813756,2.120995792417642,1.2565100004951835
128,43.2315016862,Male,1,img_128.bmp,0.0197732856989573,2.1519137512108943,1.3194546617543388
129,32.074985122,Male,1,img_129.bmp,0.019442060599831598,2.1821213802378203,1.3094108976143006
130,38.312283737,Female,1,img_130.bmp,0.027362926913860677,2.3381007611205336,1.1854148154263502
131,26.9098183391,Female,1,img_131.bmp,0.02457130826230698,1.9631272898417589,1.2793373144176616
132,36.9587881488,Female,1,img_132.bmp,0.008885827984910659,2.6858312894301113,1.2386993694134045
133,30.6945867677,Female,1,img_133.bmp,0.01144414679999766,2.169370240544194,1.1325578655350415
134,47.0565200617,Male,1,img_134.bmp,0.011735921453193219,1.9737317479281609,1.1792685973152846
135,37.2926311728,Male,1,img_135.bmp,0.0,0.0,0.0
136,42.0825456837,Male,1,img_136.bmp,0.0,0.0,0.0
137,37.8004620878,Male,1,img_137.bmp,0.009699994858137573,2.376729497746158,1.2370726291153575
138,54.0287369125,Female,1,img_138.bmp,0.0235256879574324,2.1044134545983373,1.2973106770591483
139,46.5116952551,Female,1,img_139.bmp,0.02514585794535243,1.8582585934148133,1.225385550907011
140,34.9675605536,Male,1,img_140.bmp,0.0788978712278979,2.4421409229570887,1.1917354836686787
141,32.5350346021,Male,1,img_141.bmp,0.06596923930992116,2.2351706789173114,1.2117983283860583
142,43.3293685121,Female,1,img_142.bmp,0.0367888814258534,2.701851217221259,1.247901588687238
143,24.3252595156,Female,1,img_143.bmp,0.020150693624676173,2.3428019920608296,1.2954022211259875
144,31.6342169748,Female,1,img_144.bmp,0.008721183324510782,2.722558102184333,1.1656743620422894
145,26.936065939,Female,1,img_145.bmp,0.010054446299930806,2.599816691415242,1.260609593194836
146,37.597110152,Male,1,img_146.bmp,0.04793090513467826,2.560788798773727,1.2466425498348848
147,23.7455432539,Male,1,img_147.bmp,0.05354665553765533,2.268765403788363,1.2129753877019611
148,47.4633487654,Male,1,img_148.bmp,0.02059719092889885,2.6215332023177162,1.266011772515238
149,31.8682484568,Male,1,img_149.bmp,0.011847345645805574,2.2361932808509883,1.2204567201480139
150,29.5628858025,Male,1,img_150.bmp,0.023548458781538033,2.572836041048408,1.1498270955893624
151,27.1219135802,Male,1,img_151.bmp,0.058623232486150145,2.806659736651181,1.2080033514248736
152,38.2434362529,Male,1,img_152.bmp,0.05771955815004861,2.7947367735115938,1.1151200078327395
153,27.0214240706,Male,1,img_153.bmp,0.0,0.0,0.0
154,59.4894222222,Male,1,img_154.bmp,0.09579809885043797,2.5458603572618994,1.2446428413280397
155,34.4938666667,Male,1,img_155.bmp,0.01776728381637973,1.8140942187956375,1.213781718807159
156,37.7587890625,Female,1,img_156.bmp,0.017961097402777095,1.8059379452589377,1.2364751844067257
157,25.7446289062,Female,1,img_157.bmp,0.03597741562522315,2.3370248639298623,1.2359301532482792
158,28.6456626759,Male,1,img_158.bmp,0.03236587670085955,2.359615484543897,1.1802831197980306
159,25.2495274102,Male,1,img_159.bmp,0.0,0.0,0.0
160,25.8218549128,Male,1,img_160.bmp,0.08624987492135781,2.1795277158412216,1.3244456090321848
161,19.3663911846,Male,1,img_161.bmp,0.057072592941504185,2.049969150146449,1.1887592263426014
162,34.4043268221,Male,1,img_162.bmp,0.07432843140897705,2.7925725663734395,1.180726222051981
163,28.0550304558,Male,1,img_163.bmp,0.03856222384077233,2.101287905435548,1.258484717342163
164,29.527027027,Male,1,img_164.bmp,0.07201212936064315,2.4023665727431185,1.222045253173603
165,25.6756756757,Male,1,img_165.bmp,0.06665939604671113,2.5006103583449244,1.2106447745029165
166,36.4878892734,Male,1,img_166.bmp,0.023472296097494554,2.6751970479355385,1.1736456033266407
167,25.8455882353,Male,1,img_167.bmp,0.028856694233844658,2.4913785768354746,1.1911346764389557
168,36.1263888889,Male,1,img_168.bmp,0.01372887432779542,2.3925896928958674,1.240563767665505
169,30.2680555556,Male,1,img_169.bmp,0.0172589323841405,2.4553776869577266,1.2757453111936798
170,26.5784499055,Male,1,img_170.bmp,0.04968826378474975,2.53419852461526,1.1473048602171367
171,25.1018693552,Male,1,img_171.bmp,0.04638908720779163,2.224120292184061,1.2336014514354328
172,25.4990817264,Male,1,img_172.bmp,0.06793153982499385,2.2638462845343543,1.1707732740251622
173,22.9168962351,Male,1,img_173.bmp,0.04662246356800942,2.6563847277754133,1.1597511045195814
174,33.1191111111,Male,1,img_174.bmp,0.04171417669674901,2.291187302565372,1.169099921187137
175,28.7448888889,Male,1,img_175.bmp,0.03228857243967681,2.3945149106778523,1.1502388728255095
176,28.12,Male,1,img_176.bmp,0.03231664271807692,2.3885333899645294,1.2129868734021791
177,21.6211555556,Male,1,img_177.bmp,0.009063281811494073,2.311885626232986,1.251117870468105
178,38.2434362529,Male,1,img_178.bmp,0.031659855329786483,2.200867835437905,1.2515033939169615
179,27.9073724008,Male,1,img_179.bmp,0.02934252987000848,2.32424643795348,1.212258132430231
180,34.4043268221,Male,1,img_180.bmp,0.04090667258312153,2.3310890718991404,1.2220991585583247
181,25.9878176854,Male,1,img_181.bmp,0.03238048016709823,2.1668977169029233,1.1771172819823015
182,31.4209816158,Male,1,img_182.bmp,0.0700424198477968,2.2746350250186116,1.2014077799319776
183,24.306797099,Male,1,img_183.bmp,0.05643578161871577,2.179374103931747,1.249805516417559
184,29.5316110061,Male,1,img_184.bmp,0.06161907309604248,2.411753076296139,1.2368699999468022
185,26.5784499055,Male,1,img_185.bmp,0.0421175034469607,2.35661373979362,1.1526818616837617
186,25.1021622694,Male,1,img_186.bmp,0.03249546855223841,2.024263430522152,1.1573950331173233
187,24.4048799841,Male,1,img_187.bmp,0.05302308740379275,2.616680750567202,1.151170001359825
188,26.6228558699,Male,1,img_188.bmp,0.0,0.0,0.0
189,24.273780352,Male,1,img_189.bmp,0.06549631532536876,2.6215969391376843,1.2463329710654565
190,31.8941398866,Male,1,img_190.bmp,0.041485859469986903,2.313499007405625,1.2621008851461266
191,24.6588951901,Male,1,img_191.bmp,0.0,0.0,0.0
192,30.6804205515,Male,1,img_192.bmp,0.04214051592227947,2.472802883037921,1.1360710538722334
193,25.1021622694,Male,1,img_193.bmp,0.05197174078366152,2.7104586324589777,1.071967586208073
194,29.8341049383,Male,1,img_194.bmp,0.010073332519165305,2.7925271330298154,1.1934159704224514
195,23.4604552469,Male,1,img_195.bmp,0.011628287397624606,2.3003551196351784,1.1573395491324507
196,27.669982699,Male,1,img_196.bmp,0.06559558970136857,2.5810197243632143,1.2547942993273655
197,24.6293252595,Male,1,img_197.bmp,0.0,0.0,0.0
198,24.36357908,Male,1,img_198.bmp,0.07249906782552452,2.3322760672180496,1.249928273364494
199,23.6252888049,Male,1,img_199.bmp,0.05884659796459522,2.1606731097722345,1.2625227474423892
200,31.0361842105,Male,1,img_200.bmp,0.03628092708872493,2.0961998754564033,1.245854642959938
201,26.1677631579,Male,1,img_201.bmp,0.0,0.0,0.0
202,23.6724489796,Male,1,img_202.bmp,0.0,0.0,0.0
203,22.9551020408,Male,1,img_203.bmp,0.038302750193387726,2.242590501401997,1.2511567021415584
204,24.3252595156,Male,1,img_204.bmp,0.03795094911560703,2.4964840140550533,1.3318581583059639
205,23.1089965398,Male,1,img_205.bmp,0.022380510355812008,2.680831082016091,1.1323454997678328
206,24.0211937716,Male,1,img_206.bmp,0.024503650272131312,2.154553885960081,1.1812674462666066
207,22.6528979239,Male,1,img_207.bmp,0.04289601127402963,2.3790282219635133,1.2359349404796742
208,37.5051459777,Male,1,img_208.bmp,0.0,0.0,0.0
209,31.0081915564,Male,1,img_209.bmp,0.02568440807722176,2.174110566819626,1.1265692168217076
210,23.7455432539,Male,1,img_210.bmp,0.02607055848366779,2.1536121920631706,1.1667589403430627
211,22.4263464065,Male,1,img_211.bmp,0.048886735326500695,2.021300295763815,1.2236867762727808
212,30.1285714286,Male,1,img_212.bmp,0.047980016611456816,1.9433191719937066,1.245557150427185
213,25.8244897959,Male,1,img_213.bmp,0.012134214102405536,2.6726647006338986,1.173498742178142
214,28.1260813149,Male,1,img_214.bmp,0.013254601000748843,2.5671237660900017,1.155201139539941
215,26.4537197232,Male,1,img_215.bmp,0.018818391966745444,2.580022566444285,1.14544845076392
216,26.1114285714,Male,1,img_216.bmp,0.01847457289498388,2.2692588070931823,1.1812478392190704
217,21.5204081633,Male,1,img_217.bmp,0.020029524886393046,2.3764364767199013,1.230527220048343
218,26.7577854671,Male,1,img_218.bmp,0.019102308753618208,1.8265535610561578,1.235782197793978
219,21.4366349481,Male,1,img_219.bmp,0.04475551885332018,2.5027134595541463,1.208299141804039
220,35.8673469388,Male,1,img_220.bmp,0.06553646460133969,2.2891318747780214,1.1451612903225807
221,31.2763265306,Male,1,img_221.bmp,0.05509152481394465,2.2512496529705452,1.2158929329633694
222,28.2426538108,Female,1,img_222.bmp,0.05955283434993825,2.1024983574237996,1.1787741376427385
223,23.4010560147,Female,1,img_223.bmp,0.021487668837445,2.580394152099107,1.2400343916806063
224,32.979921186,Male,1,img_224.bmp,0.022485942321719684,2.5804093557881305,1.1812858929752619
225,24.4051416776,Male,1,img_225.bmp,0.01172917286595934,2.516342250128785,1.1807124282987134
226,34.6621621622,Male,1,img_226.bmp,0.016138564854347164,2.784263910213787,1.1809656033838034
227,23.75,Male,1,img_227.bmp,0.018014084475744728,2.4903837638927926,1.2020651144161383
228,35.2584876543,Male,1,img_228.bmp,0.030073647346723402,2.89262010914061,1.2133793944475846
229,27.1219135802,Male,1,img_229.bmp,0.021282462547614817,2.755395982364635,1.1943933107423714
230,27.8912914104,Male,1,img_230.bmp,0.0,0.0,0.0
231,24.4048799841,Male,1,img_231.bmp,0.0,0.0,0.0
232,36.2586788336,Male,1,img_232.bmp,0.022234745150625946,2.126871351743431,1.2997744797612367
233,24.4048799841,Male,1,img_233.bmp,0.020172839792799012,1.7121563473579642,1.311903474142474
234,47.2014285714,Female,1,img_234.bmp,0.02538882269378903,2.5512486958381317,1.2598911655689444
235,25.8244897959,Female,1,img_235.bmp,0.02013064064109561,2.139208619753238,1.3441816424937498
236,33.4955632716,Female,1,img_236.bmp,0.08527684128255368,1.9646103627821525,1.2498838355935558
237,24.4097222222,Female,1,img_237.bmp,0.040514961161466974,2.4423076923076925,1.1759259259259258
238,32.8870572511,Male,1,img_238.bmp,0.043640732341767914,2.0764738794990882,1.2155496598698696
239,27.4058810425,Male,1,img_239.bmp,0.031642281941012526,2.475037575757273,1.1765009575665788
240,36.1762234825,Male,1,img_240.bmp,0.021012574707903714,2.027121134153407,1.17216803426492
241,28.7933207309,Male,1,img_241.bmp,0.05293465516353183,2.4500547271622253,1.2094345256516004
242,41.6238347191,Female,1,img_242.bmp,0.0636032180313972,2.611544814887602,1.2631602946424056
243,35.7787855883,Female,1,img_243.bmp,0.05816633039559566,2.3582248598884537,1.3050383136138188
244,44.3471533426,Male,1,img_244.bmp,0.05875182258068515,2.472608562520213,1.2203647873466836
245,33.0511803214,Male,1,img_245.bmp,0.052030449548002414,2.428145467421362,1.1668737858662037
246,32.8870572511,Female,1,img_246.bmp,0.039158362346518025,2.447382136443756,1.260589799218292
247,28.9719313878,Female,1,img_247.bmp,0.0,0.0,0.0
248,31.1902006173,Male,1,img_248.bmp,0.025093227996724674,2.3156926463657546,1.1615803700723288
249,25.0877700617,Male,1,img_249.bmp,0.03801554201006888,2.323728266375845,1.2010599637039021
250,39.7673372781,Female,1,img_250.bmp,0.05208200077639458,2.2525450008231522,1.2724773988807956
251,27.2880473373,Female,1,img_251.bmp,0.05846791992489007,2.1347538666967085,1.1972668377895388
252,43.3950617284,Male,1,img_252.bmp,0.06150153229663558,2.605336403955884,1.2018941462949577
253,34.9872685185,Male,1,img_253.bmp,0.06941398644838949,2.192407992745147,1.2590433924094244
254,44.7511574074,Male,1,img_254.bmp,0.024229004216961062,2.445254455764426,1.194122743713025
255,38.6487268519,Male,1,img_255.bmp,0.025885344719158078,2.2129299183501976,1.2466992593139143
256,42.0629552549,Male,1,img_256.bmp,0.014445404792576623,2.293848428202314,1.233532519594183
257,35.6620707596,Male,1,img_257.bmp,0.012480120202637683,2.1806944368203567,1.260412650670118
258,31.9269031142,Male,1,img_258.bmp,0.07771626198744412,2.0308275049913975,1.233626386364758
259,25.5415224913,Male,1,img_259.bmp,0.05518410354582397,2.3658560378485367,1.1428602972677087
260,37.1184,Male,1,img_260.bmp,0.05712345814492173,2.2263100539809044,1.1433838955806872
261,32.9941333333,Male,1,img_261.bmp,0.07323502374654427,2.280048396340563,1.141994855126304
262,35.7277249135,Male,1,img_262.bmp,0.07705168515786062,2.0,1.1854979567276382
263,27.9740484429,Male,1,img_263.bmp,0.014825558200385981,2.455971932482507,1.2168271322482593
264,35.2584876543,Female,1,img_264.bmp,0.015609392316756501,2.280089941138124,1.274516308605091
265,24.4097222222,Female,1,img_265.bmp,0.027323331241380578,2.132921991816852,1.1736008168618823
266,26.3096458008,Female,1,img_266.bmp,0.029896945799687158,2.098638812210015,1.2002357238845451
267,19.5756293161,Female,1,img_267.bmp,0.049251719650477796,2.390368339219828,1.177711174315801
268,35.4369387755,Male,1,img_268.bmp,0.0,0.0,0.0
269,24.3897959184,Male,1,img_269.bmp,0.08254737349593529,2.12779622579877,1.239062296864876
270,35.4245401864,Female,1,img_270.bmp,0.01514147162110346,2.350798810840242,1.1987564517177471
271,26.5684051398,Female,1,img_271.bmp,0.013901284928567188,2.0687441925234062,1.329235852654652
272,37.597110152,Male,1,img_272.bmp,0.03300484157693001,2.482885275892935,1.2335581578329944
273,26.5158566335,Male,1,img_273.bmp,0.031078946121061768,2.093836417535101,1.2286640649971758
274,46.3700259516,Male,1,img_274.bmp,0.029646549605243797,2.6355456583848427,1.190952687026276
275,30.2545415225,Male,1,img_275.bmp,0.03743233109111263,2.3496814060691507,1.152557426651515
276,34.3688888889,Male,1,img_276.bmp,0.06829556615945044,2.8861612926687363,1.199016982096588
277,30.9944888889,Male,1,img_277.bmp,0.06202477626331752,2.718748410639348,1.18468842421367
278,33.7714392944,Male,1,img_278.bmp,0.018886474995170363,2.546772425764258,1.1729990042662293
279,30.4734471758,Male,1,img_279.bmp,0.01637225045752443,2.004161426154629,1.2428863400061507
280,48.8102833552,Male,1,img_280.bmp,0.019660164696368203,2.3031448543417365,1.2673084029687856
281,36.9375117283,Male,1,img_281.bmp,0.0,0.0,0.0
282,44.6240234375,Female,1,img_282.bmp,0.0,0.0,0.0
283,32.953125,Female,1,img_283.bmp,0.07239287979043163,2.5500765034426722,1.1761540956903134
284,34.2991180334,Male,1,img_284.bmp,0.08336602641085143,2.0815378930012303,1.1069504806068955
285,26.1200975793,Male,1,img_285.bmp,0.047312257126150926,2.0216356804115505,1.2701619666516348
286,25.8401596303,Female,1,img_286.bmp,0.04941962072718475,2.086004576778206,1.2133553018030874
287,17.7189666037,Female,1,img_287.bmp,0.02235533088506847,2.384546236610247,1.206772310841851
288,27.5624860771,Male,1,img_288.bmp,0.034379320467477985,2.39002810612675,1.2366938848016849
289,24.1171753174,Male,1,img_289.bmp,0.019985666302305652,2.553591341906358,1.2147267582698826
290,35.6186666667,Male,1,img_290.bmp,0.020986627367097173,2.3537687740751068,1.1958776930732187
291,29.3697777778,Male,1,img_291.bmp,0.020023508267399966,2.1182224195520005,1.275372257211073
292,31.7960722079,Female,1,img_292.bmp,0.010543106582510764,2.2934791734098883,1.283394814253703
293,27.7518349534,Female,1,img_293.bmp,0.013580985984016638,2.1284298771434753,1.3978314690360343
294,32.0038580247,Male,1,img_294.bmp,0.03634646062310155,2.6492674688748195,1.1832717594806432
295,23.7316743827,Male,1,img_295.bmp,0.037054610209524164,2.2335836539261953,1.1755042293933342
296,40.7730263158,Male,1,img_296.bmp,0.027889366954000922,2.3205188411878264,1.217150774398408
297,37.0,Male,1,img_297.bmp,0.02790038591426907,2.301317022385976,1.2190789646962554
298,40.0540540541,Male,1,img_298.bmp,0.046024231256610565,2.2876909734855273,1.1591921030331473
299,25.4189189189,Male,1,img_299.bmp,0.05440732841533648,2.364173747299127,1.3103612060910692
300,36.8684444444,Male,1,img_300.bmp,0.04342949725610496,2.284631834572612,1.191916716672742
301,31.1194666667,Male,1,img_301.bmp,0.0463655386597759,2.0196951088386914,1.188293533808608
302,37.072265625,Female,1,img_302.bmp,0.05748165566547247,2.3458332806032023,1.1321333350471017
303,31.7517089844,Female,1,img_303.bmp,0.03010345764011459,2.5036142313271292,1.2143791660913552
304,51.7125164196,Male,1,img_304.bmp,0.015341169456920267,2.255439708520889,1.2180903907320206
305,35.4863951961,Male,1,img_305.bmp,0.03500257200278629,2.1994522562791183,1.162363712714659
306,33.9023919753,Male,1,img_306.bmp,0.0358710244037108,2.207699722612509,1.2161422938957756
307,28.4780092593,Male,1,img_307.bmp,0.011097034299112645,2.6905298464465157,1.226232134844498
308,37.9928692062,Male,1,img_308.bmp,0.0,0.0,0.0
309,31.5288046538,Male,1,img_309.bmp,0.07837666565913223,2.036986761982795,1.169927446663422
310,51.4892578125,Female,1,img_310.bmp,0.0593604767327346,2.2088783684052955,1.217656049110315
311,38.6169433594,Female,1,img_311.bmp,0.01554726671998337,2.2479640139143577,1.1763631371471759
312,27.3167401806,Male,1,img_312.bmp,0.014941912050499774,2.243507839125053,1.1526050508753416
313,24.5112371351,Male,1,img_313.bmp,0.05298348025126799,2.423657750479207,1.2544483820746652
314,38.6169433594,Female,1,img_314.bmp,0.03927293952728759,2.5625846869474924,1.2299791523145778
315,30.0354003906,Female,1,img_315.bmp,0.04615658516889078,2.318585544286537,1.229357862754772
316,44.6756756757,Male,1,img_316.bmp,0.021442507169142245,2.8509199931112867,1.1630064001619294
317,26.7027027027,Male,1,img_317.bmp,0.018735237927146372,2.4730581998514465,1.1376546047799436
318,34.0553633218,Female,1,img_318.bmp,0.019349907608904402,2.4377926337613958,1.2252303919064274
319,29.4943771626,Female,1,img_319.bmp,0.020251709415287693,2.2732585920511816,1.2481446603663453
320,32.7722674073,Male,1,img_320.bmp,0.04266425359105455,2.578733400672242,1.1830538010289748
321,27.8912914104,Male,1,img_321.bmp,0.05010134198240536,2.1980931528128593,1.3176574425922989
322,40.8243243243,Male,1,img_322.bmp,0.030099050944254645,2.530989285051335,1.168760961882233
323,36.972972973,Male,1,img_323.bmp,0.024949044405262716,2.5363066856764065,1.1297600010154345
324,39.9337278107,Female,1,img_324.bmp,0.013735342414450156,2.2296557289520615,1.1606147359054932
325,23.2946745562,Female,1,img_325.bmp,0.07745922145507857,2.399616685512235,1.198697305993377
326,43.7422222222,Male,1,img_326.bmp,0.022526859215145193,2.4166080259488414,1.1949417464566265
327,33.744,Male,1,img_327.bmp,0.04143158716741136,1.9063361841655377,1.2188649795622444
328,36.8716326531,Male,1,img_328.bmp,0.0752855902734038,2.2544372489924553,1.2061412053890912
329,26.6853061224,Male,1,img_329.bmp,0.0853551569754656,2.14795219456509,1.3176048247584722
330,43.8917793965,Female,1,img_330.bmp,0.030464863133002163,2.627221455534195,1.1285132472681674
331,31.8215400624,Female,1,img_331.bmp,0.07024908283726919,2.575121356363618,1.1509101864083604
332,30.4065743945,Male,1,img_332.bmp,0.030103057519779375,2.4476375763612186,1.194067002506972
333,26.6057525952,Male,1,img_333.bmp,0.026877033176187524,2.32544074261749,1.1974665608200914
334,36.9375117283,Male,1,img_334.bmp,0.09377022972608716,1.8892519622010147,1.2408243108571824
335,23.8774629386,Male,1,img_335.bmp,0.03521019999273427,2.3480055565459765,1.1948315040054347
336,42.0823794333,Male,1,img_336.bmp,0.03663980077155465,1.9723522531243307,1.2286212346228427
337,26.9116156877,Male,1,img_337.bmp,0.03597398749170519,2.457180467335805,1.157280692004577
338,26.6287878788,Female,1,img_338.bmp,0.03102261929507009,2.0997270532234684,1.260780412453593
339,20.1733241506,Female,1,img_339.bmp,0.03170139049228242,2.4985909935193678,1.2094399079550073
340,32.979921186,Male,1,img_340.bmp,0.03410472826192369,2.732142857142857,1.186046511627907
341,25.7243385251,Male,1,img_341.bmp,0.016599298280761,2.6602450376000566,1.1631368125254058
342,29.6424354866,Male,1,img_342.bmp,0.020257783822686223,2.1723197597012054,1.280492454815472
343,23.7139483893,Male,1,img_343.bmp,0.0,0.0,0.0
344,31.7464818315,Male,1,img_344.bmp,0.0,0.0,0.0
345,25.1018693552,Male,1,img_345.bmp,0.038296692779845674,2.3831585787841556,1.2251370122112692
346,32.6098632812,Female,1,img_346.bmp,0.040480433923955325,2.0779765385542914,1.2175395389792774
347,24.0283203125,Female,1,img_347.bmp,0.04986227577667678,2.2218334567083198,1.2595592241670368
348,42.214299118,Male,1,img_348.bmp,0.04936542845747823,2.3867211379626068,1.129231899464845
349,27.7031337962,Male,1,img_349.bmp,0.053026155527321796,2.358974358974359,1.135715921913584
350,43.8494096681,Female,1,img_350.bmp,0.032108004520772414,2.285481085256023,1.1586600241441127
351,28.1889062152,Female,1,img_351.bmp,0.0,0.0,0.0
352,30.1285714286,Male,1,img_352.bmp,0.03944880779262335,2.139789294498893,1.2268474392422466
353,23.6724489796,Male,1,img_353.bmp,0.030908825991734966,2.1021893349553458,1.35111517916233
354,37.5852082869,Male,1,img_354.bmp,0.02519962330892493,1.864838889722553,1.3423004785569361
355,27.4058810425,Male,1,img_355.bmp,0.034186584814400706,2.523377265919096,1.1257586216533295
356,42.4924444444,Male,1,img_356.bmp,0.04473507318811916,2.1773536016943713,1.1919974782547489
357,32.4942222222,Male,1,img_357.bmp,0.06593051037555092,2.450361912916846,1.2908030627072193
358,47.2014285714,Female,1,img_358.bmp,0.035688090606683084,2.26359298704718,1.1151482896017288
359,40.3148979592,Female,1,img_359.bmp,0.03491705701532386,2.391450365896586,1.1769047809064943
360,33.1052631579,Male,1,img_360.bmp,0.0,0.0,0.0
361,25.4375,Male,1,img_361.bmp,0.027737956064539743,2.2403626062531923,1.2372980342684985
362,49.1701323251,Male,1,img_362.bmp,0.030700861044546713,2.1021983879746067,1.2307243486873876
363,35.5855912623,Male,1,img_363.bmp,0.039698487180548823,2.3566203473426284,1.1707318262057151
364,42.564453125,Female,1,img_364.bmp,0.06889470771159072,2.6044183465522335,1.1242295909157372
365,35.0126953125,Female,1,img_365.bmp,0.05043124423020944,2.2600094306175107,1.1593932182658766
366,37.1957671958,Female,1,img_366.bmp,0.04598888073829638,2.5318421038648404,1.1792315134874694
367,26.037037037,Female,1,img_367.bmp,0.03804390614840095,2.094735720273372,1.3767724934105425
368,36.7434666667,Male,1,img_368.bmp,0.058616276930661085,2.437353214183511,1.2429418064593514
369,27.1201777778,Male,1,img_369.bmp,0.06372485997426536,2.0300365941606713,1.1753696976181964
370,46.1168,Male,1,img_370.bmp,0.02885585907065498,2.477089592783986,1.1665388313113931
371,41.4926222222,Male,1,img_371.bmp,0.028361039082150645,2.14155976519259,1.2155842622310171
372,37.6532434041,Male,1,img_372.bmp,0.06291229693866236,2.4953496571631852,1.1722915926189184
373,35.5613965483,Male,1,img_373.bmp,0.06876606507639482,2.3329897744007324,1.18083453619743
374,41.1757142857,Male,1,img_374.bmp,0.06165262719776272,2.5967603013177785,1.1702547721133656
375,33.2848979592,Male,1,img_375.bmp,0.03586809346019413,2.374705121052229,1.2227477601486711
376,40.1644736842,Male,1,img_376.bmp,0.03591809434475532,2.143395281834308,1.2219468547686974
377,37.3651315789,Male,1,img_377.bmp,0.04581160603327578,2.064435736720025,1.2362597942713136
378,38.4053069719,Female,1,img_378.bmp,0.05250270527974013,1.9813486755887832,1.252123542213942
379,27.0665972945,Female,1,img_379.bmp,0.015432871293901551,2.5618382822917187,1.2193488650983664
380,45.1891891892,Male,1,img_380.bmp,0.014839317264990297,2.437690531147193,1.2321505879357737
381,38.1283783784,Male,1,img_381.bmp,0.02377684050263131,2.246487480052678,1.2230333456872808
382,52.7554065744,Female,1,img_382.bmp,0.012119638135921101,1.9985926561868441,1.3259196115107696
383,39.5285467128,Female,1,img_383.bmp,0.01308358787524307,2.378518136360449,1.1843397658808699
384,28.693877551,Male,1,img_384.bmp,0.01268384577909356,2.1178908558646463,1.3081237129782708
385,22.8488284203,Male,1,img_385.bmp,0.037861938340747414,2.1910258678619967,1.2175493237966848
386,39.3267746914,Male,1,img_386.bmp,0.041997064728654554,2.790102776319986,1.237989472714383
387,33.2243441358,Male,1,img_387.bmp,0.0687566306827755,2.0008161600013254,1.2959367479913984
388,29.598351526,Male,1,img_388.bmp,0.04707037862184563,2.615962237297452,1.2512718465358206
389,25.9964357318,Male,1,img_389.bmp,0.039104230264980985,2.511658638982206,1.1973341452115647
390,45.8360339506,Male,1,img_390.bmp,0.029570751941624125,2.5821231976926313,1.2520253861514021
391,33.7667824074,Male,1,img_391.bmp,0.02678889009750915,2.506360977447497,1.2645088372963815
392,30.6634527089,Female,1,img_392.bmp,0.02294021933918589,2.614002566649122,1.1557546322250645
393,26.6287878788,Female,1,img_393.bmp,0.04387383339956921,2.3505667643752557,1.207415501803493
394,37.9258494031,Female,1,img_394.bmp,0.07547865140362593,2.2755542771835944,1.136933528229949
395,30.6634527089,Female,1,img_395.bmp,0.04637900468575747,2.717176589814606,1.2470280196594083
396,34.4531075963,Male,1,img_396.bmp,0.03319951855075405,2.547834192943704,1.16274948389099
397,26.6228558699,Male,1,img_397.bmp,0.03240601508019735,2.167139559338389,1.191291114982809
398,39.5759054232,Male,1,img_398.bmp,0.029921656859701853,1.972151443315045,1.1939077855579132
399,33.6395196097,Male,1,img_399.bmp,0.018451295988440867,2.605296604646388,1.2073778502231807
400,43.8494096681,Female,1,img_400.bmp,0.014539559296478193,1.9211279912126338,1.2498328896710484
401,39.9342838049,Female,1,img_401.bmp,0.022541980436826904,2.307288379637243,1.1896167772228612
402,38.0193877551,Male,1,img_402.bmp,0.02989466231254224,2.1475019687726373,1.3399888272294775
403,25.8244897959,Male,1,img_403.bmp,0.07419794197381187,2.5540727615384955,1.206022354928149
404,30.0354003906,Female,1,img_404.bmp,0.08093518174531765,2.5013885033006056,1.1762199123249495
405,24.8864746094,Female,1,img_405.bmp,0.0591422872837309,2.3177448678469053,1.1913843006033518
406,28.7933207309,Male,1,img_406.bmp,0.051291086890658866,2.114643073539162,1.3080307023843787
407,22.8869985297,Male,1,img_407.bmp,0.009858348793238008,2.2201240988393005,1.1952081949212945
408,44.6976643599,Male,1,img_408.bmp,0.02698044085201954,2.2047909306543105,1.2199644211067968
409,25.8455882353,Male,1,img_409.bmp,0.029381014653898186,2.3163937553822262,1.2707184771578344
410,40.1644736842,Male,1,img_410.bmp,0.0,0.0,0.0
411,36.3914473684,Male,1,img_411.bmp,0.06130673621885697,2.4562283792920536,1.2864337677435755
412,24.6891259105,Female,1,img_412.bmp,0.027000912266865015,2.2368360138607466,1.31110312954741
413,21.0314776275,Female,1,img_413.bmp,0.03432953371311294,2.1764258012375897,1.2201514838500944
414,55.9079973268,Female,1,img_414.bmp,0.04808728061464517,2.2745447278539643,1.1476185214932813
415,32.4172421475,Female,1,img_415.bmp,0.06925379771225963,2.23362552130663,1.2064054097768517
416,44.3320408163,Male,1,img_416.bmp,0.0278759358472993,2.313379920838763,1.18288887995723
417,36.4412244898,Male,1,img_417.bmp,0.027387463964025437,2.140824182383633,1.254712618351721
418,47.1381153932,Female,1,img_418.bmp,0.011120664034239407,2.2713731123062586,1.3060352740183467
419,40.873914012,Female,1,img_419.bmp,0.023265344945162705,2.2133805880960127,1.193834730655906
420,28.5885736957,Male,1,img_420.bmp,0.027219025123508416,1.9290225395406426,1.2090207375768616
421,24.4048799841,Male,1,img_421.bmp,0.08135496137299054,2.142681218134833,1.1525704857660763
422,37.9304199219,Female,1,img_422.bmp,0.07641702496184048,2.1711233779060697,1.2079698574346083
423,19.9091796875,Female,1,img_423.bmp,0.04199660476006387,2.206421657337612,1.1598160372909905
424,38.0953947368,Male,1,img_424.bmp,0.048263456502994545,2.234090225474325,1.235243225371354
425,27.9934210526,Male,1,img_425.bmp,0.06022069566927821,2.516956026210472,1.1816641973206083
426,28.9519526627,Male,1,img_426.bmp,0.07060250732239914,2.3876484803589073,1.2405128800374756
427,25.7905325444,Male,1,img_427.bmp,0.05832517561003845,2.039125495619445,1.2245035090591918
428,33.961352657,Male,1,img_428.bmp,0.049096362124990384,1.9555187168922246,1.1782444677880821
429,26.5784499055,Male,1,img_429.bmp,0.04283868989129457,2.5075095444742765,1.1440375997215944
430,29.2611862643,Female,1,img_430.bmp,0.022630140159441127,2.012385408041151,1.2470839960496996
431,25.237773153,Female,1,img_431.bmp,0.0,0.0,0.0
432,44.7040863177,Female,1,img_432.bmp,0.07411405226800262,2.539205146686097,1.2232744628175463
433,37.6030762167,Female,1,img_433.bmp,0.03225544049756044,2.961766166247668,1.2138682767981492
434,61.7023533951,Male,1,img_434.bmp,0.0,0.0,0.0
435,35.665316358,Male,1,img_435.bmp,0.031799936198705865,2.642729766464347,1.1699839299937953
436,34.109010712,Male,1,img_436.bmp,0.03974644298992328,2.4579552716937423,1.1537063720903087
437,30.1222432262,Male,1,img_437.bmp,0.016848655569926183,2.2326681255861964,1.2655238188148608
438,31.0011259148,Male,1,img_438.bmp,0.018153138284943658,2.0284824797139343,1.2808703526082972
439,27.835053481,Male,1,img_439.bmp,0.015352593610787417,2.088914775630585,1.244497448349757
440,54.8714416896,Female,1,img_440.bmp,0.021345774843280457,2.183662821340211,1.2937968830009063
441,32.277318641,Female,1,img_441.bmp,0.022902706207003597,1.9639802878658725,1.2038683599954705
442,35.9892102847,Female,1,img_442.bmp,0.054237598377910416,2.70541805862996,1.218420961078638
443,20.9802571166,Female,1,img_443.bmp,0.07336564973213816,2.341889076033373,1.2295494013965977
444,50.1708477509,Female,1,img_444.bmp,0.0247923142717914,2.2894419606571996,1.2336859538253502
445,25.8455882353,Female,1,img_445.bmp,0.0,0.0,0.0
446,35.2960526316,Male,1,img_446.bmp,0.016349209854456467,2.0308544804564512,1.2525291364884041
447,25.5592105263,Male,1,img_447.bmp,0.0,0.0,0.0
448,33.7153061224,Male,1,img_448.bmp,0.02860748887221494,2.5893428604621573,1.2113361101371642
449,30.8459183673,Male,1,img_449.bmp,0.02433425331183831,2.247728074140057,1.2466685020100874
450,32.2309688581,Male,1,img_450.bmp,0.01371310264322515,2.167740134766072,1.1093483004768996
451,24.7813581315,Male,1,img_451.bmp,0.013732177760421047,2.0750625173195614,1.167553709351476
452,36.4878892734,Female,1,img_452.bmp,0.032067862166285425,2.61460924360773,1.1580829285349825
453,30.4065743945,Female,1,img_453.bmp,0.040009869795571994,2.859786421811667,1.2393710538563727
454,30.6634527089,Male,1,img_454.bmp,0.047460184583934695,2.233428744639515,1.260925569930593
455,24.2079889807,Male,1,img_455.bmp,0.05923630310153781,2.257323681726135,1.16135556952172
456,29.0495867769,Female,1,img_456.bmp,0.051597241659697195,2.4892469473645042,1.0965436297801066
457,28.2426538108,Female,1,img_457.bmp,0.021791890372311294,2.334393900048282,1.2070929170630678
458,32.277318641,Female,1,img_458.bmp,0.0,0.0,0.0
459,25.1763085399,Female,1,img_459.bmp,0.0529396933728408,2.6112588610680043,1.1604710601206858
460,38.4899821464,Male,1,img_460.bmp,0.03358379347642869,1.9935904118889183,1.1563982325193929
461,35.2824836342,Male,1,img_461.bmp,0.016776690305083868,2.529220171163626,1.2566038277670264
462,27.4058810425,Female,1,img_462.bmp,0.015864872917950655,2.4617333623975166,1.1736115688932172
463,25.3700155937,Female,1,img_463.bmp,0.036415383508203975,2.450715406979359,1.2458433086512652
464,26.9552662722,Female,1,img_464.bmp,0.04042560652957567,2.5739734587823233,1.1626416465220373
465,23.6274556213,Female,1,img_465.bmp,0.028917829450464644,2.086260769602127,1.3069007134986148
466,36.2586788336,Male,1,img_466.bmp,0.0217987696173161,2.1515085940598078,1.1871118192272687
467,22.3130331283,Male,1,img_467.bmp,0.021151897348798843,1.9790070789862615,1.290904875229183
468,37.2926311728,Male,1,img_468.bmp,0.031276875129446456,2.312948739646274,1.2214223519194867
469,25.0877700617,Male,1,img_469.bmp,0.018847123920884536,2.2193084925712445,1.2452422871619964
470,40.4116512346,Male,1,img_470.bmp,0.03721258595028122,2.3985870071872912,1.222435894564045
471,26.5794753086,Male,1,img_471.bmp,0.0385351660693177,1.8792485538178214,1.1912825474773654
472,42.4924444444,Male,1,img_472.bmp,0.0775467912531605,2.445240274492468,1.13713657261346
473,29.9946666667,Male,1,img_473.bmp,0.08121058284322989,2.157738298370324,1.2327889369892033
474,38.3063265306,Male,1,img_474.bmp,0.06932180560993044,2.249942369017574,1.1833372063980372
475,34.1457142857,Male,1,img_475.bmp,0.055963319301462665,2.3642306409774405,1.1248928609833386
476,25.4924945185,Male,1,img_476.bmp,0.03570118452240856,2.0637166176427315,1.1703824627252657
477,23.1210996795,Male,1,img_477.bmp,0.0,0.0,0.0
478,33.3599537037,Male,1,img_478.bmp,0.059807286677340504,2.2416318820916357,1.2531103172219227
479,27.2575231481,Male,1,img_479.bmp,0.0,0.0,0.0
480,35.9797659195,Male,1,img_480.bmp,0.09043466814525988,2.1183060324901937,1.2325581395348837
481,26.775639754,Male,1,img_481.bmp,0.014723555406392237,1.98427986277037,1.2570034967645611
482,51.6911764706,Male,1,img_482.bmp,0.013972800549407584,2.2603783160377855,1.3061457850024603
483,33.4472318339,Male,1,img_483.bmp,0.023182628183409167,2.4092818795769273,1.0883882974966
484,32.4933544932,Male,1,img_484.bmp,0.012171120566736733,2.2390103836005997,1.2413698417167214
485,21.476294386,Male,1,img_485.bmp,0.0,0.0,0.0
486,37.7855415211,Female,1,img_486.bmp,0.05722430825906141,2.563425829726917,1.1763902353083553
487,24.5606019887,Female,1,img_487.bmp,0.0416668305796814,2.1859699314753276,1.3596334324837007
488,29.6747919144,Female,1,img_488.bmp,0.06464760677233522,2.2060784226587264,1.1904320490796902
489,22.7785374554,Female,1,img_489.bmp,0.0,0.0,0.0
490,36.7434666667,Male,1,img_490.bmp,0.0,0.0,0.0
491,26.2453333333,Male,1,img_491.bmp,0.06456888213763809,2.075413915831916,1.2785099773319395
492,34.4043268221,Male,1,img_492.bmp,0.01821686514698317,2.4484735294534814,1.1587981390715656
493,28.940978786,Male,1,img_493.bmp,0.015830990943401256,2.252756287813972,1.2765016616603946
494,38.9473684211,Male,1,img_494.bmp,0.01784107592538873,2.7777095368978353,1.225953118713998
495,27.9934210526,Male,1,img_495.bmp,0.019318816951250185,2.492032643271478,1.1468119332888425
496,33.7153061224,Male,1,img_496.bmp,0.019677228912190557,2.514185635899765,1.2232795329883401
497,29.9851020408,Male,1,img_497.bmp,0.021075012229769763,2.109866592974026,1.291603839588122
498,50.9891975309,Male,1,img_498.bmp,0.021364757520650094,2.365016532883382,1.2302452578931935
499,37.2926311728,Male,1,img_499.bmp,0.02458137584918157,2.480062804362712,1.210514987372509
500,28.0550304558,Male,1,img_500.bmp,0.028211929781767717,2.319271417518093,1.2490973976105222
501,23.6252888049,Male,1,img_501.bmp,0.04050994817065704,2.200676742003386,1.1879861337509694
502,38.0716127752,Male,1,img_502.bmp,0.034919971816923696,2.1922159681186963,1.1161420754066587
503,26.4967268399,Male,1,img_503.bmp,0.027405022424081143,2.231674604132771,1.2041170869909925
504,44.089532872,Male,1,img_504.bmp,0.023617772719747764,1.9050197705293788,1.323124833644205
505,31.1667387543,Male,1,img_505.bmp,0.01766415962090724,2.0764764836510823,1.2633546073636737
506,44.0731095679,Male,1,img_506.bmp,0.021866374976972917,2.0629493882254404,1.3431533470551988
507,27.7999614198,Male,1,img_507.bmp,0.012557872542495931,2.105847050459235,1.267306547090987
508,38.8380485632,Female,1,img_508.bmp,0.021020654607131723,2.638487897273859,1.1573827259491838
509,24.4303853865,Female,1,img_509.bmp,0.018525728604403723,2.352256142701099,1.2509074419992294
510,29.5316110061,Male,1,img_510.bmp,0.037820669400348575,2.297611018741559,1.1636851646047905
511,25.8401596303,Male,1,img_511.bmp,0.066690629775312,2.058773413682294,1.2072096447179954
512,32.1394675926,Male,1,img_512.bmp,0.023550596126130446,2.651583887825948,1.2727513233931282
513,23.7316743827,Male,1,img_513.bmp,0.0,0.0,0.0
514,24.36357908,Male,1,img_514.bmp,0.0,0.0,0.0
515,22.8869985297,Male,1,img_515.bmp,0.013253174909965495,2.339271747294937,1.257320784666966
516,29.950295858,Male,1,img_516.bmp,0.01668311552166109,2.5444117841433838,1.194579360710499
517,21.6307692308,Male,1,img_517.bmp,0.018176787717944155,2.449043977387772,1.2240409770480547
518,37.5852082869,Male,1,img_518.bmp,0.015633956866426543,2.601604782966451,1.2906478921929545
519,25.0568055246,Male,1,img_519.bmp,0.05584692610453564,2.012323146128485,1.274121383804601
520,34.4531075963,Male,1,img_520.bmp,0.07800852275736296,2.008859401060648,1.2494739124786844
521,24.4303853865,Male,1,img_521.bmp,0.060922492535489196,2.3431895936121805,1.3266535743674555
522,39.8326124567,Male,1,img_522.bmp,0.0,0.0,0.0
523,31.6228373702,Male,1,img_523.bmp,0.02688284010563562,2.6293004041373016,1.195603616977508
524,35.8673469388,Male,1,img_524.bmp,0.026663172567373425,2.4248865615314052,1.213550625889553
525,24.3897959184,Male,1,img_525.bmp,0.06072685263751026,2.555072908142333,1.2143660874187088
526,32.979921186,Male,1,img_526.bmp,0.05718592952810441,2.555334552501072,1.2223067996609458
527,26.3839369488,Male,1,img_527.bmp,0.019710230053828517,2.19653202769208,1.2120582384941645
528,32.9448223734,Female,1,img_528.bmp,0.05020976310563997,2.3052328213557387,1.2498265107053816
529,27.6311413454,Female,1,img_529.bmp,0.048301317563603424,2.1395604298292783,1.3062724206454397
530,36.6059171598,Female,1,img_530.bmp,0.05012286264746027,2.713779712184516,1.1687431991922321
531,31.4478106509,Female,1,img_531.bmp,0.0,0.0,0.0
532,38.4899821464,Male,1,img_532.bmp,0.0,0.0,0.0
533,34.1668319778,Male,1,img_533.bmp,0.053186312844180725,2.420263534182019,1.259113121867347
534,36.7723076923,Female,1,img_534.bmp,0.03930513280585769,2.7069514600185483,1.1698931007405993
535,30.1166863905,Female,1,img_535.bmp,0.034207462826070185,2.4648361783895933,1.1646573466983794
536,44.7040863177,Female,1,img_536.bmp,0.05501839115379323,2.412865062165553,1.1750153993079153
537,36.4733700643,Female,1,img_537.bmp,0.0,0.0,0.0
538,42.9525887721,Female,1,img_538.bmp,0.0,0.0,0.0
539,39.6056338028,Female,1,img_539.bmp,0.02260067621889553,2.2900773051172423,1.1989594270276787
540,39.4540816327,Male,1,img_540.bmp,0.07345980746747972,2.409055893053955,1.2066718721864247
541,25.8244897959,Male,1,img_541.bmp,0.07035786834548621,2.0605512756621778,1.2815223381563643
542,30.1689189189,Male,1,img_542.bmp,0.027597445832828627,2.5260101372392616,1.1843635593212396
543,24.3918918919,Male,1,img_543.bmp,0.029378186591323425,2.4731973732222787,1.148816161625677
544,57.387755102,Male,1,img_544.bmp,0.035506315310718954,2.3657314054796936,1.224342061029965
545,53.0836734694,Male,1,img_545.bmp,0.02995743357140542,2.0956456688168372,1.1714311466656675
546,38.3682334596,Male,1,img_546.bmp,0.024477025207747496,2.314906342737284,1.2099898073710196
547,27.4058810425,Male,1,img_547.bmp,0.029187018758279247,2.6692636873061817,1.2184421640724448
548,31.2814201183,Female,1,img_548.bmp,0.03158204410296936,2.3153608703196595,1.2404908100529173
549,22.1299408284,Female,1,img_549.bmp,0.03916324798534755,2.025057767991288,1.2647743390965078
550,39.7972972973,Male,1,img_550.bmp,0.021380264317669612,2.2778582780275944,1.2195323559400082
551,35.9459459459,Male,1,img_551.bmp,0.030250713746476796,2.221755819298324,1.1335551665466557
552,37.2348740329,Male,1,img_552.bmp,0.02966609624092633,1.9872273429699872,1.1084432235586519
553,29.285855981,Male,1,img_553.bmp,0.027805934787230112,2.2597997544526685,1.2298820588212096
554,51.5810650888,Female,1,img_554.bmp,0.02934937039971694,2.2931260249476333,1.1905275524877121
555,31.6142011834,Female,1,img_555.bmp,0.014838609793301927,2.572188871374934,1.2452892469667045
556,37.4933333333,Male,1,img_556.bmp,0.015783744303162647,2.3215165621202423,1.2321405781050403
557,28.7448888889,Male,1,img_557.bmp,0.018477777361378917,2.1056371637033147,1.1988774603333907
558,24.6200554296,Female,1,img_558.bmp,0.01860831945839083,2.209382060582997,1.1631590068884061
559,22.1403376165,Female,1,img_559.bmp,0.012608502913105888,2.4809647226806666,1.0827162726479884
560,40.3466483012,Female,1,img_560.bmp,0.0,0.0,0.0
561,33.891184573,Female,1,img_561.bmp,0.08543544860215026,2.2294816068526147,1.2611852501889314
562,34.6948770876,Male,1,img_562.bmp,0.06401294710940415,2.392615966246906,1.2133570348902452
563,27.0435353725,Male,1,img_563.bmp,0.07810959310929805,2.9587148578772577,1.2129059895957788
564,32.8618421053,Male,1,img_564.bmp,0.016235146360328613,2.224768093318266,1.247238975881091
565,30.3059210526,Male,1,img_565.bmp,0.015429450565064366,2.2016388271830714,1.3001108525701595
566,34.9675605536,Female,1,img_566.bmp,0.09418054342412528,2.2107531846696964,1.241539414736075
567,25.0854238754,Female,1,img_567.bmp,0.0,0.0,0.0
568,24.6767346939,Male,1,img_568.bmp,0.04208834413863693,2.37457611241795,1.1983874985517344
569,20.8030612245,Male,1,img_569.bmp,0.05839531972755985,2.0402186088114496,1.2877861002193325
570,32.7676996725,Female,1,img_570.bmp,0.07270942257310854,1.8129769016459198,1.2005390163224434
571,28.3396321492,Female,1,img_571.bmp,0.04909319302994154,2.3835339169313183,1.2156748965324218
572,28.1889062152,Male,1,img_572.bmp,0.0,0.0,0.0
573,27.5624860771,Male,1,img_573.bmp,0.01661457491786769,2.046197787831222,1.202781294637703
574,30.2680555556,Female,1,img_574.bmp,0.016694693524183655,2.0535654538710624,1.2000071561257928
575,20.8947222222,Female,1,img_575.bmp,0.051707266284753695,2.3675737381136424,1.1376413183032534
576,29.7549565605,Female,1,img_576.bmp,0.05124821777522576,2.1115276987995983,1.2030938530205273
577,22.7077300067,Female,1,img_577.bmp,0.028404423714744474,2.6862429418162175,1.1450417133504063
578,29.2851414569,Male,1,img_578.bmp,0.03787195833461633,2.2241379310344827,1.194239688388351
579,23.4907551793,Male,1,img_579.bmp,0.05682377771578758,2.372124098843827,1.2935254891676005
580,41.8090397924,Female,1,img_580.bmp,0.04367440651860305,2.1808904879979085,1.2699028800367487
581,31.7748702422,Female,1,img_581.bmp,0.025304050810876545,2.6929899797109975,1.2667429514788373
582,41.5547006943,Male,1,img_582.bmp,0.03401281295897328,2.6375953747817036,1.1590824055931157
583,34.2991180334,Male,1,img_583.bmp,0.03282744012315027,2.296928145643655,1.1221306751303628
584,25.6827916352,Female,1,img_584.bmp,0.019234327804848877,2.655845093516754,1.1597246745223715
585,22.1403376165,Female,1,img_585.bmp,0.03161125663171519,2.384382853099765,1.1832307310907262
586,29.7549565605,Male,1,img_586.bmp,0.012858722326253777,2.3763428112719462,1.2056462495127844
587,25.0568055246,Male,1,img_587.bmp,0.015484563311042648,2.1692711560220785,1.299725817838013
588,30.1792929293,Female,1,img_588.bmp,0.012174734949397427,2.086656583532695,1.3602569346891764
589,25.983241506,Female,1,img_589.bmp,0.010480557491753764,1.946159765174148,1.3470034871566159
590,35.3687111111,Male,1,img_590.bmp,0.036176585267689694,2.4792342888054715,1.1836284673799413
591,24.1207111111,Male,1,img_591.bmp,0.03490578541932516,2.341687879177978,1.1775957111656432
592,36.8445945946,Male,1,img_592.bmp,0.029453608479573967,2.5398169700367905,1.2286061304744484
593,33.6351351351,Male,1,img_593.bmp,0.019908060059267273,2.314867583094372,1.3381552277519122
594,42.214299118,Male,1,img_594.bmp,0.021775979634373104,2.206242453765295,1.31589726173639
595,26.1200975793,Male,1,img_595.bmp,0.014441984739318708,2.1307578622270253,1.1645318564365716
596,38.4899821464,Male,1,img_596.bmp,0.012240289035535881,1.9449904071601627,1.3705671998461864
597,32.2144415791,Male,1,img_597.bmp,0.023314513365315877,2.033987709473331,1.2538433620916387
598,32.4847721067,Male,1,img_598.bmp,0.013791254856532313,1.9263005444241952,1.2490136612101628
599,27.3167401806,Male,1,img_599.bmp,0.08474481772952107,2.33725015810456,1.2366708059112215
600,35.1843261719,Female,1,img_600.bmp,0.0,0.0,0.0
601,26.2595214844,Female,1,img_601.bmp,0.0,0.0,0.0
602,30.1285714286,Male,1,img_602.bmp,0.013489010446119814,1.8624355039859193,1.346663343094897
603,26.5418367347,Male,1,img_603.bmp,0.025174530069651577,2.625850060442617,1.2244334182741075
604,31.7517089844,Male,1,img_604.bmp,0.06113338090385095,2.010088438714417,1.375141893924549
605,25.5729980469,Male,1,img_605.bmp,0.017898412263769568,2.2698984612511293,1.1701353305351436
606,40.3466483012,Female,1,img_606.bmp,0.06050491085342715,2.47721322575463,1.203041092109953
607,30.6634527089,Female,1,img_607.bmp,0.07464310297972554,2.133189969285681,1.206205859832908
608,30.3415274911,Male,1,img_608.bmp,0.019596333167942837,1.9912291786752296,1.1187914259959502
609,25.0647401013,Male,1,img_609.bmp,0.018753948165501935,1.8705195645774075,1.2633251875984546
610,26.1891891892,Male,1,img_610.bmp,0.03985918208068825,2.43374938093324,1.21687469046662
611,21.6959459459,Male,1,img_611.bmp,0.04614052137996039,2.334625062692272,1.2329662327412247
612,40.2341311134,Male,1,img_612.bmp,0.021318557665820602,2.3450022771514973,1.1735625780084638
613,32.9188345473,Male,1,img_613.bmp,0.042342620674767614,2.171811488210927,1.2416528785658798
614,33.2781065089,Female,1,img_614.bmp,0.030333092391557535,2.258435338778897,1.2495442365123568
615,25.9569230769,Female,1,img_615.bmp,0.0,0.0,0.0
616,48.860770773,Female,1,img_616.bmp,0.0,0.0,0.0
617,35.3927378035,Female,1,img_617.bmp,0.03197532608626019,2.585639687082278,1.1829628051363688
618,32.074985122,Male,1,img_618.bmp,0.037869409275694065,2.5813190339508107,1.2814132939187357
619,27.8912914104,Male,1,img_619.bmp,0.06694541421891609,2.488553677999336,1.2253889962997508
620,68.2029024456,Female,1,img_620.bmp,0.0380641814018972,2.309377219186131,1.2322337440599491
621,36.6519752755,Female,1,img_621.bmp,0.014523264462979047,2.5484863781672358,1.2028120205405153
622,31.5632653061,Male,1,img_622.bmp,0.016006500862110244,2.3390827804483547,1.3305114414368444
623,22.237755102,Male,1,img_623.bmp,0.030065282229737523,2.2183623486547037,1.1743487208242867
624,29.6464100346,Male,1,img_624.bmp,0.031973868319983036,2.0748747789831294,1.2120910951776065
625,24.7813581315,Male,1,img_625.bmp,0.03627963471686876,2.0299823295343433,1.2153159785081484
626,49.378251821,Female,1,img_626.bmp,0.023302794006000143,1.9783576549582247,1.2230137134430688
627,22.3116545265,Female,1,img_627.bmp,0.018107434839668705,1.9800679039017903,1.2616400342488918
628,39.8326124567,Male,1,img_628.bmp,0.044136452697809754,2.5844650238413864,1.2052963299070372
629,29.9504757785,Male,1,img_629.bmp,0.05565282295272821,2.4316946120208818,1.244210748230318
630,35.773964497,Female,1,img_630.bmp,0.029054926476300594,2.1419922174851944,1.2065538491369177
631,31.6142011834,Female,1,img_631.bmp,0.03236555589466443,2.043098175083614,1.201945084619774
632,29.7566137566,Female,1,img_632.bmp,0.022721293096638645,1.8901503317161226,1.2707352503170606
633,23.9115646259,Female,1,img_633.bmp,0.027576857095486323,2.4796918988668923,1.2233054750074095
634,39.5559210526,Male,1,img_634.bmp,0.017204553719400297,2.4886831694658964,1.1538018666591028
635,29.2105263158,Male,1,img_635.bmp,0.018296525156657254,2.190372961631913,1.2420132459629627
636,32.074985122,Male,1,img_636.bmp,0.03587060225986311,1.8567820240885953,1.1841302405569674
637,27.8912914104,Male,1,img_637.bmp,0.03579265327858966,2.520124480508904,1.2491477953213395
638,41.722972973,Male,1,img_638.bmp,0.03442125079364051,1.8464868029621857,1.1481540908861751
639,26.3175675676,Male,1,img_639.bmp,0.018058697736401293,2.7315469809931883,1.305723265696033
640,24.3252595156,Female,1,img_640.bmp,0.023037591121857753,2.4083189157584592,1.3171300090249851
641,21.740700692,Female,1,img_641.bmp,0.026149221805649412,2.5204603647511354,1.1373222626742459
642,34.2764497041,Female,1,img_642.bmp,0.02250952910434669,2.0762890493712476,1.217154475024749
643,28.2863905325,Female,1,img_643.bmp,0.016271824060963915,2.315057535961299,1.1999580170131614
644,32.3125538638,Female,1,img_644.bmp,0.027790372681344485,2.2857828630723054,1.2329729890804695
645,24.2344153979,Female,1,img_645.bmp,0.05597192992224131,2.5005539552472156,1.2502769776236078
646,43.8494096681,Female,1,img_646.bmp,0.0602512539205436,2.1511720023295577,1.1999625920850996
647,36.8021831143,Female,1,img_647.bmp,0.03668011010631479,2.3054905387365663,1.1328515157375914
648,41.7365491651,Male,1,img_648.bmp,0.01917750989758144,2.2849052670095364,1.1163152168936674
649,29.6424354866,Male,1,img_649.bmp,0.054906265730324574,2.5607096095208703,1.1848401385191818
650,35.9936,Male,1,img_650.bmp,0.05243303322461726,2.470624171081731,1.2360425763839074
651,27.4951111111,Male,1,img_651.bmp,0.04505568779766778,2.4616720049245107,1.1971527855350743
652,47.4633487654,Male,1,img_652.bmp,0.023669101443050854,2.3286638141293965,1.309896535245624
653,39.3267746914,Male,1,img_653.bmp,0.030701625952999675,1.8641975308641976,1.1983749572912878
654,30.240933642,Male,1,img_654.bmp,0.03198347982359997,2.1124665382082584,1.1904386992959812
655,24.8165509259,Male,1,img_655.bmp,0.037726823122193935,2.5849745204985894,1.2340668103854542
656,56.5269387755,Male,1,img_656.bmp,0.03526904752592328,2.2335882783976553,1.2080691122526581
657,38.3063265306,Male,1,img_657.bmp,0.024698154269097338,2.545012391482246,1.2651015101396563
658,48.5773645546,Female,1,img_658.bmp,0.023852830574203725,2.332667891474665,1.34456868660627
659,36.4733700643,Female,1,img_659.bmp,0.019647774224677374,1.991841452316218,1.231293381401602
660,47.5876923077,Female,1,img_660.bmp,0.034816282385186095,2.1611426007136383,1.2225268704605958
661,29.2847337278,Female,1,img_661.bmp,0.020278352029099726,2.1831490830913545,1.27426136222597
662,32.4134542706,Female,1,img_662.bmp,0.025482473683972287,2.336851169424832,1.2374197453766849
663,24.6200554296,Female,1,img_663.bmp,0.06544982015343186,2.6678787823193253,1.190428446609871
664,33.891184573,Female,1,img_664.bmp,0.03155900879143875,2.203027504191211,1.1635580946886053
665,28.2426538108,Female,1,img_665.bmp,0.01936701884800826,2.0566933963804255,1.3600560722007329
666,26.7763157895,Male,1,img_666.bmp,0.019460082833644737,2.7230858597118055,1.1734472003816423
667,21.9078947368,Male,1,img_667.bmp,0.01635830941156093,2.3869679476964643,1.2044023890222395
668,35.6183148808,Male,1,img_668.bmp,0.017532410135258202,2.043234086331545,1.2232342510385503
669,22.0305873522,Male,1,img_669.bmp,0.06417861649952458,3.117992761825077,1.2076307232165764
670,40.6694214876,Male,1,img_670.bmp,0.04474188451562707,2.736088062291743,1.1990090157019522
671,33.084251607,Male,1,img_671.bmp,0.017870541539173695,2.0339007194925065,1.4040627798694731
672,40.3466483012,Female,1,img_672.bmp,0.0,0.0,0.0
673,25.4990817264,Female,1,img_673.bmp,0.0324334588937328,2.44518197444404,1.2456664956366472
674,38.211628425,Male,1,img_674.bmp,0.038341932611261974,2.3116308013014994,1.2724664963982188
675,28.8153263533,Male,1,img_675.bmp,0.03226669392569828,2.7942560491803974,1.1903457094360301
676,45.462804999,Male,1,img_676.bmp,0.04403861037152402,2.0576218868347738,1.2675240236673766
677,36.2586788336,Male,1,img_677.bmp,0.014979865755764928,2.1262295009808714,1.216667361323169
678,46.1565656566,Male,1,img_678.bmp,0.02600115429939655,2.522545256668953,1.2168430329433781
679,29.5337465565,Male,1,img_679.bmp,0.04200606883359133,1.9868183105418094,1.298215933461345
680,39.5285467128,Male,1,img_680.bmp,0.015040787311934325,2.169439371377078,1.2667959865922638
681,27.365916955,Male,1,img_681.bmp,0.013091813103053856,2.1476992275761937,1.2815416769414905
682,31.0900104058,Female,1,img_682.bmp,0.051234696043534596,2.26337372868398,1.1669954811560643
683,26.517950052,Female,1,img_683.bmp,0.0,0.0,0.0
684,38.3505256893,Male,1,img_684.bmp,0.020948389103139124,2.37876787126568,1.1847188353618803
685,23.7075976989,Male,1,img_685.bmp,0.02177956263357019,2.115159298510408,1.1924453269014015
686,32.3537146614,Male,1,img_686.bmp,0.0234025610817251,2.1305867736377224,1.2819981236310305
687,27.7317554241,Male,1,img_687.bmp,0.022697330212639796,2.561128612958209,1.2823732269426904
688,60.5199724518,Male,1,img_688.bmp,0.04094474738476825,2.2499127113895905,1.2445810140173634
689,38.7327823691,Male,1,img_689.bmp,0.06534729207552462,2.374663005616566,1.1866081816916192
690,61.5644970414,Female,1,img_690.bmp,0.0712663239300011,2.1696352396591303,1.285456051475107
691,46.5893491124,Female,1,img_691.bmp,0.012511643606041963,2.242630186700052,1.2494012248883726
692,43.8494096681,Male,1,img_692.bmp,0.011067786991088348,1.8123123823792509,1.3327826666207454
693,23.4907551793,Male,1,img_693.bmp,0.023356758621827987,2.0474621220415528,1.1848678086314979
694,30.1792929293,Female,1,img_694.bmp,0.018266083363101985,2.0396040200342025,1.3040220088092733
695,24.6921487603,Female,1,img_695.bmp,0.01187704492670489,1.7068663531861827,1.1959498468273835
696,33.610887574,Female,1,img_696.bmp,0.01400524735068518,1.7843794866239253,1.3705120624860894
697,26.289704142,Female,1,img_697.bmp,0.05470212138797119,3.194471164011207,1.2157830830568699
698,38.0082179931,Male,1,img_698.bmp,0.05831450854219787,2.9999999999999996,1.1928223129029012
699,28.8862456747,Male,1,img_699.bmp,0.057021341405260155,2.368185908722096,1.199869715199016
700,38.7431111111,Male,1,img_700.bmp,0.021845257955495193,2.3230321362185276,1.2388139272403018
701,34.9937777778,Male,1,img_701.bmp,0.026361196930192426,2.000693406877307,1.2334357134385319
702,38.5135135135,Male,1,img_702.bmp,0.018016341942445533,2.1128021880832657,1.2106991627035124
703,25.0337837838,Male,1,img_703.bmp,0.01275653948149674,1.9216627121826255,1.2160907623907025
704,42.564453125,Female,1,img_704.bmp,0.030455277511340497,2.650205361233856,1.1863993317609447
705,32.6098632812,Female,1,img_705.bmp,0.0687162328114777,2.3297714590805665,1.2502968768596663
706,39.3267746914,Male,1,img_706.bmp,0.05293479591139296,3.087668640262146,1.1460477062687726
707,30.5121527778,Male,1,img_707.bmp,0.04815777760990236,2.8208099066088916,1.2143022168470097
708,33.610887574,Female,1,img_708.bmp,0.03667903041222011,2.183720213449741,1.1913779598846743
709,26.289704142,Female,1,img_709.bmp,0.03832535736013019,2.0508474576271185,1.22122581139953
710,34.2991180334,Male,1,img_710.bmp,0.06761184820579258,2.086491858565968,1.1960747889868166
711,25.7243385251,Male,1,img_711.bmp,0.036079950908890476,2.7600724628168734,1.2414635276719874
712,48.5475607039,Female,1,img_712.bmp,0.04028743116125127,2.611023596037948,1.2885686052706244
713,21.924704834,Female,1,img_713.bmp,0.06023083330023062,2.194145690135719,1.2317056958852255
714,37.9321563182,Male,1,img_714.bmp,0.059471254075935495,2.004569942305524,1.2057245030292008
715,29.285855981,Male,1,img_715.bmp,0.05714949197484883,2.677116922605555,1.2126566007072679
716,47.8903546713,Male,1,img_716.bmp,0.03816463879663892,2.0203824367573726,1.191097490493978
717,31.9269031142,Male,1,img_717.bmp,0.028828782443070935,2.4290102991191964,1.1248888183162027
718,33.7153061224,Male,1,img_718.bmp,0.04363338952220459,2.10181457818543,1.1989481322652624
719,23.6724489796,Male,1,img_719.bmp,0.08803653161456934,2.1518961253523763,1.2503326319375676
720,32.9979591837,Male,1,img_720.bmp,0.07543691142092945,2.130703257860417,1.225514381311022
721,28.693877551,Male,1,img_721.bmp,0.06039878241317321,1.9308353114649628,1.2006321840483218
722,38.2567085757,Male,1,img_722.bmp,0.04315732756147936,2.4566622294440146,1.293016018648546
723,27.9669731657,Male,1,img_723.bmp,0.04187617970599602,2.2589737554353446,1.277868528792619
724,33.2230623819,Female,1,img_724.bmp,0.04796211447590998,2.296347617399414,1.2378734159398228
725,25.8401596303,Female,1,img_725.bmp,0.04385856650855343,2.2555124128546677,1.1992055964101505
726,22.629112426,Female,1,img_726.bmp,0.0,0.0,0.0
727,19.9668639053,Female,1,img_727.bmp,0.05818359201666832,2.3102197023083213,1.1558125440212335
728,32.839100346,Female,1,img_728.bmp,0.05439569609860164,2.407301125036735,1.1389986351558656
729,23.7171280277,Female,1,img_729.bmp,0.0,0.0,0.0
730,38.7885742188,Female,1,img_730.bmp,0.05473785480779302,2.416992952948284,1.2229415345615915
731,35.3559570312,Female,1,img_731.bmp,0.051833476845252954,2.744117243368208,1.1713991552733123
732,30.6945867677,Female,1,img_732.bmp,0.02703499689671906,2.6346682437805673,1.2424350449289596
733,26.6228558699,Female,1,img_733.bmp,0.010393320254722414,2.2089616073090186,1.2218023528017525
734,40.6694214876,Male,1,img_734.bmp,0.010739858972045272,1.7790928493460818,1.2597861432885507
735,31.1476124885,Male,1,img_735.bmp,0.014951054084581871,2.32836900916959,1.251983143326095
736,35.2584876543,Male,1,img_736.bmp,0.01962616551646586,2.1847084818312457,1.271199500399104
737,24.4097222222,Male,1,img_737.bmp,0.0653638282850416,2.5495097567963922,1.1413845904452296
738,43.5743801653,Female,1,img_738.bmp,0.06122513630124255,2.0810230499219777,1.2226344388350294
739,29.0495867769,Female,1,img_739.bmp,0.04573143878623077,2.6345979739299077,1.221113512685295
740,49.6131064902,Male,1,img_740.bmp,0.048791802263908404,2.5989909769679187,1.2373617940096069
741,32.1894559966,Male,1,img_741.bmp,0.012534161358704662,2.0693156983298913,1.2406588974585209
742,44.3813131313,Female,1,img_742.bmp,0.0,0.0,0.0
743,33.891184573,Female,1,img_743.bmp,0.022235880518244027,2.4108940193005517,1.2721022274168898
744,34.0789473684,Male,1,img_744.bmp,0.037145415303250016,2.3294431423844877,1.1754035102311435
745,23.0032894737,Male,1,img_745.bmp,0.0,0.0,0.0
746,37.7290298367,Male,1,img_746.bmp,0.030684155964297945,2.3344582759462646,1.2290273543578252
747,26.5158566335,Male,1,img_747.bmp,0.023982600187351225,2.222301273639484,1.2022477955993793
748,32.3203227622,Male,1,img_748.bmp,0.03145669543417226,2.6654656820813973,1.1277450949047512
749,22.6901857759,Male,1,img_749.bmp,0.024180436858389966,2.4912133382197212,1.196308777957758
750,37.6528040328,Male,1,img_750.bmp,0.056046066140691,2.4594594594594597,1.1969540350145933
751,23.9206049149,Male,1,img_751.bmp,0.07875766972463737,2.6741416167300307,1.2194023736077975
752,39.5285467128,Male,1,img_752.bmp,0.022302198869819392,1.9942388934239907,1.266067661741247
753,31.9269031142,Male,1,img_753.bmp,0.028018740334563273,1.747503940901706,1.297258197305039
754,37.072265625,Female,1,img_754.bmp,0.04210150679664324,1.7204806361313543,1.1521813845954536
755,33.2963867188,Female,1,img_755.bmp,0.029985266423573888,2.0651872130783016,1.2216348787212432
756,44.7040863177,Female,1,img_756.bmp,0.02294770165818245,2.747648409294811,1.2127830639405364
757,32.7614784206,Female,1,img_757.bmp,0.034221456655120906,2.5623921750068988,1.2584271954148145
758,39.4858908895,Female,1,img_758.bmp,0.017763923807567274,2.1004812336171543,1.3220150784677942
759,30.2284332169,Female,1,img_759.bmp,0.016763176860179276,2.1699211019770206,1.2864196930224778
760,31.1476124885,Female,1,img_760.bmp,0.009897606705218711,1.9711248152157355,1.3085743007047856
761,25.1763085399,Female,1,img_761.bmp,0.02182393868250369,2.342912261512125,1.2503400844723287
762,36.0191579416,Male,1,img_762.bmp,0.022126112076481474,2.2559050960822677,1.2086281928467788
763,27.5624860771,Male,1,img_763.bmp,0.04359494905559522,2.1821832389591567,1.2205750822705812
764,29.4112244898,Male,1,img_764.bmp,0.0405611363090352,1.9465393924199166,1.1898886175012302
765,25.8244897959,Male,1,img_765.bmp,0.033678016899457056,2.0047187552580574,1.267895466934623
766,52.4186095358,Female,1,img_766.bmp,0.033303133033972754,2.645863530915385,1.1716012432276934
767,45.7739970594,Female,1,img_767.bmp,0.04281034387633054,2.6312500105188517,1.2226404077028046
768,43.0663844954,Female,1,img_768.bmp,0.03264001504817041,2.294991901862532,1.259592385626055
769,40.2474938739,Female,1,img_769.bmp,0.027702700697248558,2.1252240731316037,1.1317107540220825
770,43.5743801653,Female,1,img_770.bmp,0.016725297759606884,2.764443558483948,1.1143587109300206
771,27.4357208448,Female,1,img_771.bmp,0.01959728194711168,2.2473345819280026,1.2310607940103728
772,41.19140625,Female,1,img_772.bmp,0.04826871369985788,2.368656960112012,1.345414231307937
773,27.4609375,Female,1,img_773.bmp,0.05524515751545168,2.259520607663353,1.199589720199986
774,31.1150295858,Female,1,img_774.bmp,0.040066081436873235,2.23606797749979,1.1827313939757658
775,23.2946745562,Female,1,img_775.bmp,0.03655173947714309,2.770386855216492,1.1871564516806394
776,21.663877551,Male,1,img_776.bmp,0.044814645825585045,2.4645596065127036,1.1519530149710933
777,18.6510204082,Male,1,img_777.bmp,0.013957887785304691,2.4942100334549067,1.2337331663531073
778,33.6700824237,Female,1,img_778.bmp,0.01065892032935142,1.7897841132113899,1.2964092855582339
779,25.0568055246,Female,1,img_779.bmp,0.01757737236792286,2.4272074073105494,1.241925355108338
780,29.088636841,Female,1,img_780.bmp,0.03361672196711224,2.3963765750931496,1.264212863827599
781,21.7057340895,Female,1,img_781.bmp,0.01890474371321865,2.2205921708314067,1.254613899775283
782,47.4633487654,Male,1,img_782.bmp,0.020911599506550495,2.344174644787551,1.192266610890749
783,40.8184799383,Male,1,img_783.bmp,0.03905034205012553,2.339698720613316,1.1477427666547468
784,33.9023919753,Male,1,img_784.bmp,0.01305133646113617,2.292961228607387,1.1345475682853277
785,23.0536265432,Male,1,img_785.bmp,0.01591490216415458,2.301705053617025,1.1616615885219814
786,24.6891259105,Female,1,img_786.bmp,0.030939708355309445,2.473595974042963,1.1382024713849663
787,20.1170655567,Female,1,img_787.bmp,0.035241424216864395,2.6796319075027313,1.316064642709791
788,40.2887110727,Female,1,img_788.bmp,0.037724045117854085,2.354595007014757,1.1186958262618467
789,27.365916955,Female,1,img_789.bmp,0.0408345850845184,2.3180120958761954,1.2083347544074885
790,36.7501929012,Male,1,img_790.bmp,0.045797896344721443,2.659781455647459,1.2433936394999994
791,30.9189814815,Male,1,img_791.bmp,0.04663480128430998,2.4963512095097977,1.2798588332260037
792,42.5342194009,Male,1,img_792.bmp,0.014934908287629955,2.3900455938353864,1.1634488319555576
793,27.1940091252,Male,1,img_793.bmp,0.014670145619530632,2.074847321513697,1.29362800515559
794,34.4326530612,Male,1,img_794.bmp,0.08579337002894685,2.2795801418250674,1.239600100082565
795,25.8244897959,Male,1,img_795.bmp,0.029395585903078593,2.3477719640162555,1.2406419302320397
796,40.6828703704,Male,1,img_796.bmp,0.017318223343074077,1.8491759325686965,1.2241384898293248
797,29.8341049383,Male,1,img_797.bmp,0.06277943148690054,2.338844224759808,1.1783789745096915
798,27.6895918367,Male,1,img_798.bmp,0.06149147734573812,2.296337693146843,1.240872558275971
799,24.1028571429,Male,1,img_799.bmp,0.014719636816192927,2.2798366221174446,1.2228649678973784
800,40.6828703704,Male,1,img_800.bmp,0.011074794715220262,2.076512040895299,1.3215334578470068
801,21.6975308642,Male,1,img_801.bmp,0.043720605452398455,2.4588153658356497,1.2927767743313168
802,29.5316110061,Male,1,img_802.bmp,0.0,0.0,0.0
803,21.4104179794,Male,1,img_803.bmp,0.02497902041835722,3.245806206032308,1.2092868866331732
804,26.7763157895,Male,1,img_804.bmp,0.021407339983832353,2.270387809444733,1.194668043984484
805,23.125,Male,1,img_805.bmp,0.08417236536854261,2.5944951259691518,1.1626982497264766
806,41.5547006943,Male,1,img_806.bmp,0.0697682186207836,2.4052787476004807,1.2622319305635243
807,32.979921186,Male,1,img_807.bmp,0.06958146072987884,2.2056493123089376,1.2663232477645232
808,42.4924444444,Male,1,img_808.bmp,0.0675030098469654,2.543914815923201,1.2504380804700543
809,29.3697777778,Male,1,img_809.bmp,0.06368984699487801,2.538374348758166,1.23181066440966
810,45.5743243243,Male,1,img_810.bmp,0.014652558232670518,2.2347489119213275,1.1649188127845558
811,25.6756756757,Male,1,img_811.bmp,0.014885104121722352,2.225354593123105,1.2291539927918838
812,36.6145833333,Female,1,img_812.bmp,0.01461454807182003,2.07497958424875,1.2755437812923964
813,25.7658179012,Female,1,img_813.bmp,0.016275897933699993,2.056287039735523,1.2749997663507515
814,36.3119834711,Male,1,img_814.bmp,0.016116603987096263,2.2880935704116276,1.2000404742229909
815,26.6287878788,Male,1,img_815.bmp,0.01854402499116823,2.2950556443154215,1.263987883505932
816,27.4609375,Female,1,img_816.bmp,0.019981285469961606,2.264530674014755,1.2903880429891363
817,24.0283203125,Female,1,img_817.bmp,0.04767988936351663,2.283347370348019,1.2192314092729888
818,37.9423174228,Male,1,img_818.bmp,0.05616149926623272,2.3612745041503787,1.249546157887512
819,24.8996458087,Male,1,img_819.bmp,0.020073027102091745,2.6470746703379615,1.2438432450375374
820,32.8734211234,Female,1,img_820.bmp,0.02461463025001204,2.6249024889039188,1.2601686365253693
821,29.0948669712,Female,1,img_821.bmp,0.03875885026579674,2.3931575512561016,1.186506670328585
822,25.3971854652,Male,1,img_822.bmp,0.03820802104442601,2.244002949127169,1.1783842132279707
823,22.1487082546,Male,1,img_823.bmp,0.0,0.0,0.0
824,29.6175147929,Male,1,img_824.bmp,0.04386339046012439,2.5539038431042336,1.2641661953812644
825,26.4560946746,Male,1,img_825.bmp,0.015359015957609296,2.2799274784366923,1.1869465350284178
826,44.9890738814,Female,1,img_826.bmp,0.010920100831114934,2.3187021287875242,1.1396562827622234
827,35.8449531738,Female,1,img_827.bmp,0.02140442050179193,1.981106636492503,1.2536961899932193
828,38.3910943079,Male,1,img_828.bmp,0.034430486487273516,1.984695504982088,1.2186489698594636
829,25.8401596303,Male,1,img_829.bmp,0.04242060347847579,2.0751767109099144,1.3225232732597825
830,27.4357208448,Female,1,img_830.bmp,0.042984662253003215,2.1527871580595974,1.2558280990911344
831,24.2079889807,Female,1,img_831.bmp,0.03956304888686944,2.017267302463743,1.221024855468575
832,33.6700824237,Female,1,img_832.bmp,0.05977604698835198,2.4167009922633844,1.197041220111493
833,29.7549565605,Female,1,img_833.bmp,0.057235160250566346,2.053898643028409,1.1191939759082616
834,40.1714285714,Male,1,img_834.bmp,0.018707547004020476,2.0901476137946977,1.1855054326538066
835,35.15,Male,1,img_835.bmp,0.01850351995848808,1.9246128031512848,1.2723552461159564
836,54.7697368421,Male,1,img_836.bmp,0.014659259348451475,2.0991614232466524,1.1552293060196153
837,30.4276315789,Male,1,img_837.bmp,0.015009664470309688,2.222003532894677,1.2259487319850924
838,35.5804081633,Female,1,img_838.bmp,0.04978813828645064,2.3778684402701797,1.2657825760400623
839,29.4112244898,Female,1,img_839.bmp,0.046039309255234556,3.006004919119477,1.1532508196175526
840,38.2418981481,Male,1,img_840.bmp,0.03306143514725843,2.3509280392468805,1.204147034949004
841,26.9863040123,Male,1,img_841.bmp,0.09100424509721261,2.334653418773023,1.244999856498435
842,22.6713249127,Female,1,img_842.bmp,0.06829130453907818,2.145119072727077,1.3176937452160817
843,20.9709755442,Female,1,img_843.bmp,0.0366202299910204,2.5710010240560566,1.284386812660455
844,44.7040863177,Female,1,img_844.bmp,0.07107017087366324,2.3672731783393646,1.2485068004497337
845,31.7931588613,Female,1,img_845.bmp,0.022184120498188274,2.369562916933727,1.1957245244054355
846,31.0011259148,Male,1,img_846.bmp,0.028094036719172856,2.385855756810896,1.1519196463459915
847,27.0435353725,Male,1,img_847.bmp,0.015254933510662401,2.701400816554518,1.1972509489366978
848,39.7450902599,Male,1,img_848.bmp,0.013897690466176116,2.4304043432362206,1.2002851153241099
849,33.4695496925,Male,1,img_849.bmp,0.049323600061191186,1.9502355763904022,1.2893054542473195
850,27.0926709735,Female,1,img_850.bmp,0.05016938156179992,2.3161908134678937,1.2567719896228642
851,20.8284695923,Female,1,img_851.bmp,0.052938475377555444,2.2804941558292238,1.2218308164758558
852,35.6183148808,Male,1,img_852.bmp,0.06977255427337413,2.369103756320752,1.1793278091388082
853,26.3839369488,Male,1,img_853.bmp,0.06739596269603952,2.341056331462725,1.2050152927121311
854,34.1671983487,Male,1,img_854.bmp,0.014878184727308154,2.259176091176043,1.1754577809584439
855,26.1200975793,Male,1,img_855.bmp,0.01550796429109484,2.309393607790808,1.2638936483623682
856,50.853587963,Male,1,img_856.bmp,0.012866279387697232,2.028900775337321,1.2312276194491842
857,34.5804398148,Male,1,img_857.bmp,0.01519830410406754,1.9929989823931733,1.237814865688367
858,27.4609375,Female,1,img_858.bmp,0.024944261679563335,2.7790842801462112,1.1874447843379017
859,21.4538574219,Female,1,img_859.bmp,0.032925693833135594,2.6230062104181684,1.231562685451579
860,35.9459459459,Male,1,img_860.bmp,0.03352013013737608,2.4152195571677706,1.0978726342884277
861,28.2432432432,Male,1,img_861.bmp,0.019607842725400903,2.676132773528114,1.1806510651615827
862,29.3723599633,Female,1,img_862.bmp,0.05944658498888192,2.9395501364309755,1.1967739487149103
863,25.8218549128,Female,1,img_863.bmp,0.04965767718367167,2.3265898386869406,1.2063913962146913
864,42.5342194009,Male,1,img_864.bmp,0.04044046104030826,2.1466763095730554,1.1958762886597938
865,32.074985122,Male,1,img_865.bmp,0.03729910067986854,2.5256176190819124,1.17288691561214
866,33.4955632716,Male,1,img_866.bmp,0.06980229190101207,3.0431542833867806,1.1999611039981746
867,28.7492283951,Male,1,img_867.bmp,0.0557193536378457,2.4325825779486046,1.1842836234749785
868,44.7040863177,Female,1,img_868.bmp,0.03592762854852862,2.4077408645582383,1.1819653152932945
869,31.4703856749,Female,1,img_869.bmp,0.032028620642312884,2.359840599754568,1.2557940935160248
870,39.5285467128,Male,1,img_870.bmp,0.056932611795085464,2.480322559668399,1.2495684534258034
871,28.1260813149,Male,1,img_871.bmp,0.05730808549646147,2.244960298823794,1.2082770408003265
872,35.8673469388,Male,1,img_872.bmp,0.026139307095743487,2.3345235059857505,1.1976486635892312
873,27.9765306122,Male,1,img_873.bmp,0.021479315519496712,2.321538941735952,1.3531242112432251
874,30.4651045603,Female,1,img_874.bmp,0.022916745054876897,2.2545881500952847,1.3496318542731274
875,24.4429327286,Female,1,img_875.bmp,0.04640272461198204,2.0373156411891755,1.231631719819379
876,37.072265625,Female,1,img_876.bmp,0.050550720929472576,2.0719758445085112,1.1759862901264522
877,31.7517089844,Female,1,img_877.bmp,0.03213571769609732,2.2782935141152367,1.215500968920144
878,41.5976331361,Male,1,img_878.bmp,0.041027654719965605,2.11023632447476,1.1753751311304232
879,23.2946745562,Male,1,img_879.bmp,0.015389985116353335,2.551919974717063,1.190050404792015
880,34.2073961938,Male,1,img_880.bmp,0.018229761715898317,2.623166260651762,1.347082199143714
881,30.7106401384,Male,1,img_881.bmp,0.0,0.0,0.0
882,31.8693333333,Male,1,img_882.bmp,0.0,0.0,0.0
883,25.6204444444,Male,1,img_883.bmp,0.035158221284099365,2.2383198088634764,1.22617902645309
884,50.0298438935,Female,1,img_884.bmp,0.01771569691160091,2.388934929639894,1.2666272209686527
885,22.5941230487,Female,1,img_885.bmp,0.01088577365230527,2.2850520934663847,1.1409143952243388
886,28.5885736957,Male,1,img_886.bmp,0.0,0.0,0.0
887,22.3130331283,Male,1,img_887.bmp,0.015342825203032233,2.13627698105139,1.2455739902810925
888,34.9229226999,Female,1,img_888.bmp,0.044975442727168385,2.12592772457011,1.2511994521921195
889,23.9605702829,Female,1,img_889.bmp,0.058249929508114445,2.030085332916701,1.2716773111277766
890,33.9023919753,Male,1,img_890.bmp,0.03834439722699762,2.2804861946415325,1.1976284140818516
891,25.7658179012,Male,1,img_891.bmp,0.03795513236629792,2.283989163326951,1.1813621975930715
892,38.0082179931,Female,1,img_892.bmp,0.027933530885836846,2.0231912642983185,1.2614307832183411
893,27.365916955,Female,1,img_893.bmp,0.013134280829273242,2.0917299413136186,1.2056068968161215
894,39.4540816327,Female,1,img_894.bmp,0.02472651163653546,2.5137910493128874,1.166696587274716
895,35.15,Female,1,img_895.bmp,0.02543552008809553,2.4258750606725323,1.2195206276591601
896,42.5965693918,Female,1,img_896.bmp,0.02236208970151982,2.571126920558084,1.2226885622518262
897,38.8380485632,Female,1,img_897.bmp,0.0,0.0,0.0
898,25.4990817264,Female,1,img_898.bmp,0.018679135839449478,2.443463056521685,1.2732091560801995
899,21.4644168962,Female,1,img_899.bmp,0.023797878593001823,2.421971499821157,1.3090833323144655
900,40.9012812434,Male,1,img_900.bmp,0.0185014021177141,2.2059770884894525,1.3544157936173877
901,31.3035076665,Male,1,img_901.bmp,0.01971772314296013,2.148497371567254,1.3318297533105643
902,40.2665088757,Female,1,img_902.bmp,0.02182795191768055,2.2020070524799866,1.2243655624206433
903,32.9453254438,Female,1,img_903.bmp,0.0736080157236253,2.392397725918684,1.1757812460069001
904,35.5275878906,Female,1,img_904.bmp,0.06280604448808601,2.3134682566868787,1.234258682534923
905,24.0283203125,Female,1,img_905.bmp,0.0924895484744549,2.542714676064822,1.1404959198808562
906,28.12,Female,1,img_906.bmp,0.0,0.0,0.0
907,22.4569444444,Female,1,img_907.bmp,0.012820099148144842,2.3040510949851614,1.1998831131272254
908,34.1668319778,Male,1,img_908.bmp,0.011484447754115853,2.1679682516056764,1.2963224934394713
909,24.4048799841,Male,1,img_909.bmp,0.02264855008774862,2.127990030790353,1.227778145193222
910,51.3655832703,Female,1,img_910.bmp,0.08399386194067253,2.5661071022810718,1.228357825941474
911,40.5610985135,Female,1,img_911.bmp,0.07351794366480234,2.4152757703789987,1.217482922162427
912,43.536199599,Male,1,img_912.bmp,0.01925725079546876,2.387231954480834,1.2094143722373933
913,34.7663176654,Male,1,img_913.bmp,0.01958866547237215,2.2616822429906542,1.2397059465814455
914,31.0651855469,Female,1,img_914.bmp,0.014511128291957233,2.7014634342081956,1.2024853013039332
915,27.4609375,Female,1,img_915.bmp,0.023810285694861787,2.388388314099717,1.2024360104423535
916,32.5462962963,Male,1,img_916.bmp,0.019794491756810948,2.191389219541405,1.184018735423008
917,23.0536265432,Male,1,img_917.bmp,0.028500926398375186,1.9830546685515067,1.205896161704761
918,32.687067474,Male,1,img_918.bmp,0.02086884782714811,2.6700407133160957,1.147749404681717
919,26.6057525952,Male,1,img_919.bmp,0.01963225114666826,2.4731516770315385,1.1553627018236754
920,39.0478079746,Male,1,img_920.bmp,0.02723036581680982,1.9702333542069979,1.292071860324364
921,24.4048799841,Male,1,img_921.bmp,0.06378326444550113,2.619888018517582,1.224614710928775
922,40.4423725451,Male,1,img_922.bmp,0.04574946542870494,2.271385418650728,1.2125282343521422
923,29.285855981,Male,1,img_923.bmp,0.0677007017803243,2.3340970094573024,1.2099714523808793
924,31.5278407659,Female,1,img_924.bmp,0.07374244348173525,2.0268812058629417,1.237543623405211
925,26.5684051398,Female,1,img_925.bmp,0.012772651002465742,2.4730941654901084,1.197949094754722
926,35.1426170972,Male,1,img_926.bmp,0.011945478548861842,1.9133221858362317,1.3244690690455165
927,29.9745851712,Male,1,img_927.bmp,0.04639128107025972,2.3611677454539195,1.1807842490469331
928,46.8076034447,Female,1,img_928.bmp,0.04833578670984551,2.11077360080809,1.2871145530177606
929,27.6120562907,Female,1,img_929.bmp,0.029687245121932115,2.0783370180320846,1.2256202961807114
930,30.3415274911,Male,1,img_930.bmp,0.035214686240173335,2.3949967381847554,1.1861703687666953
931,25.0647401013,Male,1,img_931.bmp,0.05320028043203427,2.218400724654572,1.1973797745188546
932,40.3466483012,Female,1,img_932.bmp,0.0395697510293902,2.1042606055270214,1.142964028066508
933,24.3693755739,Female,1,img_933.bmp,0.04200447531880041,1.847457627118644,1.158526028026172
934,30.1792929293,Female,1,img_934.bmp,0.07089536551189711,2.201049088984584,1.2445765952115901
935,23.4010560147,Female,1,img_935.bmp,0.0721223994664923,2.3100009768535017,1.2887971723941531
936,28.3627322199,Male,1,img_936.bmp,0.012368257857978694,2.71017485832461,1.1226077202560791
937,22.4263464065,Male,1,img_937.bmp,0.01469121922440311,2.1245192311555297,1.1528712300164021
938,33.6351351351,Male,1,img_938.bmp,0.020550588245102402,2.0216198669165255,1.1924376410619244
939,22.8513513514,Male,1,img_939.bmp,0.01993575425683702,1.916507549612758,1.3070387498677574
940,25.0647401013,Male,1,img_940.bmp,0.07506230570935322,1.934746299452009,1.1764078520144796
941,21.7667479827,Male,1,img_941.bmp,0.0,0.0,0.0
942,31.0545910494,Male,1,img_942.bmp,0.0,0.0,0.0
943,26.9863040123,Male,1,img_943.bmp,0.025885529219129226,2.877631029001134,1.147549961889538
944,36.9145137576,Female,1,img_944.bmp,0.045888472959801495,2.408099735852297,1.2733792444204346
945,28.0550304558,Female,1,img_945.bmp,0.04676158434032531,2.1457939505677106,1.1944457175422907
946,41.6569391847,Female,1,img_946.bmp,0.04447454794324965,1.962119907119473,1.219423333198385
947,34.9229226999,Female,1,img_947.bmp,0.02322241338481148,2.5331090122428854,1.1658758735832664
948,45.5122912366,Male,1,img_948.bmp,0.024190195657198977,2.2382025292179777,1.1802811460897902
949,29.0223306436,Male,1,img_949.bmp,0.07550817303327974,2.1613236215232354,1.1896322597739226
950,35.723877551,Male,1,img_950.bmp,0.05994235327977531,2.1935983119879094,1.1779242581871676
951,26.8287755102,Male,1,img_951.bmp,0.07552119678990693,2.5396267721875656,1.2225736466827877
952,27.6325683594,Female,1,img_952.bmp,0.01654369455547294,2.9209799416156645,1.2470748536929184
953,21.96875,Female,1,img_953.bmp,0.024756372516105105,2.6939455092627225,1.190485349871671
954,34.006987369,Female,1,img_954.bmp,0.015898792607432908,2.3803920000263004,1.2628370102242086
955,27.3945176028,Female,1,img_955.bmp,0.021600878931248155,2.218040605172043,1.3051260500821766
956,59.6144,Male,1,img_956.bmp,0.011761000058351772,2.3311496762462465,1.2107848694132248
957,38.7431111111,Male,1,img_957.bmp,0.013088129923588425,2.3778244275320306,1.211713831342251
958,29.1560570988,Male,1,img_958.bmp,0.019578014596009368,1.9913530931530332,1.2323112015245707
959,25.0877700617,Male,1,img_959.bmp,0.021778513610199203,1.9379255804998177,1.2296473693954801
960,44.7040863177,Female,1,img_960.bmp,0.03855403322512243,2.1636180634096287,1.202859847325838
961,30.5020661157,Female,1,img_961.bmp,0.04820517641203478,2.1424804726103557,1.2047515997048222
962,25.0149219467,Male,1,img_962.bmp,0.019595992873746294,2.2195135814559577,1.1987289442947457
963,20.9802571166,Male,1,img_963.bmp,0.015941744204094513,2.3042020703507977,1.2345598126597523
964,32.7722674073,Male,1,img_964.bmp,0.012491479167179562,2.117760550036859,1.311777478430339
965,29.9831382662,Male,1,img_965.bmp,0.013395066152031228,1.9363054385227283,1.341287748141732
966,41.5346679688,Female,1,img_966.bmp,0.02936087827949629,2.1034859308358804,1.1819301006771075
967,36.2141113281,Female,1,img_967.bmp,0.0336340894279108,1.9088446368502308,1.3094371441645325
968,32.0789359862,Male,1,img_968.bmp,0.034883612858850874,2.563553369159087,1.1194337342721554
969,24.4772923875,Male,1,img_969.bmp,0.051847528596339364,2.358974358974359,1.1350242556363281
970,36.3101536911,Female,1,img_970.bmp,0.018817814059317317,2.7061903789747097,1.3071385404888205
971,30.9964726631,Female,1,img_971.bmp,0.015846286285917912,2.0445355553989772,1.2940560386071671
972,36.3101536911,Female,1,img_972.bmp,0.048445634199747574,2.0422715252964827,1.2471847637387257
973,24.4429327286,Female,1,img_973.bmp,0.015230245541981362,2.107520951813817,1.1476011169184805
974,40.2341311134,Female,1,img_974.bmp,0.0,0.0,0.0
975,33.650364204,Female,1,img_975.bmp,0.023361149070566783,2.5355083023355185,1.2080301515364378
976,33.2781065089,Female,1,img_976.bmp,0.021061648425080452,2.2459603317735137,1.2942653118396248
977,26.6224852071,Female,1,img_977.bmp,0.04057170277770507,2.369278493302785,1.143570603874917
978,28.2634693878,Male,1,img_978.bmp,0.02864932422648728,2.264143225370008,1.1619927275930684
979,25.3940816327,Male,1,img_979.bmp,0.03736997783052169,2.294415647510031,1.2072868622228778
980,33.2230623819,Male,1,img_980.bmp,0.03521411132947287,2.2307582211723873,1.2074423949610635
981,23.6252888049,Male,1,img_981.bmp,0.024868140239003758,2.531455773015446,1.1621701808034481
982,40.2341311134,Female,1,img_982.bmp,0.024092641136392645,1.9842007970939122,1.3981434313541172
983,27.4323621228,Female,1,img_983.bmp,0.049409886957042064,2.0960232984511293,1.2226259931681034
984,62.4091836735,Male,1,img_984.bmp,0.060100799232851825,2.5314428938848295,1.1567589869963133
985,38.0193877551,Male,1,img_985.bmp,0.06311157505526462,2.4188660109449356,1.180742039624771
986,37.3020408163,Male,1,img_986.bmp,0.015148088583262734,2.3653772170058156,1.2456095462733432
987,26.5418367347,Male,1,img_987.bmp,0.01531267043759934,2.401517079627809,1.2921548249566344
988,44.2806752331,Female,1,img_988.bmp,0.04017792834290864,1.9845599370013993,1.2245980559529681
989,35.4245401864,Female,1,img_989.bmp,0.052775804618707955,1.808604179192436,1.2311588599914165
990,32.4461538462,Female,1,img_990.bmp,0.03883915402715486,2.5666096418829056,1.1256104344461946
991,24.459408284,Female,1,img_991.bmp,0.045108372310105484,2.4128108195537035,1.1960485547991075
992,40.1714285714,Male,1,img_992.bmp,0.03108964121714312,2.11522213696297,1.1981834435329324
993,34.4326530612,Male,1,img_993.bmp,0.029019575984687792,2.2024837644575825,1.3016202784875428
994,34.698117539,Female,1,img_994.bmp,0.05009556347819372,2.141566401914511,1.2320851567105784
995,26.6287878788,Female,1,img_995.bmp,0.012300077977418564,2.3660967767986256,1.270993606617216
996,32.074985122,Male,1,img_996.bmp,0.015196025588650883,2.172222940267338,1.2790560652738965
997,26.4967268399,Male,1,img_997.bmp,0.02702843192196961,2.2840130050222953,1.238590257258046
998,40.8481445312,Female,1,img_998.bmp,0.033614006064539174,2.172714812204403,1.1653182063319356
999,33.9829101562,Female,1,img_999.bmp,0.019185438463953517,2.3478278970354705,1.2300958049181976
1000,42.2408267906,Male,1,img_1000.bmp,0.018336468481498017,2.05737890829445,1.1937772424952586
1001,36.045505528,Male,1,img_1001.bmp,0.04536264429604173,2.694997040772727,1.2072896258295445
1002,31.1667387543,Male,1,img_1002.bmp,0.0387972892060612,2.2850550343628737,1.2418216102942707
1003,23.5650951557,Male,1,img_1003.bmp,0.046840876895473664,2.626071210001739,1.1415003924490197
1004,43.22298953,Female,1,img_1004.bmp,0.03795482970189141,2.6216413169783883,1.2258315780375932
1005,29.1285364224,Female,1,img_1005.bmp,0.02538037631480929,1.9294954226965393,1.1879879458467264
1006,29.285855981,Male,1,img_1006.bmp,0.032868157000867475,2.5529445299880447,1.2377971462318174
1007,22.3130331283,Male,1,img_1007.bmp,0.02732766958363853,2.342406197000179,1.1319074187522156
1008,46.6275510204,Female,1,img_1008.bmp,0.017133982084525372,2.0155020154069883,1.1322692874370557
1009,37.3020408163,Female,1,img_1009.bmp,0.022592138572453294,2.3519124128961417,1.169614338921093
1010,56.277970679,Male,1,img_1010.bmp,0.036149623867847175,2.545519479691248,1.186470943923887
1011,29.5628858025,Male,1,img_1011.bmp,0.04054939019859951,2.1211803732290124,1.2066463393069866
1012,40.7631825859,Male,1,img_1012.bmp,0.03522662116792694,2.967304830849651,1.152920405143057
1013,26.252017264,Male,1,img_1013.bmp,0.04204577249489757,2.716879158288551,1.1766968108291043
1014,38.7327823691,Female,1,img_1014.bmp,0.021312591289304163,2.676517419745158,1.1765997459074031
1015,29.0495867769,Female,1,img_1015.bmp,0.016408036009843772,2.371269811210878,1.2337031367178468
1016,39.7450902599,Male,1,img_1016.bmp,0.029977781189564647,1.8041835568240334,1.2174877882823218
1017,29.9831382662,Male,1,img_1017.bmp,0.04772228411653106,2.512058533282005,1.213384868504927
1018,26.6388067724,Female,1,img_1018.bmp,0.030645432326308012,2.2335489365452017,1.131603281289061
1019,22.4823972051,Female,1,img_1019.bmp,0.04114425818070117,2.6461550884513088,1.265135001585981
1020,35.2584876543,Male,1,img_1020.bmp,0.05694098868290104,1.9008041403106102,1.199826581620688
1021,24.4097222222,Male,1,img_1021.bmp,0.022431462615637686,2.4685665911702004,1.156464588873761
1022,31.2444444444,Male,1,img_1022.bmp,0.02225408215596126,2.2737971657260294,1.1779581141695687
1023,26.2453333333,Male,1,img_1023.bmp,0.07269353259667576,1.938740724369887,1.2540911935298242
1024,40.8243243243,Male,1,img_1024.bmp,0.07968102413173372,2.0322046441909474,1.2190251696405832
1025,36.2027027027,Male,1,img_1025.bmp,0.023320381882714375,2.5293471523273756,1.3120026944158987
1026,34.1668319778,Female,1,img_1026.bmp,0.012462943502763198,2.3877894508390938,1.207722202143611
1027,29.8436818092,Female,1,img_1027.bmp,0.0,0.0,0.0
1028,41.8369371157,Male,1,img_1028.bmp,0.04368352338092536,2.32720787382331,1.344857604101134
1029,27.8912914104,Male,1,img_1029.bmp,0.03858310008647807,2.1408302155195598,1.1852369309522754
1030,28.2067901235,Male,1,img_1030.bmp,0.022018411730242528,2.6095088338721717,1.2653272136376439
1031,27.1219135802,Male,1,img_1031.bmp,0.02529782369129975,2.1462892109520517,1.2678646410697034
1032,40.2887110727,Female,1,img_1032.bmp,0.04237919724889679,2.444965871164937,1.164945875172073
1033,25.0854238754,Female,1,img_1033.bmp,0.04054146462638857,2.1654984557010972,1.2000017527242082
1034,28.0550304558,Male,1,img_1034.bmp,0.04642457939491255,2.644165101111284,1.1555029663691752
1035,25.8401596303,Male,1,img_1035.bmp,0.046284010661304525,2.3981867789414935,1.2110905546207982
1036,40.2341311134,Female,1,img_1036.bmp,0.02453662004449883,2.3617762311376347,1.2420203487140107
1037,34.7476586889,Female,1,img_1037.bmp,0.032075729922767936,2.412556575748469,1.1965257647790764
1038,45.1537629758,Male,1,img_1038.bmp,0.02793355053971547,2.5295785033681253,1.17449606210561
1039,25.3894896194,Male,1,img_1039.bmp,0.025929756368244183,2.5000365227427137,1.1488856755181176
1040,29.3723599633,Male,1,img_1040.bmp,0.02842326726503849,2.2852226396530937,1.2163100933336737
1041,27.4357208448,Male,1,img_1041.bmp,0.021620559750291514,2.7864202717886046,1.2162932421852657
1042,40.8951022706,Male,1,img_1042.bmp,0.02136780955672967,2.7178114033502,1.1669262091491757
1043,31.0011259148,Male,1,img_1043.bmp,0.04208448744634429,2.6831264706589093,1.2056788397354556
1044,29.0495867769,Female,1,img_1044.bmp,0.035081072291902965,2.4808858338399906,1.1757812460069001
1045,24.5307621671,Female,1,img_1045.bmp,0.01912691251502191,1.7814081651150224,1.2318045416789327
1046,38.3505256893,Male,1,img_1046.bmp,0.02724655581157571,2.3080527372693473,1.2336478236620771
1047,35.2824836342,Male,1,img_1047.bmp,0.026323173831752075,2.0562210376239154,1.2126516676638266
1048,52.1082754738,Male,1,img_1048.bmp,0.03017220795926778,2.523743458783328,1.1871535831526656
1049,41.6866203791,Male,1,img_1049.bmp,0.025900612146074607,2.295545817902552,1.2115178363422752
1050,32.6324301617,Male,1,img_1050.bmp,0.0,0.0,0.0
1051,25.1018693552,Male,1,img_1051.bmp,0.0,0.0,0.0
1052,29.267755102,Female,1,img_1052.bmp,0.0,0.0,0.0
1053,22.9551020408,Female,1,img_1053.bmp,0.031837834704297026,2.1400693697206394,1.2352431450839476
1054,36.8021831143,Female,1,img_1054.bmp,0.046166996939767946,2.560832579745048,1.2366083093329594
1055,26.6228558699,Female,1,img_1055.bmp,0.03195493294650578,1.971114942779101,1.290142562971163
1056,33.0511803214,Male,1,img_1056.bmp,0.021546616979971435,2.316582379537374,1.1924913243731432
1057,31.5171592938,Male,1,img_1057.bmp,0.02431980681487956,2.0396783048382274,1.2534321020056058
1058,35.5405555556,Female,1,img_1058.bmp,0.0187635128982945,2.0711613450948243,1.278783230939735
1059,32.8066666667,Female,1,img_1059.bmp,0.04352907823150789,2.749383936250208,1.2094971702883635
1060,30.7024489796,Male,1,img_1060.bmp,0.05550475604612949,2.304677517905371,1.1070657632628937
1061,24.9636734694,Male,1,img_1061.bmp,0.049328980267899544,2.602631509274283,1.2262129170366605
1062,47.2416,Male,1,img_1062.bmp,0.05194757280838034,2.0850998799659366,1.214866544348169
1063,39.2430222222,Male,1,img_1063.bmp,0.014771910277402447,1.9964704418305632,1.2617404400611252
1064,29.9831382662,Male,1,img_1064.bmp,0.01582106836337389,1.8887657282144041,1.2884446274857144
1065,24.2654235271,Male,1,img_1065.bmp,0.0,0.0,0.0
1066,41.19140625,Female,1,img_1066.bmp,0.029126876956003033,2.1177002385060626,1.155526395714286
1067,38.6169433594,Female,1,img_1067.bmp,0.03770275378296316,2.5235611184157647,1.2250021591545746
1068,63.9090909091,Female,1,img_1068.bmp,0.054462189160093176,2.5006172077615334,1.2290367044462296
1069,44.7040863177,Female,1,img_1069.bmp,0.021640799960384666,2.8780846131974616,1.2433715312406317
1070,32.0945945946,Male,1,img_1070.bmp,0.010119783735645664,2.421329450689323,1.2640228493636834
1071,23.1081081081,Male,1,img_1071.bmp,0.01115483775324496,2.195915042791417,1.2710110578190432
1072,30.6804205515,Male,1,img_1072.bmp,0.0141382925793372,2.089132781208818,1.2762505913641875
1073,27.8912914104,Male,1,img_1073.bmp,0.016162808896748315,1.9056212595626771,1.2123590448366683
1074,44.1809210526,Male,1,img_1074.bmp,0.03988432394990256,2.3148485319421654,1.2596422446523878
1075,29.8190789474,Male,1,img_1075.bmp,0.048899706268388424,2.0743715734082904,1.2309609623181688
1076,36.9756738988,Male,1,img_1076.bmp,0.06149673012171201,2.1865318622143555,1.1874803916258772
1077,26.5762656147,Male,1,img_1077.bmp,0.06203119863699353,2.3681172236051724,1.2343268111485206
1078,47.1248852158,Female,1,img_1078.bmp,0.04481148475949998,2.8817188063182924,1.1656583676225132
1079,31.6317722681,Female,1,img_1079.bmp,0.03354681449125734,2.3749608751050957,1.1959216160658592
1080,37.1189164371,Female,1,img_1080.bmp,0.027702675652227914,2.4613013288323122,1.2207633925601626
1081,30.6634527089,Female,1,img_1081.bmp,0.035913593808550255,2.421377529417144,1.197830105939051
1082,33.084251607,Female,1,img_1082.bmp,0.039124526162220286,1.8887276736472816,1.2385514458888829
1083,26.790174472,Female,1,img_1083.bmp,0.012150785309711185,2.2008212901323807,1.1982394622529542
1084,38.9473684211,Male,1,img_1084.bmp,0.012433568770199058,2.0281783135873153,1.17867650284408
1085,32.8618421053,Male,1,img_1085.bmp,0.03509341940266837,2.1272473638837255,1.291211304971709
1086,38.1182222222,Male,1,img_1086.bmp,0.029959478944218184,2.4172854302222206,1.2997023521033573
1087,27.4951111111,Male,1,img_1087.bmp,0.017899283218892777,2.3796733830958257,1.1964958822951477
1088,42.9611111111,Female,1,img_1088.bmp,0.02496267674797391,2.1024001221561743,1.2716303162597733
1089,31.2444444444,Female,1,img_1089.bmp,0.029576279817661484,2.9141760398240693,1.230648070653667
1090,42.8738975418,Male,1,img_1090.bmp,0.025681593418255558,2.52242274407511,1.246349802734774
1091,36.2779133046,Male,1,img_1091.bmp,0.055740787655094916,2.2326792602803702,1.214866544348169
1092,48.860770773,Female,1,img_1092.bmp,0.02429070362796392,2.8495745378747888,1.244290099689672
1093,30.0681666295,Female,1,img_1093.bmp,0.02448530207039475,2.551877521061296,1.2134367129609498
1094,32.1884030775,Male,1,img_1094.bmp,0.08489992561960827,2.487888879766722,1.1504474832710556
1095,28.8904109589,Male,1,img_1095.bmp,0.09325790792761077,2.165176094339853,1.3354335585559873
1096,39.3267746914,Male,1,img_1096.bmp,0.011102914145133546,2.2694709063889427,1.1598061758104254
1097,33.2243441358,Male,1,img_1097.bmp,0.010445361807455422,2.47266220002605,1.1954329455857098
1098,24.4429327286,Female,1,img_1098.bmp,0.019457653264712223,2.429347508184537,1.1803963805005369
1099,22.3174603175,Female,1,img_1099.bmp,0.01989219654024187,2.2984869512713844,1.1514916561612998
1100,37.1013513514,Male,1,img_1100.bmp,0.03223078644915437,2.512634418354573,1.1140226090008414
1101,25.5472972973,Male,1,img_1101.bmp,0.0159743787046748,2.3797996022375436,1.1432313189934582
1102,36.0140739351,Male,1,img_1102.bmp,0.05128243639510945,2.0890550359902504,1.2306448808330437
1103,25.0647401013,Male,1,img_1103.bmp,0.04350404669447173,2.335025841187276,1.143077958380316
1104,34.4054054054,Male,1,img_1104.bmp,0.05359356972965262,2.2032603810925453,1.2140994655873898
1105,28.3716216216,Male,1,img_1105.bmp,0.011932166692558333,2.5718786511475584,1.2196122491077734
1106,41.5346679688,Female,1,img_1106.bmp,0.010552838373541052,2.4163084562281503,1.2086392450369732
1107,35.0126953125,Female,1,img_1107.bmp,0.019458812238103976,2.4430363067173366,1.20569398263946
1108,40.6177777778,Male,1,img_1108.bmp,0.016179447937920897,2.1024145489306925,1.341085886671297
1109,23.7457777778,Male,1,img_1109.bmp,0.05410995200738517,2.8345675941371287,1.2245441429019364
1110,24.1385030864,Male,1,img_1110.bmp,0.04699001849081428,2.4379583461896166,1.263480558312006
1111,23.7316743827,Male,1,img_1111.bmp,0.04224102398425749,2.537804058276022,1.2415141671068561
1112,40.7212854592,Male,1,img_1112.bmp,0.04631631859446813,2.47955369542533,1.2029435442828176
1113,28.1702043245,Male,1,img_1113.bmp,0.030612663260867215,2.186159749729744,1.2722180443919338
1114,37.2719982179,Female,1,img_1114.bmp,0.0264542605726043,2.4481124642133505,1.1848205848582756
1115,32.573847182,Female,1,img_1115.bmp,0.02813204118446614,2.3641915551413573,1.2221034108885398
1116,47.5494276795,Female,1,img_1116.bmp,0.014266240173724022,2.4144258882797374,1.2032740036288045
1117,41.1485431842,Female,1,img_1117.bmp,0.018190231312217385,2.0848062039441917,1.3015204480043983
1118,44.2090835797,Female,1,img_1118.bmp,0.02380977821990538,2.2149888571714684,1.2270354615595302
1119,40.8083848428,Female,1,img_1119.bmp,0.013625273829474371,2.183281268025294,1.348592562047352
1120,31.6317722681,Female,1,img_1120.bmp,0.04875572539484611,2.21655229787599,1.3472591792737354
1121,27.1129476584,Female,1,img_1121.bmp,0.04959612828340574,2.0217995971685996,1.2715439569023024
1122,56.5269387755,Male,1,img_1122.bmp,0.023765654552840715,2.423557966707848,1.2407758700341442
1123,37.0151020408,Male,1,img_1123.bmp,0.027068250341272998,2.183471794626577,1.2600971653075597
1124,78.9081632653,Male,1,img_1124.bmp,0.027888122118813783,2.190263531007197,1.1864009313091932
1125,48.2057142857,Male,1,img_1125.bmp,0.011810185741041382,2.37446096918068,1.1146785964351116
1126,24.4097222222,Male,1,img_1126.bmp,0.010391504389489417,2.178655510522834,1.2976386092618475
1127,21.0194830247,Male,1,img_1127.bmp,0.06692799582199511,2.688175452397523,1.2407859015880527
1128,40.8243243243,Male,1,img_1128.bmp,0.05779916077437899,1.7854040327952985,1.220951336663136
1129,33.1216216216,Male,1,img_1129.bmp,0.014246279426016232,2.2811814907794896,1.2306854133763243
1130,24.2079889807,Female,1,img_1130.bmp,0.014038311877879454,2.2386754302325307,1.1847966809273638
1131,20.9802571166,Female,1,img_1131.bmp,0.01420135456123664,2.246137693864839,1.1823569064707637
1132,41.5346679688,Female,1,img_1132.bmp,0.013643845472397614,1.8026462014465492,1.2559741526304753
1133,34.6694335938,Female,1,img_1133.bmp,0.03770112850581634,2.317093670295415,1.2345295609923348
1134,42.2408267906,Male,1,img_1134.bmp,0.04123927184907854,1.8957384387168246,1.2632423152351488
1135,33.7926614325,Male,1,img_1135.bmp,0.028008356312606113,2.4590039665714682,1.3357776675898858
1136,31.0011259148,Male,1,img_1136.bmp,0.01669497016454437,2.5143225162411995,1.2649174763263444
1137,24.1413023081,Male,1,img_1137.bmp,0.019352592143893663,2.3121555631955846,1.1805570320256213
1138,34.7476586889,Female,1,img_1138.bmp,0.017249354061437672,2.2372731175702607,1.166748920539823
1139,30.1755983351,Female,1,img_1139.bmp,0.01594396357140637,2.258701623989934,1.142322097378277
1140,46.0206308272,Male,1,img_1140.bmp,0.0464577357069036,2.697093660676959,1.173006136482847
1141,27.0545526681,Male,1,img_1141.bmp,0.04002952070846104,2.175396776605604,1.2830988915966914
1142,31.7960722079,Male,1,img_1142.bmp,0.024166621957804172,2.619242101171512,1.1420158731650285
1143,28.3096607816,Male,1,img_1143.bmp,0.015912298661259983,2.2266504207503752,1.3055879175687028
1144,38.0082179931,Female,1,img_1144.bmp,0.0626614910116848,2.974084340595374,1.1921781510674254
1145,29.7984429066,Female,1,img_1145.bmp,0.0,0.0,0.0
1146,31.7067346939,Male,1,img_1146.bmp,0.033512187363521614,2.089605543030129,1.2809908785029929
1147,29.6981632653,Male,1,img_1147.bmp,0.020885045561873858,2.2681408570773804,1.1202658419696714
1148,38.1020507812,Female,1,img_1148.bmp,0.022923818423569442,2.041066659634706,1.1611394918371465
1149,30.0354003906,Female,1,img_1149.bmp,0.04522760154290517,2.859163480303251,1.1605953512586569
1150,28.7716962525,Male,1,img_1150.bmp,0.03611098851513036,2.291854317487042,1.1568439556583208
1151,23.6875410914,Male,1,img_1151.bmp,0.07947936729720878,2.1404323521156545,1.2412025485364597
1152,29.0382785467,Male,1,img_1152.bmp,0.07767668136850224,2.103730902437192,1.2199199638143294
1153,25.8455882353,Male,1,img_1153.bmp,0.04285483297499804,2.30837120170093,1.1307196694823862
1154,41.3191836735,Male,1,img_1154.bmp,0.059341070398201,2.451162320473998,1.2110540224385375
1155,34.576122449,Male,1,img_1155.bmp,0.030817983964536607,2.3113844723822345,1.1812970669530574
1156,40.4423725451,Male,1,img_1156.bmp,0.03934808807203598,2.481125182949439,1.1550329173313074
1157,27.8912914104,Male,1,img_1157.bmp,0.04160344073155609,2.084650468381405,1.204437834877455
1158,44.1930943892,Male,1,img_1158.bmp,0.017010549990645312,2.857502522323145,1.2942994280814535
1159,39.5759054232,Male,1,img_1159.bmp,0.015215634192628863,2.2531155972319827,1.2653284012799446
1160,56.24,Male,1,img_1160.bmp,0.02186086304629886,2.074462315357945,1.251142820166739
1161,32.4942222222,Male,1,img_1161.bmp,0.02086586326152763,2.161022602441259,1.1863625421995287
1162,37.7644628099,Female,1,img_1162.bmp,0.030059645057755487,2.3203894726169803,1.2765551433553697
1163,32.1159320478,Female,1,img_1163.bmp,0.027341067063871384,2.171314519265469,1.2237581503477308
1164,28.404040404,Female,1,img_1164.bmp,0.020736430623947005,2.1253504911666266,1.2281829937856639
1165,23.8852157943,Female,1,img_1165.bmp,0.025504554142180346,2.6575342465753424,1.159164775822675
1166,26.7577854671,Male,1,img_1166.bmp,0.027792740084219843,2.1172526114494827,1.1850487754747394
1167,25.9976211073,Male,1,img_1167.bmp,0.05633058558127489,2.433283561489059,1.196842693269434
1168,28.2863905325,Female,1,img_1168.bmp,0.05855619386960839,2.0239352539074744,1.202480821434651
1169,19.9668639053,Female,1,img_1169.bmp,0.04738265003023567,3.125719834106665,1.169682883369128
1170,33.4695496925,Male,1,img_1170.bmp,0.04955583007596263,2.658447386244619,1.198037611115385
1171,26.4967268399,Male,1,img_1171.bmp,0.031082144229859745,2.538405272264448,1.1663132967766854
1172,52.7554065744,Female,1,img_1172.bmp,0.016941704339935144,1.9147305015069394,1.2480353989220923
1173,44.3935986159,Female,1,img_1173.bmp,0.02498569639728182,2.3500882313535976,1.1751036905118004
1174,40.6177777778,Male,1,img_1174.bmp,0.0214687003619376,2.0094480299287594,1.2611956429103897
1175,30.1196444444,Male,1,img_1175.bmp,0.058331255098000544,2.4290922988662023,1.197928516899432
1176,47.8231292517,Female,1,img_1176.bmp,0.03139305379273924,2.2497830175027502,1.2534060151167774
1177,34.5389266818,Female,1,img_1177.bmp,0.056080544505128414,2.4596079551250716,1.2296917025837504
1178,39.1512586322,Female,1,img_1178.bmp,0.05644611890350301,2.545635059580867,1.1698795269411977
1179,32.2606371129,Female,1,img_1179.bmp,0.02408131555149736,2.5577843775000884,1.1859077002520357
1180,47.4671052632,Male,1,img_1180.bmp,0.015937806848273593,2.193304042080787,1.2261726037786398
1181,41.3815789474,Male,1,img_1181.bmp,0.042845294471294586,2.5831933755948455,1.2355229070853297
1182,44.9456449098,Female,1,img_1182.bmp,0.046631395282845135,2.3024767868849927,1.2249003254597906
1183,36.8021831143,Female,1,img_1183.bmp,0.014621776693885823,2.292022717474678,1.2180375707002644
1184,32.8480015012,Female,1,img_1184.bmp,0.015168230449141304,2.272196304619829,1.1913812234901153
1185,24.6689810471,Female,1,img_1185.bmp,0.0336046622347626,2.078354640346474,1.2246822165829334
1186,32.2806122449,Male,1,img_1186.bmp,0.023826580892275077,2.4161267352300895,1.1987062651975733
1187,21.5204081633,Male,1,img_1187.bmp,0.01722358942275409,1.9061949937822282,1.2445944765098809
1188,23.7747138398,Female,1,img_1188.bmp,0.040219021715344985,2.3605960673320303,1.1593866693938684
1189,20.1170655567,Female,1,img_1189.bmp,0.0337204700945682,2.114439393098179,1.1626237949456582
1190,28.3391561408,Female,1,img_1190.bmp,0.012745994896701102,2.559254556881806,1.2438120000873438
1191,21.1599032518,Female,1,img_1191.bmp,0.016946692829931262,2.369857729543654,1.2195231011099485
1192,40.024003174,Male,1,img_1192.bmp,0.02337130119864737,2.8899011028544694,1.1918520694786916
1193,29.8436818092,Male,1,img_1193.bmp,0.03740748689693629,2.515848019249542,1.2016324617097887
1194,38.616349481,Female,1,img_1194.bmp,0.019909563168297183,2.3317904259367377,1.118970728266017
1195,30.7106401384,Female,1,img_1195.bmp,0.02082634260182447,2.434905978325995,1.1866426464745259
1196,28.4780092593,Male,1,img_1196.bmp,0.025541883628997824,1.998068113179191,1.2071621662041672
1197,26.4438657407,Male,1,img_1197.bmp,0.010477477259582334,2.3764002505120754,1.150067885318573
1198,25.1071428571,Male,1,img_1198.bmp,0.011943080640279791,2.2180183763345926,1.1922007341489886
1199,22.237755102,Male,1,img_1199.bmp,0.013688122893919194,2.573290128087755,1.1802472881786799
1200,45.1389160156,Female,1,img_1200.bmp,0.013143110572374597,2.3778698538584497,1.2837280960699153
1201,41.7062988281,Female,1,img_1201.bmp,0.02538277285937149,2.4040805725751846,1.174339217176529
1202,31.3777028367,Male,1,img_1202.bmp,0.025774682460504867,2.1978532386175798,1.2176470069673897
1203,24.4048799841,Male,1,img_1203.bmp,0.03826007282979445,2.35917031504509,1.1578173395740512
1204,42.3752777778,Female,1,img_1204.bmp,0.04325516818525794,2.371838522650328,1.1484630312011908
1205,22.8475,Female,1,img_1205.bmp,0.010401399995830712,2.29508118680811,1.206586888394279
1206,32.9932432432,Male,1,img_1206.bmp,0.01035627541475014,1.9822447689960878,1.205546951279015
1207,26.5743243243,Male,1,img_1207.bmp,0.02524434226897175,1.8728418466817647,1.1871436026226427
1208,33.891184573,Female,1,img_1208.bmp,0.012082867966552177,2.1420853889100417,1.3022493270423108
1209,21.7871900826,Female,1,img_1209.bmp,0.0,0.0,0.0
1210,40.3466483012,Female,1,img_1210.bmp,0.0,0.0,0.0
1211,23.8852157943,Female,1,img_1211.bmp,0.04852989060484612,2.4064260620284985,1.1344788122132163
1212,40.1001183432,Female,1,img_1212.bmp,0.028827896389764657,2.0776256404575855,1.1905364680181811
1213,35.6075739645,Female,1,img_1213.bmp,0.030621592467104965,2.089919686996031,1.3102063027708453
1214,30.5409640944,Male,1,img_1214.bmp,0.025695953033530682,2.0537844037936517,1.214013334266034
1215,28.1702043245,Male,1,img_1215.bmp,0.06473274400091218,2.5547843503754044,1.176870198704624
1216,29.1903114187,Female,1,img_1216.bmp,0.0,0.0,0.0
1217,22.9569636678,Female,1,img_1217.bmp,0.021033195539576832,2.065342989361387,1.2307210588372528
1218,30.4065743945,Female,1,img_1218.bmp,0.05478240979333033,2.3948265092758376,1.268847964751236
1219,25.8455882353,Female,1,img_1219.bmp,0.0,0.0,0.0
1220,49.3305858766,Female,1,img_1220.bmp,0.0,0.0,0.0
1221,37.2719982179,Female,1,img_1221.bmp,0.0,0.0,0.0
1222,27.7518349534,Male,1,img_1222.bmp,0.033023518978417064,2.259164406176229,1.1847337295710634
1223,23.5681412418,Male,1,img_1223.bmp,0.028833167725215006,2.2339495689612296,1.1883331854917563
1224,30.5121527778,Male,1,img_1224.bmp,0.05056735149557548,2.3629602623966566,1.225169172416406
1225,24.8165509259,Male,1,img_1225.bmp,0.04927978907576008,2.3258440536282206,1.228033297256198
1226,35.8201840894,Male,1,img_1226.bmp,0.05697757387080337,2.588402401022565,1.2749092101905732
1227,25.4207758054,Male,1,img_1227.bmp,0.06902158110747482,2.4984071358688738,1.227881227029841
1228,28.3190917969,Female,1,img_1228.bmp,0.02240381816678256,1.9803263167045269,1.3587918491338404
1229,25.5729980469,Female,1,img_1229.bmp,0.08461133289001635,2.5925034966544,1.2124150666001037
1230,44.5888534434,Male,1,img_1230.bmp,0.07729366124292264,2.4192149875671167,1.220233825229941
1231,34.8267967724,Male,1,img_1231.bmp,0.014382496474591154,2.318141013046902,1.135778360528947
1232,32.2806122449,Male,1,img_1232.bmp,0.014742436448545533,2.000126487546374,1.1846802313107756
1233,24.8202040816,Male,1,img_1233.bmp,0.06672234071117049,2.5612496949731396,1.1967933867131577
1234,33.9023919753,Male,1,img_1234.bmp,0.057761181899028444,2.3350766333415027,1.3099955450594898
1235,23.7316743827,Male,1,img_1235.bmp,0.022288825709188324,2.2471578659387124,1.210758760933863
1236,24.36357908,Male,1,img_1236.bmp,0.02563073759211958,2.1731738620492718,1.219553051191317
1237,21.4104179794,Male,1,img_1237.bmp,0.08446727381174991,2.3877894508390938,1.149644862363058
1238,28.2067901235,Male,1,img_1238.bmp,0.07990833857910724,2.360848165578148,1.2041526036603283
1239,26.4438657407,Male,1,img_1239.bmp,0.01986259677566433,2.1284123950228473,1.2075535442756333
1240,41.8369371157,Male,1,img_1240.bmp,0.02935281853128323,2.591615681089639,1.130187670868151
1241,25.1021622694,Male,1,img_1241.bmp,0.027418061328008957,2.243626373327358,1.2145656793723325
1242,38.9163069994,Male,1,img_1242.bmp,0.015014136769983446,1.8808925043472526,1.2183089197594124
1243,31.6607243385,Male,1,img_1243.bmp,0.017262620262471145,1.8137327033751622,1.2449800639074118
1244,32.9448223734,Female,1,img_1244.bmp,0.05113276896245423,2.7096564850821983,1.1823674772468291
1245,30.8193499622,Female,1,img_1245.bmp,0.05302796653154195,2.2755249375499313,1.2232701630043752
1246,28.1889062152,Female,1,img_1246.bmp,0.0353923185986014,2.5825832095746533,1.2141333542543964
1247,24.273780352,Female,1,img_1247.bmp,0.0404474389164016,2.317961433130295,1.127286990887877
1248,42.4781384875,Male,1,img_1248.bmp,0.025955670131031193,2.532553650617226,1.2323256356782368
1249,34.9587164571,Male,1,img_1249.bmp,0.026785264125161655,2.4603557319520792,1.1995274262434863
1250,36.1542857143,Female,1,img_1250.bmp,0.017519469475966297,2.101739206540072,1.3369923852185155
1251,31.1328571429,Female,1,img_1251.bmp,0.022887616955307655,2.476975108918176,1.2624957142164883
1252,33.4680175781,Female,1,img_1252.bmp,0.024570557242084567,2.3645196352635987,1.3433436049270249
1253,24.8864746094,Female,1,img_1253.bmp,0.024079677970115176,2.395427115566209,1.255768262372949
1254,32.0945945946,Male,1,img_1254.bmp,0.04485430922110037,2.1376533571840874,1.2378273283642436
1255,21.8243243243,Male,1,img_1255.bmp,0.05809881551332924,2.4751121706926194,1.2063758027612146
1256,34.4531075963,Female,1,img_1256.bmp,0.04465930855569021,2.1962661281503153,1.2024908161378727
1257,26.6228558699,Female,1,img_1257.bmp,0.02019416790141677,2.3490301147065824,1.164838976809179
1258,61.9587402344,Female,1,img_1258.bmp,0.020828390203415103,2.5192023575292257,1.1382882522876359
1259,46.5119628906,Female,1,img_1259.bmp,0.024119434223688185,2.354119865656875,1.1438861956885147
1260,33.6395196097,Male,1,img_1260.bmp,0.026421628512592145,2.292684653168096,1.1343942071335193
1261,25.0647401013,Male,1,img_1261.bmp,0.018484161029442496,2.1750499993899846,1.3733035947492815
1262,39.1671428571,Male,1,img_1262.bmp,0.07790796267114289,2.1792973340107875,1.133938656242957
1263,31.9936734694,Male,1,img_1263.bmp,0.07219692618239058,2.060507135433511,1.2294972945472293
1264,26.3983673469,Male,1,img_1264.bmp,0.0831207079721946,2.3603389587091086,1.2020038593982545
1265,24.5332653061,Male,1,img_1265.bmp,0.08288485554695231,2.156044853838784,1.1919203653362798
1266,38.9204152249,Male,1,img_1266.bmp,0.040359158165251784,2.4701912344633095,1.1667034091803887
1267,26.6057525952,Male,1,img_1267.bmp,0.047122106641561634,2.3620854586355873,1.2905582282642425
1268,35.896264445,Female,1,img_1268.bmp,0.0094289320261807,2.4547802739510614,1.1404243182178595
1269,24.5606019887,Female,1,img_1269.bmp,0.010326084352639634,2.36917395816366,1.2663562145010574
1270,52.4130177515,Female,1,img_1270.bmp,0.0404352717692431,2.008807843807302,1.178447368850238
1271,39.9337278107,Female,1,img_1271.bmp,0.028120903140661853,1.9059520091609048,1.354025045220329
1272,39.9342838049,Female,1,img_1272.bmp,0.0,0.0,0.0
1273,32.1040320784,Female,1,img_1273.bmp,0.049726300124364166,2.4560493109507764,1.182609521258156
1274,29.9831382662,Male,1,img_1274.bmp,0.04877606333953871,2.2326792602803702,1.214866544348169
1275,26.0783574688,Male,1,img_1275.bmp,0.055708300553911946,2.4594594594594597,1.2133333333333334
1276,29.950295858,Female,1,img_1276.bmp,0.06077846890269792,2.4536062206960865,1.173509637299693
1277,20.798816568,Female,1,img_1277.bmp,0.02386269401335875,2.512981209789668,1.2023862252958235
1278,39.6805795848,Male,1,img_1278.bmp,0.04234478711263432,2.0823100935428656,1.221484232828292
1279,30.2545415225,Male,1,img_1279.bmp,0.018155087639862285,2.2238319769748527,1.160249407136223
1280,48.8194444444,Male,1,img_1280.bmp,0.020243971536124727,2.1809523809523808,1.1927083333333333
1281,38.0791666667,Male,1,img_1281.bmp,0.04072164362385652,2.5023283275428763,1.137587888920447
1282,39.5397153352,Female,1,img_1282.bmp,0.04612618978597564,2.066935466390333,1.204288964756373
1283,28.7268135904,Female,1,img_1283.bmp,0.0581122642875003,2.1901990280609036,1.2438528093471328
1284,36.3101536911,Female,1,img_1284.bmp,0.044705318161265294,2.3995104798566222,1.1850765600442807
1285,24.2658100277,Female,1,img_1285.bmp,0.0,0.0,0.0
1286,31.7067346939,Male,1,img_1286.bmp,0.0,0.0,0.0
1287,25.2506122449,Male,1,img_1287.bmp,0.017990026153199733,2.416739212155849,1.2305469372488946
1288,29.6464100346,Male,1,img_1288.bmp,0.018138163902033416,1.893463083041098,1.175224332615918
1289,26.3016868512,Male,1,img_1289.bmp,0.033523611741239794,2.0735654418835816,1.2862746497925601
1290,36.4878892734,Male,1,img_1290.bmp,0.03409314692022019,1.8180285080235978,1.2492035679344369
1291,25.8455882353,Male,1,img_1291.bmp,0.0690254026433804,2.3662772596492982,1.180441706714406
1292,53.8951900861,Male,1,img_1292.bmp,0.06751166063017913,2.200771034989838,1.2427160991114974
1293,46.5122873346,Male,1,img_1293.bmp,0.02563988004065861,2.8192998104668225,1.2717208129014996
1294,36.2779133046,Male,1,img_1294.bmp,0.023314969332407037,2.254799157617461,1.2787520282986737
1295,24.4051416776,Male,1,img_1295.bmp,0.019676586582588817,2.11907547029886,1.2212757302337245
1296,45.1882460973,Female,1,img_1296.bmp,0.06544912795479414,2.8573293842662038,1.1407540475292273
1297,33.084251607,Female,1,img_1297.bmp,0.06091717001251907,2.3254532600495046,1.1852013005405508
1298,41.3529411765,Male,1,img_1298.bmp,0.07530600282720969,2.0312197464913995,1.327158407174621
1299,30.4065743945,Male,1,img_1299.bmp,0.0743048811534509,2.162253035466954,1.2412934092495476
1300,52.7521219136,Male,1,img_1300.bmp,0.020441514397988032,2.5733044977159047,1.1706751664553627
1301,45.1579861111,Male,1,img_1301.bmp,0.02101954739712426,2.5232365824375487,1.2234384271614136
1302,44.9891660368,Female,1,img_1302.bmp,0.02715431871580965,2.0693385808422367,1.1708985145854813
1303,28.1625094482,Female,1,img_1303.bmp,0.023112761507327165,2.050275960488429,1.16852250800577
1304,38.9669942051,Female,1,img_1304.bmp,0.02191577549268201,2.342338195767266,1.185375695029444
1305,21.2547241119,Female,1,img_1305.bmp,0.03521020062505669,2.457332625042374,1.1788898230476499
1306,36.6059171598,Male,1,img_1306.bmp,0.02179866321967152,2.337112971248604,1.261988576595674
1307,29.950295858,Male,1,img_1307.bmp,0.02710057528467392,2.376203980277982,1.2701923726009947
1308,40.992194674,Female,1,img_1308.bmp,0.03645505162402222,2.1070545553171063,1.2390702364117303
1309,23.0782828283,Female,1,img_1309.bmp,0.041917980646840096,2.325282792068845,1.1827502627537534
1310,36.2779133046,Male,1,img_1310.bmp,0.037821872659677194,1.9477523927965654,1.1967495981141147
1311,27.0435353725,Male,1,img_1311.bmp,0.05000506321611807,2.374489891995965,1.17460995696596
1312,37.1189164371,Male,1,img_1312.bmp,0.04382229552151575,2.122919955481174,1.166246186501989
1313,26.6287878788,Male,1,img_1313.bmp,0.09000129044892644,2.4888211605558905,1.2265550044284073
1314,34.4326530612,Male,1,img_1314.bmp,0.0,0.0,0.0
1315,26.972244898,Male,1,img_1315.bmp,0.03475993053876836,2.1411789265864245,1.2177283759494053
1316,33.7153061224,Female,1,img_1316.bmp,0.02091612086900484,2.543646560633205,1.2015976501327745
1317,25.8244897959,Female,1,img_1317.bmp,0.0,0.0,0.0
1318,51.3513513514,Male,1,img_1318.bmp,0.013004564065685963,2.066155039839954,1.1734014225157996
1319,28.2432432432,Male,1,img_1319.bmp,0.014870168423306473,2.1644072684061593,1.2367008271060853
1320,22.8643350412,Male,1,img_1320.bmp,0.026713212456355714,2.1829608935889637,1.2013339731384713
1321,20.3586544888,Male,1,img_1321.bmp,0.029959512499553486,1.9271890773185605,1.2013682206273941
1322,47.4910865078,Male,1,img_1322.bmp,0.03294607149678403,2.3708788075091416,1.2050295476443926
1323,36.9375117283,Male,1,img_1323.bmp,0.04466075404613874,2.319880872177613,1.2890008800354853
1324,40.8481445312,Female,1,img_1324.bmp,0.06121671991598492,2.4493278626162773,1.2051116572145448
1325,31.580078125,Female,1,img_1325.bmp,0.03896090972181991,2.867080594176114,1.193344258131358
1326,29.5316110061,Male,1,img_1326.bmp,0.03784412787028605,2.495628319222165,1.2243464095545304
1327,26.5784499055,Male,1,img_1327.bmp,0.013439624802670353,2.9767528822721316,1.177147365189469
1328,40.3466483012,Female,1,img_1328.bmp,0.014652437469339852,2.6324217873851543,1.1630011941705083
1329,25.8218549128,Female,1,img_1329.bmp,0.04969224290560115,2.23606797749979,1.1155533912385494
1330,47.2947204277,Female,1,img_1330.bmp,0.052607548662342185,2.1458389803286795,1.1863151189523473
1331,33.6700824237,Female,1,img_1331.bmp,0.06514368208104607,2.172233197338981,1.2889536428415882
1332,40.7173089775,Male,1,img_1332.bmp,0.08877234140947653,2.1061027491100517,1.2552153643338373
1333,27.7190911116,Male,1,img_1333.bmp,0.08167424662559138,2.26764684689266,1.151553081089767
1334,37.3020408163,Male,1,img_1334.bmp,0.02831023794356882,2.4656742928809776,1.2493242718626387
1335,31.5632653061,Male,1,img_1335.bmp,0.03764994179157482,2.25,1.3152019227331504
1336,23.6724489796,Male,1,img_1336.bmp,0.08923412995683042,2.590176903889505,1.241251740120811
1337,21.5204081633,Male,1,img_1337.bmp,0.07970786969481293,2.416789944315682,1.2119452539403133
1338,30.6804205515,Male,1,img_1338.bmp,0.0149338031555973,2.568427169600427,1.208376831118061
1339,23.7075976989,Male,1,img_1339.bmp,0.01402816276450081,2.28780604749209,1.197528159865379
1340,43.5743801653,Male,1,img_1340.bmp,0.07400024478697875,2.5451799890126803,1.1579912276910551
1341,27.4357208448,Male,1,img_1341.bmp,0.05224570028677177,1.9719586765901975,1.2228888232316113
1342,36.8415217939,Female,1,img_1342.bmp,0.04204736113896846,2.2304459682167637,1.234147643926613
1343,30.9964726631,Female,1,img_1343.bmp,0.04548883097381794,2.146237825953954,1.168790092067531
1344,40.0540540541,Male,1,img_1344.bmp,0.0520801347980332,2.2436436106440145,1.1362943940498977
1345,27.6013513514,Male,1,img_1345.bmp,0.026009956205888172,2.2366871939545963,1.0822725782793297
1346,38.3681777778,Male,1,img_1346.bmp,0.027059989309459142,1.8924705438148302,1.14370903509507
1347,30.3696,Male,1,img_1347.bmp,0.028777089152275576,2.149868384995027,1.1844256212821327
1348,45.0565019396,Male,1,img_1348.bmp,0.0325117609605091,2.123132663705287,1.2390349743778943
1349,29.6424354866,Male,1,img_1349.bmp,0.0,0.0,0.0
1350,30.9964726631,Female,1,img_1350.bmp,0.021063891643655217,2.398510938099072,1.255676254345174
1351,23.9115646259,Female,1,img_1351.bmp,0.0,0.0,0.0
1352,30.6804205515,Male,1,img_1352.bmp,0.026016319883270824,2.3621470238093782,1.2919974717009903
1353,23.7075976989,Male,1,img_1353.bmp,0.0,0.0,0.0
1354,43.8917793965,Female,1,img_1354.bmp,0.03260090510762408,2.7764841999016645,1.2090036428019997
1355,32.9188345473,Female,1,img_1355.bmp,0.03318804949946774,2.1447911460123352,1.2820139589576194
1356,25.4375,Male,1,img_1356.bmp,0.016056255256556504,2.6892881060954594,1.173637629009181
1357,22.7598684211,Male,1,img_1357.bmp,0.022377794992262966,2.304578536440843,1.1778956964030975
1358,27.9765306122,Male,1,img_1358.bmp,0.0,0.0,0.0
1359,23.5289795918,Male,1,img_1359.bmp,0.09220591964766423,2.1288671803797703,1.1921836163728845
1360,58.2366863905,Female,1,img_1360.bmp,0.01958914803294883,2.203964654872204,1.1639038506097141
1361,34.6092307692,Female,1,img_1361.bmp,0.014786330848034815,2.159031810521538,1.3135044012450525
1362,35.236132769,Male,1,img_1362.bmp,0.05287278837112841,2.363515791475006,1.2742633592442392
1363,25.8398306973,Male,1,img_1363.bmp,0.01987441055623123,2.1030052328583464,1.2266381678708653
1364,35.5050505051,Female,1,img_1364.bmp,0.018148711700578107,2.0510137337055054,1.1988213199524596
1365,26.4674012856,Female,1,img_1365.bmp,0.08202584756116464,2.6280054182471204,1.2880349910690128
1366,38.3682334596,Male,1,img_1366.bmp,0.08729087704792136,2.15644115935675,1.2015537818266457
1367,28.9719313878,Male,1,img_1367.bmp,0.009261521055499777,1.9769970650673618,1.2967804019401117
1368,46.9634986226,Female,1,img_1368.bmp,0.011787901161589542,2.4755078791553085,1.211125386599388
1369,31.4703856749,Female,1,img_1369.bmp,0.015710033495006204,2.3975515755803705,1.2709954212611152
1370,37.5852082869,Male,1,img_1370.bmp,0.014828686843559088,2.6506304957208853,1.2498744397795247
1371,29.7549565605,Male,1,img_1371.bmp,0.01660281071206164,2.5043283207840346,1.2661283701125412
1372,32.277318641,Female,1,img_1372.bmp,0.03569695229918585,1.9674068351951035,1.3674280413257804
1373,25.8218549128,Female,1,img_1373.bmp,0.0,0.0,0.0
1374,43.0067567568,Male,1,img_1374.bmp,0.0,0.0,0.0
1375,28.6283783784,Male,1,img_1375.bmp,0.015890131501516858,2.0536616107724988,1.1569522603211149
1376,48.8097599683,Male,1,img_1376.bmp,0.0189563084651751,2.1692043469309175,1.1480163333587454
1377,41.6974806586,Male,1,img_1377.bmp,0.05019794087600169,2.7027296054287886,1.094138434243581
1378,25.6035379813,Female,1,img_1378.bmp,0.03101889739240066,2.3770011884536855,1.2603389459486993
1379,21.7630072841,Female,1,img_1379.bmp,0.049526440295880124,1.7224630564664427,1.3982450400502708
1380,25.1021622694,Male,1,img_1380.bmp,0.03581683456182846,2.2850428100429956,1.2021663368228468
1381,22.5919460425,Male,1,img_1381.bmp,0.009504933377389089,2.453959899284611,1.1772653625192602
1382,36.7961432507,Female,1,img_1382.bmp,0.0,0.0,0.0
1383,31.9545454545,Female,1,img_1383.bmp,0.017537151027859358,2.2764562444573677,1.1965876899074273
1384,32.0945945946,Male,1,img_1384.bmp,0.016922515475047813,2.0461722767082247,1.2836230790253547
1385,27.472972973,Male,1,img_1385.bmp,0.0682672433323443,2.741741559010629,1.174440439029407
1386,37.2348740329,Male,1,img_1386.bmp,0.0,0.0,0.0
1387,27.7518349534,Male,1,img_1387.bmp,0.026467887955150156,2.395107817511332,1.1889158955162547
1388,51.2482840237,Female,1,img_1388.bmp,0.028385140866094918,2.291508394583539,1.2044245790015997
1389,45.2582248521,Female,1,img_1389.bmp,0.034083279267594455,2.501651773129439,1.1910906278922235
1390,38.9669942051,Female,1,img_1390.bmp,0.037748324928529815,2.370469893666343,1.2707297503248502
1391,27.4540186445,Female,1,img_1391.bmp,0.035145203883513755,2.4556314946473226,1.206269014089333
1392,36.541752674,Male,1,img_1392.bmp,0.0520504064543419,2.744196101756935,1.1568553201802687
1393,33.7714392944,Male,1,img_1393.bmp,0.057423131111781475,2.4,1.1995105037528335
1394,31.9545454545,Female,1,img_1394.bmp,0.01451008765177081,2.544696211123713,1.188541180181108
1395,28.7268135904,Female,1,img_1395.bmp,0.014858762281436103,2.0109301716265,1.2821805862930336
1396,28.3503465658,Female,1,img_1396.bmp,0.012392817396588453,2.139252160570658,1.2169949429880504
1397,24.6588951901,Female,1,img_1397.bmp,0.013430964372984586,2.0297256120667813,1.2230359340901726
1398,32.4847721067,Male,1,img_1398.bmp,0.08049598413199527,2.2234564473783163,1.1768977838127779
1399,25.8401596303,Male,1,img_1399.bmp,0.0895288496881629,2.1756514788168353,1.2172332581447682
1400,33.7484626066,Male,1,img_1400.bmp,0.013140874435007291,2.2734418783368877,1.2034740837319726
1401,22.7314024995,Male,1,img_1401.bmp,0.014799584236435345,2.220608762365426,1.2440737898511467
1402,36.9756738988,Male,1,img_1402.bmp,0.037948604549987656,2.5599052748049953,1.1201778881879818
1403,21.9543063774,Male,1,img_1403.bmp,0.03431045201973655,2.3721116289599258,1.1927004368595218
1404,37.346875,Male,1,img_1404.bmp,0.0322399081690868,2.306518662832232,1.181428774697813
1405,24.71484375,Male,1,img_1405.bmp,0.06009747819038903,2.598293905954339,1.190337802294269
1406,55.9079973268,Female,1,img_1406.bmp,0.04086827508903502,2.1318253680184847,1.2685050967709006
1407,46.5116952551,Female,1,img_1407.bmp,0.011014495172755656,2.383737073300197,1.2236000832594198
1408,26.6228558699,Male,1,img_1408.bmp,0.02265284589404478,1.9887530420634123,1.3174326899495794
1409,24.9002004901,Male,1,img_1409.bmp,0.0,0.0,0.0
1410,50.0298438935,Male,1,img_1410.bmp,0.04182571991989784,2.019139192062567,1.228202134532983
1411,20.1733241506,Male,1,img_1411.bmp,0.04200660692909884,2.2774625771229275,1.2509822371705273
1412,25.9878176854,Female,1,img_1412.bmp,0.03959969410367183,2.164261016155473,1.2425282962654214
1413,22.1487082546,Female,1,img_1413.bmp,0.014638681155555777,1.8781924099563498,1.2603764385633411
1414,39.9342838049,Male,1,img_1414.bmp,0.015066570544260268,1.9235384061671346,1.3564325080099155
1415,32.8870572511,Male,1,img_1415.bmp,0.01966435744174468,2.553048235803412,1.2468464200894576
1416,40.1644736842,Male,1,img_1416.bmp,0.023538408181037748,2.145944448034001,1.2118093377348236
1417,29.4539473684,Male,1,img_1417.bmp,0.07580333759484076,2.316500910983683,1.2081390648431165
1418,39.3106122449,Male,1,img_1418.bmp,0.08341921776686609,1.965952225479104,1.2228319142819652
1419,32.5675510204,Male,1,img_1419.bmp,0.02141878357855294,2.6068389028008245,1.1819970662601669
1420,44.6240234375,Female,1,img_1420.bmp,0.03600926391277672,2.361827451666521,1.201051012102006
1421,32.4382324219,Female,1,img_1421.bmp,0.0836543370009929,2.4576129377547957,1.2232540067228488
1422,28.0550304558,Male,1,img_1422.bmp,0.0,0.0,0.0
1423,25.5448435203,Male,1,img_1423.bmp,0.05425717235239411,2.001272219798585,1.1822646505365915
1424,36.2779133046,Male,1,img_1424.bmp,0.012999490820530374,2.050355084818122,1.249842324921946
1425,27.0435353725,Male,1,img_1425.bmp,0.013276472981383739,1.870168276440911,1.2202775128344254
1426,36.8716326531,Male,1,img_1426.bmp,0.035411052752213845,2.403715073349201,1.244468171922382
1427,32.2806122449,Male,1,img_1427.bmp,0.0589894189345167,2.315353484767605,1.1854013964004915
1428,30.6158579882,Female,1,img_1428.bmp,0.0342303323607809,2.5271166519123667,1.2498989449854851
1429,27.4544378698,Female,1,img_1429.bmp,0.07275509939699867,2.189999443145046,1.2300735538917968
1430,31.5632653061,Male,1,img_1430.bmp,0.06283608377946814,2.1067429010132037,1.1597481363507982
1431,21.5204081633,Male,1,img_1431.bmp,0.06104388499952082,1.9017317216545375,1.1683069701369535
1432,37.5534188034,Male,1,img_1432.bmp,0.0,0.0,0.0
1433,22.8786982249,Male,1,img_1433.bmp,0.0839511716932104,2.4351707765113817,1.1665995229103532
1434,33.4472318339,Female,1,img_1434.bmp,0.08075322668831804,2.4271757226750115,1.167410477176825
1435,28.8862456747,Female,1,img_1435.bmp,0.07938777139160874,2.3343768051651708,1.2108978065768903
1436,36.2779133046,Male,1,img_1436.bmp,0.08072555835880035,2.1059905496003406,1.2720932584266336
1437,26.3839369488,Male,1,img_1437.bmp,0.08358349654362235,2.4774454280683167,1.1630127912446848
1438,31.6142011834,Female,1,img_1438.bmp,0.0,0.0,0.0
1439,25.6241420118,Female,1,img_1439.bmp,0.041394575924103665,2.294254025291674,1.1455918070849096
1440,31.0081915564,Male,1,img_1440.bmp,0.0,0.0,0.0
1441,25.1018693552,Male,1,img_1441.bmp,0.035711965098847914,2.860069929215018,1.2019366800040203
1442,44.925443787,Female,1,img_1442.bmp,0.04528608094339744,2.613060402480364,1.2488674114255505
1443,34.6092307692,Female,1,img_1443.bmp,0.03024909095503998,2.273198349352582,1.0910644006248926
1444,46.8076034447,Female,1,img_1444.bmp,0.05352053246251771,2.6214266188719724,1.199313909674306
1445,25.9878176854,Female,1,img_1445.bmp,0.0,0.0,0.0
1446,38.0082179931,Female,1,img_1446.bmp,0.0,0.0,0.0
1447,24.6293252595,Female,1,img_1447.bmp,0.06319922714779314,1.9746276095726665,1.2789230253629393
1448,41.8675555556,Male,1,img_1448.bmp,0.0701498784479599,2.961766166247668,1.1700689213451179
1449,24.7456,Male,1,img_1449.bmp,0.06319167054581654,2.470542814966143,1.2008878996325965
1450,32.5462962963,Male,1,img_1450.bmp,0.03491179915167547,2.0589608720119212,1.2163732283211297
1451,25.3589891975,Male,1,img_1451.bmp,0.03094583715360694,2.1001971396699184,1.2178079427549886
1452,31.7908220094,Male,1,img_1452.bmp,0.020352103808725718,2.2238308354063365,1.1777860489379999
1453,29.598351526,Male,1,img_1453.bmp,0.022227973773741642,2.1313055428609458,1.1471200388509533
1454,30.4734471758,Male,1,img_1454.bmp,0.029114322384951118,2.1142744381032896,1.1855036762415958
1455,20.3156314506,Male,1,img_1455.bmp,0.018586209655929435,2.284028508290953,1.2734323928235962
1456,45.5743243243,Male,1,img_1456.bmp,0.01978107811956829,2.1220605502239223,1.2441597609518873
1457,25.6756756757,Male,1,img_1457.bmp,0.058221624164101364,2.3307948721162535,1.0717563435440094
1458,44.7511574074,Male,1,img_1458.bmp,0.0,0.0,0.0
1459,33.2243441358,Male,1,img_1459.bmp,0.059025029273002204,2.0657317443938985,1.1994938534262873
1460,29.9946666667,Male,1,img_1460.bmp,0.043372294348132306,2.3618405943398453,1.1933878364982136
1461,28.12,Male,1,img_1461.bmp,0.032711151051013895,2.449715971344527,1.236301082654414
1462,22.3488321799,Female,1,img_1462.bmp,0.031871226929130164,2.0813293757089926,1.2473872756460802
1463,19.7642733564,Female,1,img_1463.bmp,0.035138131141078936,2.2445808152941273,1.2810996768080787
1464,33.4955632716,Male,1,img_1464.bmp,0.03578367656136961,2.23606797749979,1.3162134229172713
1465,28.4780092593,Male,1,img_1465.bmp,0.03453091791273585,2.8472511632610344,1.2058929135013985
1466,32.9188345473,Female,1,img_1466.bmp,0.0411999312682776,2.495198270742177,1.2689520517076878
1467,25.237773153,Female,1,img_1467.bmp,0.07461529745641443,2.298723286052055,1.1493616430260274
1468,36.3358564014,Female,1,img_1468.bmp,0.07798572171399945,2.5580921829438354,1.2118129492786205
1469,26.9098183391,Female,1,img_1469.bmp,0.016538004633458624,2.3830285454476483,1.2393533745838972
1470,32.2532894737,Male,1,img_1470.bmp,0.016310861689105054,2.421441461849805,1.3140081536046522
1471,26.7763157895,Male,1,img_1471.bmp,0.0396129037602159,2.659854655773194,1.201571535123969
1472,25.883095942,Female,1,img_1472.bmp,0.025894730694372987,2.5835677971692634,1.1711976069354093
1473,21.3488309594,Female,1,img_1473.bmp,0.0,0.0,0.0
1474,38.5135135135,Male,1,img_1474.bmp,0.051919579838502206,2.5060201488219063,1.2434652120418082
1475,23.6216216216,Male,1,img_1475.bmp,0.070824429108266,2.6846513630593583,1.1661380336090248
1476,26.936065939,Female,1,img_1476.bmp,0.08223884610914182,2.4968946230509386,1.2005047430571982
1477,19.8888393852,Female,1,img_1477.bmp,0.02801101296223879,2.373088893644697,1.210322210043959
1478,36.1762234825,Female,1,img_1478.bmp,0.01655001840875605,2.359011642968393,1.2136609794225788
1479,21.4104179794,Female,1,img_1479.bmp,0.04910518210030515,2.425189917236038,1.1660865556594453
1480,32.0044224766,Female,1,img_1480.bmp,0.04823530220489581,2.3184198286708244,1.2592420401999722
1481,22.4945369407,Female,1,img_1481.bmp,0.0,0.0,0.0
1482,28.7584912742,Male,1,img_1482.bmp,0.04199504093521154,2.019562447321815,1.2265454003695573
1483,25.1966597861,Male,1,img_1483.bmp,0.02366862281832852,2.6018045275947927,1.2322949839816673
1484,27.517949827,Male,1,img_1484.bmp,0.01659501830440063,2.1682469395171955,1.2457262194142857
1485,23.2610294118,Male,1,img_1485.bmp,0.03439148995722057,2.4943628753343314,1.1898899604209865
1486,40.1644736842,Male,1,img_1486.bmp,0.08494578141696103,2.4108019022652636,1.2954472637010748
1487,29.0888157895,Male,1,img_1487.bmp,0.009153892265916088,2.3455967038112964,1.1859149640964068
1488,25.9389010117,Male,1,img_1488.bmp,0.009571163020520145,1.945856591769117,1.1821665015276484
1489,24.2654235271,Male,1,img_1489.bmp,0.02392154825174478,2.1187537459601318,1.1806397153209958
1490,36.1762234825,Female,1,img_1490.bmp,0.015461592459669769,1.7106331153460108,1.1511508065882987
1491,17.7189666037,Female,1,img_1491.bmp,0.05155373806069862,1.714366091268289,1.2939166797828885
1492,39.8624885216,Female,1,img_1492.bmp,0.03917735044425904,1.9256732996168644,1.269720719723575
1493,30.1792929293,Female,1,img_1493.bmp,0.020523305477727436,2.0174611184959517,1.3054180318300628
1494,33.2781065089,Male,1,img_1494.bmp,0.02025909871993398,2.106418761785035,1.3192895987092914
1495,29.1183431953,Male,1,img_1495.bmp,0.0478968283458989,2.444447153941361,1.149858573408663
1496,31.7464818315,Male,1,img_1496.bmp,0.04467636568550401,2.5030270583434824,1.1615602773738887
1497,27.4643982357,Male,1,img_1497.bmp,0.08540171742249614,2.274216089893265,1.2864908952376661
1498,34.309220679,Male,1,img_1498.bmp,0.05768312475615163,2.6208146687427165,1.2235604167941072
1499,24.8165509259,Male,1,img_1499.bmp,0.08030380209008182,2.030499157662542,1.249224279243839
1500,29.5316110061,Male,1,img_1500.bmp,0.01846229678156406,2.4354764459344462,1.2593049895095998
1501,24.36357908,Male,1,img_1501.bmp,0.01593726104507498,2.2509666374393547,1.4092290819822686
1502,39.1554054054,Male,1,img_1502.bmp,0.014744723713933204,2.2355140528270674,1.2859441786030668
1503,34.9189189189,Male,1,img_1503.bmp,0.015611806806743143,2.3613717767950484,1.2329508215695382
1504,51.6437098255,Female,1,img_1504.bmp,0.027649226626990504,2.528592965152693,1.2112931302021006
1505,35.5050505051,Female,1,img_1505.bmp,0.03787491400667347,2.554387981334017,1.1765156638489842
1506,36.4733700643,Female,1,img_1506.bmp,0.027243008263812003,2.4255046079711353,1.1406265854181747
1507,30.0179063361,Female,1,img_1507.bmp,0.04107942996051547,2.42404620418011,1.1509718611190827
1508,36.2586788336,Male,1,img_1508.bmp,0.029807290423474107,2.257944898248902,1.2369725665024245
1509,27.8912914104,Male,1,img_1509.bmp,0.037117956965932945,2.548950162900978,1.15956935004781
1510,34.0202702703,Male,1,img_1510.bmp,0.028391501788692756,2.1787424474737698,1.255492706965756
1511,26.3175675676,Male,1,img_1511.bmp,0.028683526967503904,1.9859873936160346,1.2534636291805057
1512,25.2134105591,Female,1,img_1512.bmp,0.030194838770828288,1.9860714992164807,1.2976259366672311
1513,21.924704834,Female,1,img_1513.bmp,0.030957500871319786,2.4492291670834967,1.2056792524494984
1514,27.1176757812,Female,1,img_1514.bmp,0.019062544299003933,2.3059514531282024,1.3000927410906231
1515,23.6850585938,Female,1,img_1515.bmp,0.050335134278126324,2.3291154460571395,1.0967533562876852
1516,25.7243385251,Male,1,img_1516.bmp,0.05312419065126131,2.097702774560441,1.1727823204421564
1517,23.0859448302,Male,1,img_1517.bmp,0.016537623275595197,2.3296909747181274,1.274066653386654
1518,32.6819058642,Male,1,img_1518.bmp,0.020699999309953383,2.120950322611258,1.2460436691161032
1519,28.4780092593,Male,1,img_1519.bmp,0.02876249104752514,1.98398255295454,1.1688202948230833
1520,25.8401596303,Male,1,img_1520.bmp,0.019479911097943683,2.5211434674690065,1.106312175351982
1521,24.36357908,Male,1,img_1521.bmp,0.019260467757796672,2.332598922496221,1.1639461282054946
1522,34.1457142857,Male,1,img_1522.bmp,0.03033671494190271,2.75912914880388,1.2673637241126854
1523,26.2548979592,Male,1,img_1523.bmp,0.03463342945066065,2.1751495652806003,1.340143743016369
1524,34.7476586889,Female,1,img_1524.bmp,0.020018562427604792,2.797639479920216,1.2497274273931376
1525,26.517950052,Female,1,img_1525.bmp,0.019835917450125355,2.136260627230587,1.2287142348173206
1526,44.7040863177,Female,1,img_1526.bmp,0.017902946683689688,2.7159694054997967,1.1838732894390938
1527,30.6634527089,Female,1,img_1527.bmp,0.018392811121431294,2.8478406201941597,1.2068900761389034
1528,40.2887110727,Male,1,img_1528.bmp,0.027290322386966742,2.4328869909934343,1.188735440225204
1529,26.6057525952,Male,1,img_1529.bmp,0.029819206604964545,2.2240806310620456,1.2064581684423936
1530,36.9145137576,Male,1,img_1530.bmp,0.046161322231866635,2.6450134766153655,1.1265389699204549
1531,24.36357908,Male,1,img_1531.bmp,0.015395167271805775,2.1502380016437317,1.2216308242595633
1532,33.961352657,Male,1,img_1532.bmp,0.013768681456160978,2.0325362656100676,1.1600837405365212
1533,24.5112371351,Male,1,img_1533.bmp,0.06074395914035139,2.6134071453213132,1.1765397216726816
1534,39.1512586322,Female,1,img_1534.bmp,0.04599275739463785,2.26360386088741,1.230439342001137
1535,34.7663176654,Female,1,img_1535.bmp,0.09359654050636142,2.040321448151025,1.1939511245582155
1536,38.464316609,Male,1,img_1536.bmp,0.0,0.0,0.0
1537,27.669982699,Male,1,img_1537.bmp,0.030445555431051825,2.1597287148438067,1.2320560161962952
1538,34.4531075963,Male,1,img_1538.bmp,0.030182253901709494,2.120148620720706,1.3232153200389725
1539,23.3341501448,Male,1,img_1539.bmp,0.04755373592117212,2.1246410951217762,1.1721604504009766
1540,39.9928888889,Male,1,img_1540.bmp,0.04328210642413827,2.0969850050288596,1.1999798831546553
1541,27.4951111111,Male,1,img_1541.bmp,0.05889688632127229,2.442770563864249,1.1367692317482612
1542,43.5743801653,Female,1,img_1542.bmp,0.06430312949801913,2.7859432140366276,1.1999566169788514
1543,27.4357208448,Female,1,img_1543.bmp,0.05804330551312856,2.457308964485088,1.193489625039139
1544,37.9304199219,Female,1,img_1544.bmp,0.04779759921914875,2.6965673382721347,1.1697592162019657
1545,30.7219238281,Female,1,img_1545.bmp,0.04318331795230397,2.6116061754054383,1.2095084100019993
1546,32.5462962963,Male,1,img_1546.bmp,0.029487635760339446,2.6115958133500854,1.2574215458610298
1547,23.7316743827,Male,1,img_1547.bmp,0.03086542120084976,2.297970364428137,1.182733748831731
1548,38.6487268519,Male,1,img_1548.bmp,0.018050488739528126,2.2782119529874385,1.173074338987913
1549,33.2243441358,Male,1,img_1549.bmp,0.019832974402582543,1.9021880072865835,1.2424005311021196
1550,42.9077148438,Female,1,img_1550.bmp,0.021127727947308394,1.905246075028788,1.1638128897436144
1551,27.4609375,Female,1,img_1551.bmp,0.019045909345762984,1.9365120010572383,1.1593702711738718
1552,28.1889062152,Male,1,img_1552.bmp,0.04232408340364259,2.353598781942938,1.3057978705505888
1553,23.4907551793,Male,1,img_1553.bmp,0.0,0.0,0.0
1554,28.0550304558,Male,1,img_1554.bmp,0.01560639808803652,2.200633644356962,1.230692907803664
1555,19.9338374291,Male,1,img_1555.bmp,0.0,0.0,0.0
1556,37.8716216216,Male,1,img_1556.bmp,0.04955814945012003,2.621917724632969,1.1980121704814863
1557,27.6013513514,Male,1,img_1557.bmp,0.04048867293872874,2.3314924831321093,1.2166930099009694
1558,44.6240234375,Female,1,img_1558.bmp,0.05818857635837598,2.4938490885477638,1.1677775458675195
1559,28.3190917969,Female,1,img_1559.bmp,0.06379348613786037,2.690932320083327,1.199016982096588
1560,34.1100591716,Female,1,img_1560.bmp,0.0,0.0,0.0
1561,29.1183431953,Female,1,img_1561.bmp,0.04012097276930022,2.1542597339758727,1.3691060493808995
1562,32.6098632812,Female,1,img_1562.bmp,0.056408485360186424,2.8751698319403673,1.1642527163421215
1563,24.8864746094,Female,1,img_1563.bmp,0.05387774805839876,2.296943141146654,1.1803550915425043
1564,40.2341311134,Female,1,img_1564.bmp,0.027099858642617273,2.356750414728088,1.1796332595451446
1565,32.0044224766,Female,1,img_1565.bmp,0.036103373873374915,2.4925337122471216,1.2257430205158748
1566,40.8481445312,Female,1,img_1566.bmp,0.0,0.0,0.0
1567,30.0354003906,Female,1,img_1567.bmp,0.0,0.0,0.0
1568,32.0789359862,Female,1,img_1568.bmp,0.043000781799809075,2.453998363722289,1.1186549463033224
1569,20.5244377163,Female,1,img_1569.bmp,0.061540883956007174,2.1673788003479064,1.1297390285091011
1570,32.9979591837,Male,1,img_1570.bmp,0.014338005821174973,2.611373764343835,1.2245920374844899
1571,22.9551020408,Male,1,img_1571.bmp,0.016250768351478435,2.475809139067191,1.216182463419938
1572,38.616349481,Female,1,img_1572.bmp,0.049190607335854224,2.1538874502510432,1.228010689336212
1573,29.4943771626,Female,1,img_1573.bmp,0.03198944736735853,2.3896694815839847,1.195387649077389
1574,31.9269031142,Female,1,img_1574.bmp,0.02288189208565553,2.438482401346356,1.2110461601783278
1575,26.3016868512,Female,1,img_1575.bmp,0.047311636602206435,2.41905183701318,1.1955443479766292
1576,31.6228373702,Female,1,img_1576.bmp,0.03844537164745576,2.0460418355340386,1.2679553035609332
1577,24.0211937716,Female,1,img_1577.bmp,0.030196677737879363,2.4105405630632117,1.250451507002775
1578,39.6805795848,Male,1,img_1578.bmp,0.06683609468914184,2.406962153247416,1.2076238808775615
1579,29.0382785467,Male,1,img_1579.bmp,0.0,0.0,0.0
1580,30.6804205515,Male,1,img_1580.bmp,0.014621046091764782,2.1899457364009423,1.3377110036976396
1581,23.7075976989,Male,1,img_1581.bmp,0.02801398546230702,2.188817451653555,1.1969782008947327
1582,34.2764497041,Female,1,img_1582.bmp,0.0290227125927183,2.052263004463718,1.3384313870040463
1583,27.6208284024,Female,1,img_1583.bmp,0.03929470620502677,2.1058759165240906,1.268203102164282
1584,33.5183784919,Male,1,img_1584.bmp,0.02024947497351969,2.4546439896495196,1.1998407524508412
1585,24.6588951901,Male,1,img_1585.bmp,0.02251654958271321,2.2925402725389956,1.2512384159573156
1586,69.7282285261,Male,1,img_1586.bmp,0.08400886820176247,2.499219982300613,1.2504229219472185
1587,56.200952192,Male,1,img_1587.bmp,0.0659388699602532,2.1971037821723174,1.3406299925023957
1588,33.9939555556,Male,1,img_1588.bmp,0.028752763076694637,2.1794943843329984,1.229098802827348
1589,26.9952,Male,1,img_1589.bmp,0.026678118441015305,1.9944748151662566,1.1610148105578035
1590,26.7763157895,Male,1,img_1590.bmp,0.035460867200036585,2.4393945199789435,1.241254697621926
1591,19.4736842105,Male,1,img_1591.bmp,0.0368120946370886,2.32828657328666,1.195731122961529
1592,32.3830017301,Female,1,img_1592.bmp,0.02575674448447702,2.666057091649075,1.2226926035608408
1593,22.5008650519,Female,1,img_1593.bmp,0.02472549978382807,2.3508399270729607,1.216850735959487
1594,49.3250126497,Male,1,img_1594.bmp,0.0,0.0,0.0
1595,33.9109461967,Male,1,img_1595.bmp,0.015698823960571158,1.9797380976391596,1.1142295165953804
1596,33.3783783784,Male,1,img_1596.bmp,0.022134773196781324,2.5595844270043138,1.168205475024631
1597,25.9324324324,Male,1,img_1597.bmp,0.027666217541385,2.3980520417145335,1.2116639321191602
1598,31.8502040816,Male,1,img_1598.bmp,0.051900378081888174,2.159011800948288,1.2336235523596562
1599,25.5375510204,Male,1,img_1599.bmp,0.0411855219478988,2.2921560240861276,1.2200334099603456
1600,31.6142011834,Female,1,img_1600.bmp,0.014231249892047465,2.334105418091693,1.1935098783755997
1601,21.6307692308,Female,1,img_1601.bmp,0.02686050142120929,2.1615521488753617,1.2185514948343374
1602,27.4323621228,Female,1,img_1602.bmp,0.02831702097987658,2.1661073103473756,1.2421710295066803
1603,22.1287721124,Female,1,img_1603.bmp,0.02741610657166686,1.8838727935501074,1.1776170913679467
1604,28.7933207309,Male,1,img_1604.bmp,0.0,0.0,0.0
1605,27.1690821256,Male,1,img_1605.bmp,0.0,0.0,0.0
1606,41.606122449,Male,1,img_1606.bmp,0.016962005048328583,2.049084833720307,1.2140677771993977
1607,33.7153061224,Male,1,img_1607.bmp,0.03589892440994446,2.5109181461803813,1.185285655977697
1608,36.3310810811,Male,1,img_1608.bmp,0.03411728811574762,2.238374333682685,1.1470240813624533
1609,26.9594594595,Male,1,img_1609.bmp,0.015981631288359457,2.323807987363503,1.2462682493573458
1610,29.2867262608,Male,1,img_1610.bmp,0.02902297497309264,2.442058168096086,1.2241930602027806
1611,25.8482037443,Male,1,img_1611.bmp,0.011947237348499467,2.5192403148378157,1.2709973571627273
1612,31.7517089844,Female,1,img_1612.bmp,0.0,0.0,0.0
1613,28.3190917969,Female,1,img_1613.bmp,0.00981865783855708,2.1243380978005746,1.2688733850033032
1614,40.1714285714,Male,1,img_1614.bmp,0.0380872287138435,2.1950227789250842,1.1832620048114924
1615,27.2591836735,Male,1,img_1615.bmp,0.030273545693336238,2.153600113624922,1.3554135101672373
1616,33.2963867188,Female,1,img_1616.bmp,0.0,0.0,0.0
1617,24.5432128906,Female,1,img_1617.bmp,0.013107232049893608,2.057013632735357,1.2271165465466354
1618,33.6291319538,Female,1,img_1618.bmp,0.019373587816826864,1.916871921808413,1.3011363007318508
1619,25.3163128191,Female,1,img_1619.bmp,0.0391848683670491,2.1403433108108345,1.1380108587496758
1620,39.5026014568,Female,1,img_1620.bmp,0.0,0.0,0.0
1621,36.2107180021,Female,1,img_1621.bmp,0.026947588688078134,2.482866403412261,1.1568248035300432
1622,35.4791883455,Female,1,img_1622.bmp,0.03267983285834045,2.563660067399044,1.2460177656657296
1623,33.2845993757,Female,1,img_1623.bmp,0.02301739633107192,2.4100049951835065,1.1559113405525747
1624,37.2480536332,Female,1,img_1624.bmp,0.02577402103553175,2.2645258607430847,1.3028189240852874
1625,32.991133218,Female,1,img_1625.bmp,0.014522871930472506,2.956896551724138,1.1482365658841878
1626,28.2426538108,Female,1,img_1626.bmp,0.020116199576578904,2.2328390469231545,1.2744661115862208
1627,21.9485766758,Female,1,img_1627.bmp,0.08092861539439102,2.2112426164103844,1.191721041876541
1628,37.3574879227,Male,1,img_1628.bmp,0.009646680189479812,2.6334863483276494,1.2372917475667902
1629,25.2495274102,Male,1,img_1629.bmp,0.011552291978111785,2.1372214028326684,1.2615807337087759
1630,30.4945777778,Male,1,img_1630.bmp,0.020069868464521384,2.31145720161643,1.1971312925296278
1631,25.6204444444,Male,1,img_1631.bmp,0.019818727196891553,2.175439105897832,1.1763597932621663
1632,32.573847182,Female,1,img_1632.bmp,0.009421336254802428,2.097111367012477,1.171631985494576
1633,26.936065939,Female,1,img_1633.bmp,0.01704761622895653,2.098575165501225,1.218775005875241
1634,38.7702702703,Male,1,img_1634.bmp,0.022453745667168026,2.6905324737660483,1.2389254454891117
1635,32.3513513514,Male,1,img_1635.bmp,0.027162425147604405,2.1153043836240353,1.3658751875617585
1636,51.9763557891,Male,1,img_1636.bmp,0.0232669139758451,2.169393917215386,1.185966559223567
1637,36.6736723588,Male,1,img_1637.bmp,0.02508288130705624,2.262605941808944,1.234643965183485
1638,30.8459183673,Male,1,img_1638.bmp,0.030901833358457673,2.0121955781846865,1.2674444316704065
1639,27.9765306122,Male,1,img_1639.bmp,0.010738414902426899,2.2000605043865797,1.207301086671042
1640,40.6059651334,Male,1,img_1640.bmp,0.010293249819389798,2.055341871054798,1.1862618514323053
1641,24.36357908,Male,1,img_1641.bmp,0.0354438488752828,2.6397267247902416,1.2194358464903479
1642,44.0731095679,Male,1,img_1642.bmp,0.03483054059978643,2.4290096539966464,1.3016606977817873
1643,26.4438657407,Male,1,img_1643.bmp,0.03215768862513939,2.35590190119279,1.234006595293446
1644,41.19140625,Female,1,img_1644.bmp,0.02037193323272395,1.9870893040557644,1.22564064182624
1645,28.833984375,Female,1,img_1645.bmp,0.015078195638028797,2.0280045996213896,1.232326318199433
1646,41.19140625,Female,1,img_1646.bmp,0.0,0.0,0.0
1647,28.833984375,Female,1,img_1647.bmp,0.020668009741872308,1.9012535603309573,1.2276487570737025
1648,59.6873636183,Male,1,img_1648.bmp,0.01044765340133946,2.200515711984922,1.2214439505662613
1649,47.9730212259,Male,1,img_1649.bmp,0.01116351986307189,2.1339292317860683,1.2304015466415041
1650,22.9551020408,Male,1,img_1650.bmp,0.013978785414770637,2.64403353366031,1.1601587714679478
1651,22.6681632653,Male,1,img_1651.bmp,0.015350373623173631,2.5885317102137515,1.1553911698851829
1652,37.6994598765,Male,1,img_1652.bmp,0.010713290378990933,1.9913346659232292,1.2165023446671055
1653,32.5462962963,Male,1,img_1653.bmp,0.010166216956727866,1.9445587382556726,1.1955388344174274
1654,44.7511574074,Male,1,img_1654.bmp,0.016004046937844546,2.569694430695759,1.1650485805654134
1655,27.1219135802,Male,1,img_1655.bmp,0.01413724393196885,1.8372272935938785,1.3127141869958594
1656,39.9337278107,Female,1,img_1656.bmp,0.014742679380055345,2.4704484690247335,1.2086147970003722
1657,29.7839053254,Female,1,img_1657.bmp,0.0,0.0,0.0
1658,37.2480536332,Male,1,img_1658.bmp,0.020953216259189812,2.300782475593901,1.1677744875836713
1659,29.6464100346,Male,1,img_1659.bmp,0.0,0.0,0.0
1660,31.4557752341,Female,1,img_1660.bmp,0.04552460629893938,2.349170179327959,1.2817362153635805
1661,28.5296566077,Female,1,img_1661.bmp,0.05208257197457881,2.1357526983920554,1.1585373427662846
1662,33.14316609,Male,1,img_1662.bmp,0.05350448088482339,2.108495842296383,1.153701300660322
1663,24.0211937716,Male,1,img_1663.bmp,0.013325188918105704,2.2158686585294873,1.2157568461050803
1664,47.2505776097,Male,1,img_1664.bmp,0.010865075092484668,1.9953287367396704,1.2267204549064918
1665,31.0081915564,Male,1,img_1665.bmp,0.0,0.0,0.0
1666,32.7614784206,Male,1,img_1666.bmp,0.011818123396078064,1.8895867950015006,1.349171460366537
1667,27.2743342516,Male,1,img_1667.bmp,0.02220259875573869,2.323374439460636,1.2322786234571266
1668,33.1414285714,Male,1,img_1668.bmp,0.0,0.0,0.0
1669,27.8330612245,Male,1,img_1669.bmp,0.01659296900376372,2.4083039255529886,1.1942658164585886
1670,26.9515610652,Male,1,img_1670.bmp,0.03231542884216877,2.845671420669425,1.1520389926807035
1671,23.0782828283,Male,1,img_1671.bmp,0.028718939121994243,2.6329474600362563,1.3086741329865594
1672,54.1237024221,Female,1,img_1672.bmp,0.0411821929503164,2.695705708769539,1.2205326705991937
1673,35.8797577855,Female,1,img_1673.bmp,0.05355092182501936,2.2313586017783966,1.1758789284345204
1674,57.427843524,Male,1,img_1674.bmp,0.013726181891901116,2.4914475281909945,1.2115388932295412
1675,28.5405982906,Male,1,img_1675.bmp,0.013606588871216218,2.0989315285599304,1.3119261597145937
1676,32.3538980361,Female,1,img_1676.bmp,0.011836778992909518,2.3420237695279913,1.2577860636908025
1677,23.986510613,Female,1,img_1677.bmp,0.014035087411899837,1.9772453621022896,1.2017731202803068
1678,36.9559611188,Male,1,img_1678.bmp,0.037320721822288946,2.7920919310165275,1.2065964416972033
1679,28.5885736957,Male,1,img_1679.bmp,0.014207837123414125,2.108970749934227,1.2007484140530544
1680,33.891184573,Male,1,img_1680.bmp,0.013739809052857961,2.069125280754974,1.302130798344244
1681,24.2079889807,Male,1,img_1681.bmp,0.013151322051448937,2.4489628138160136,1.2587846712280564
1682,35.2824836342,Male,1,img_1682.bmp,0.01390889083972936,1.984641044136068,1.2982198238841463
1683,26.0783574688,Male,1,img_1683.bmp,0.0,0.0,0.0
1684,48.7271581601,Male,1,img_1684.bmp,0.028472428086247614,2.360084744241189,1.1927228221594808
1685,39.8676748582,Male,1,img_1685.bmp,0.021787773338000596,2.5627272539070525,1.267426595018453
1686,42.0629552549,Female,1,img_1686.bmp,0.02088057800003961,2.5301838065432736,1.2937636696445953
1687,36.3936004162,Female,1,img_1687.bmp,0.0,0.0,0.0
1688,42.3648648649,Male,1,img_1688.bmp,0.015977539204249342,2.404886714446817,1.2195530511913169
1689,29.527027027,Male,1,img_1689.bmp,0.01632343378865374,2.1459553538598146,1.2196519891993027
1690,36.9559611188,Male,1,img_1690.bmp,0.03079307741634657,2.688613121267486,1.231063972308032
1691,27.7518349534,Male,1,img_1691.bmp,0.022141178003856336,2.1487406426256004,1.2355894440423525
1692,28.0550304558,Male,1,img_1692.bmp,0.043077937527916686,2.131779534981309,1.1884672374601217
1693,24.9542113001,Male,1,img_1693.bmp,0.05575178534236496,1.9112403057106242,1.2112293576865847
1694,31.7517089844,Female,1,img_1694.bmp,0.011155736532765862,2.5170298672188824,1.129074015156112
1695,27.4609375,Female,1,img_1695.bmp,0.010089700091397069,2.4797723746984963,1.1632227853348418
1696,40.8607419163,Male,1,img_1696.bmp,0.02414640321173373,2.1220570791505757,1.1281400305650764
1697,32.4933544932,Male,1,img_1697.bmp,0.02314061732449218,2.0588130185026077,1.23154689577594
1698,31.780591716,Female,1,img_1698.bmp,0.0,0.0,0.0
1699,27.2880473373,Female,1,img_1699.bmp,0.06855676998346281,2.3653550385933033,1.1424537602693776
1700,33.2230623819,Male,1,img_1700.bmp,0.02772399677756776,2.4628405868722356,1.1912786798695085
1701,29.236294896,Male,1,img_1701.bmp,0.025610150392938444,2.2643872059592693,1.188065230244767
1702,26.5784499055,Male,1,img_1702.bmp,0.014992223075229297,2.3050400076575346,1.159052113059566
1703,23.1823146398,Male,1,img_1703.bmp,0.0,0.0,0.0
1704,33.084251607,Male,1,img_1704.bmp,0.0,0.0,0.0
1705,22.4327364555,Male,1,img_1705.bmp,0.0,0.0,0.0
1706,44.7040863177,Female,1,img_1706.bmp,0.0178448037220201,2.3393668316931584,1.2573518242554493
1707,30.1792929293,Female,1,img_1707.bmp,0.014559155904065695,2.2890809517312407,1.3746494303593142
1708,28.6019736842,Male,1,img_1708.bmp,0.07751055377239727,2.4827507638115525,1.2620229023748688
1709,24.3421052632,Male,1,img_1709.bmp,0.037456393386893334,2.0350770161196508,1.1263278894748454
1710,35.7277249135,Male,1,img_1710.bmp,0.0,0.0,0.0
1711,33.14316609,Male,1,img_1711.bmp,0.018691615520367397,2.300258189739491,1.2520131348743284
1712,31.7094594595,Male,1,img_1712.bmp,0.016029864557618786,2.175785775354861,1.1886934312665602
1713,24.6486486486,Male,1,img_1713.bmp,0.029829545652960292,2.6010784315673354,1.1547587727660742
1714,50.9743652344,Female,1,img_1714.bmp,0.043554548127722345,2.560788798773727,1.154684351480184
1715,38.4453125,Female,1,img_1715.bmp,0.0,0.0,0.0
1716,31.8820861678,Female,1,img_1716.bmp,0.0,0.0,0.0
1717,26.5684051398,Female,1,img_1717.bmp,0.06606269349021499,2.003421730474387,1.2152065459432362
1718,33.4472318339,Female,1,img_1718.bmp,0.08445576125785906,2.0030672251130177,1.2284050486590576
1719,27.365916955,Female,1,img_1719.bmp,0.04689162078003219,2.288355247505854,1.170656760155058
1720,52.6351351351,Male,1,img_1720.bmp,0.05089910739970598,2.2715407045079568,1.2487408201058507
1721,45.7027027027,Male,1,img_1721.bmp,0.05038130609913057,2.0198809034439043,1.2935910110336093
1722,36.9145137576,Male,1,img_1722.bmp,0.02185698035484422,2.090971876617388,1.2502823506242158
1723,29.5316110061,Male,1,img_1723.bmp,0.020385748997753687,1.9651204645537568,1.2479225118055468
1724,31.4527027027,Male,1,img_1724.bmp,0.03692126113533818,2.490408647454615,1.1580276372427543
1725,25.0337837838,Male,1,img_1725.bmp,0.035041381371903324,2.2606454577719157,1.2432782534503788
1726,29.4112244898,Female,1,img_1726.bmp,0.010359447051646072,2.060711906401411,1.1681414794484237
1727,23.3855102041,Female,1,img_1727.bmp,0.01165383180816595,2.172287300701342,1.2080079759584132
1728,31.8820861678,Female,1,img_1728.bmp,0.01620236978685123,2.1654475835982234,1.2740376328188099
1729,26.5684051398,Female,1,img_1729.bmp,0.024537076441174237,2.071984753983074,1.3963621842139844
1730,43.0408163265,Male,1,img_1730.bmp,0.01685580191971819,2.505052914089656,1.2622570634703385
1731,39.4540816327,Male,1,img_1731.bmp,0.009896540891789696,2.045648902868027,1.268044551781252
1732,49.2927631579,Male,1,img_1732.bmp,0.04391154773239742,2.095253802186079,1.2792886978499245
1733,26.0460526316,Male,1,img_1733.bmp,0.023529307148554033,2.257733227980346,1.2107856314853236
1734,33.4695496925,Male,1,img_1734.bmp,0.026793502623137847,2.0419372752679448,1.2763629708119566
1735,29.285855981,Male,1,img_1735.bmp,0.05569526954367624,2.646042934246635,1.2533887583273535
1736,29.1772460938,Female,1,img_1736.bmp,0.058877686158424036,2.315471632752752,1.1833849753989611
1737,25.7446289062,Female,1,img_1737.bmp,0.04198424995827178,2.426692951430851,1.2648334216731425
1738,43.8494096681,Female,1,img_1738.bmp,0.03013969947887852,2.1418517000893793,1.3202094607047128
1739,32.8870572511,Female,1,img_1739.bmp,0.04559560703839048,2.4170043058140394,1.1832696842147572
1740,30.6804205515,Male,1,img_1740.bmp,0.027166997160356695,2.2996854696113322,1.314827136199857
1741,24.4048799841,Male,1,img_1741.bmp,0.014241879058240444,2.3477103898952225,1.1328134515952144
1742,33.9023919753,Male,1,img_1742.bmp,0.01402938817891529,2.0371808621989382,1.1971089996982798
1743,30.5121527778,Male,1,img_1743.bmp,0.0,0.0,0.0
1744,34.1668319778,Male,1,img_1744.bmp,0.020159806955531327,2.459745614169204,1.230192778161401
1745,25.7994445547,Male,1,img_1745.bmp,0.02239355386721731,2.3772947037732512,1.2090151685763237
1746,27.6208284024,Female,1,img_1746.bmp,0.0,0.0,0.0
1747,24.459408284,Female,1,img_1747.bmp,0.008864635699537117,2.0015725446233485,1.2557409966916595
1748,52.3355263158,Male,1,img_1748.bmp,0.009950492067360832,2.266823069206223,1.2321146790420625
1749,43.6940789474,Male,1,img_1749.bmp,0.011528720570262085,2.0727347548761528,1.3300185038990724
1750,32.5462962963,Male,1,img_1750.bmp,0.033573929089056494,2.367370787275294,1.196381225330104
1751,27.7999614198,Male,1,img_1751.bmp,0.037583702720452375,2.2157120679825475,1.1487637353512339
1752,32.277318641,Male,1,img_1752.bmp,0.028080723827589353,2.022080540513941,1.2573254737492499
1753,26.6287878788,Male,1,img_1753.bmp,0.029358381963956643,1.9052220474320716,1.2676854297529927
1754,44.1497584541,Female,1,img_1754.bmp,0.0,0.0,0.0
1755,35.4379332073,Female,1,img_1755.bmp,0.03030024320816924,2.766269986309235,1.1926912471234195
1756,35.8278236915,Female,1,img_1756.bmp,0.032889565452096335,2.5449329927964377,1.228290354760695
1757,34.0525711662,Female,1,img_1757.bmp,0.017156075202269062,2.3135258324745327,1.2672730877615268
1758,28.8153263533,Female,1,img_1758.bmp,0.02261880566620238,2.261870419356992,1.258149273491946
1759,26.6228558699,Female,1,img_1759.bmp,0.04473467279250854,2.9237592158935137,1.223641000170106
1760,30.1285714286,Male,1,img_1760.bmp,0.045759837600078165,2.350377877973036,1.1804588709766282
1761,25.6810204082,Male,1,img_1761.bmp,0.023450336887276827,2.058504902430345,1.2294303897047543
1762,33.9023919753,Male,1,img_1762.bmp,0.0,0.0,0.0
1763,23.0536265432,Male,1,img_1763.bmp,0.05401711232835927,2.46224036963268,1.217318183850103
1764,39.5759054232,Male,1,img_1764.bmp,0.0,0.0,0.0
1765,29.0223306436,Male,1,img_1765.bmp,0.0,0.0,0.0
1766,28.0550304558,Male,1,img_1766.bmp,0.0611494512444482,2.71793295227714,1.1919593416010188
1767,18.4572568788,Male,1,img_1767.bmp,0.04433704932280989,1.9489787058266446,1.2122807320826474
1768,36.3238815375,Male,1,img_1768.bmp,0.02265076421674867,1.9319504852574834,1.2002058588632987
1769,24.9542113001,Male,1,img_1769.bmp,0.024272545679577578,1.745538254102499,1.262002250270528
1770,35.8673469388,Female,1,img_1770.bmp,0.024277852344411703,2.5913834110518557,1.1940938271893131
1771,30.1285714286,Female,1,img_1771.bmp,0.02242551682128594,2.5733877241257725,1.2653997721737102
1772,29.1560570988,Male,1,img_1772.bmp,0.05827344787604817,2.162914860100028,1.2576392677722696
1773,25.0877700617,Male,1,img_1773.bmp,0.017748495151167935,2.4426472557121284,1.1748994840387368
1774,46.4934210526,Male,1,img_1774.bmp,0.01559386944645857,2.252319759066689,1.266238477278306
1775,32.0098684211,Male,1,img_1775.bmp,0.037445204566398514,2.304845398787587,1.1693118288282058
1776,41.0488754325,Male,1,img_1776.bmp,0.04033861521851462,1.966434536044057,1.1859167831325046
1777,25.8455882353,Male,1,img_1777.bmp,0.030394555048575134,2.577644395794004,1.226631884318103
1778,38.3910943079,Female,1,img_1778.bmp,0.0505217444745328,2.4818729977378804,1.2286002131509308
1779,34.6996429322,Female,1,img_1779.bmp,0.0,0.0,0.0
1780,39.9256756757,Male,1,img_1780.bmp,0.08774355990209876,2.1186998109427604,1.1643473270405946
1781,23.75,Male,1,img_1781.bmp,0.0,0.0,0.0
1782,24.4048799841,Male,1,img_1782.bmp,0.012244716843502954,1.9437900239803927,1.2349307263774694
1783,20.2211862726,Male,1,img_1783.bmp,0.051557052945362995,2.2196462034055524,1.2465336553202861
1784,41.5346679688,Female,1,img_1784.bmp,0.01347485393785701,2.767804704763564,1.256724764508169
1785,36.2141113281,Female,1,img_1785.bmp,0.02506910297934642,2.5197334390315147,1.2473007923673005
1786,39.0482266842,Male,1,img_1786.bmp,0.029734869997364854,2.577644395794004,1.26285806375946
1787,32.452242447,Male,1,img_1787.bmp,0.03471250722829705,2.1943891312264827,1.2434784806089905
1788,27.8912914104,Male,1,img_1788.bmp,0.01843829831769486,2.314313963290028,1.151583646503759
1789,21.6157508431,Male,1,img_1789.bmp,0.01973984294537964,2.10954155897053,1.2167297345955461
1790,32.7722674073,Male,1,img_1790.bmp,0.02652973234710809,2.2222624737307877,1.2161455552693627
1791,25.6599880976,Male,1,img_1791.bmp,0.030898395517436398,2.537434887360176,1.2415686065294302
1792,35.5613965483,Male,1,img_1792.bmp,0.03256219770673332,2.423796100213622,1.195006366027579
1793,25.7994445547,Male,1,img_1793.bmp,0.03418447631487524,2.2266101978917057,1.2288427816513638
1794,30.2699012812,Male,1,img_1794.bmp,0.03553808208960361,2.3880190285680327,1.1954164940497465
1795,26.2831337954,Male,1,img_1795.bmp,0.020408948449805422,2.2633707599011204,1.2396594745977463
1796,30.8459183673,Male,1,img_1796.bmp,0.021139598515192724,2.323694398903362,1.2048445644127066
1797,24.8202040816,Male,1,img_1797.bmp,0.04960895549952037,2.1962534944228786,1.2194325783510007
1798,43.5743801653,Female,1,img_1798.bmp,0.0637296447847284,2.431839463290662,1.1776388003774205
1799,27.2743342516,Female,1,img_1799.bmp,0.029568534609107487,2.338931563421448,1.191498724203646
1800,50.4832374529,Male,1,img_1800.bmp,0.05106037524225196,2.117089906482752,1.1539753274297466
1801,36.3981352906,Male,1,img_1801.bmp,0.027663445582401185,2.7022581485569477,1.148463362344778
1802,38.7431111111,Male,1,img_1802.bmp,0.02753929391261526,2.705629766326582,1.2639147198234957
1803,32.4942222222,Male,1,img_1803.bmp,0.009453088358117501,2.4139456028599087,1.1769888385063114
1804,43.8917793965,Female,1,img_1804.bmp,0.008596145859817819,1.9247474323199754,1.2364643903781283
1805,21.9458896982,Female,1,img_1805.bmp,0.010838961372904679,2.3857333883307006,1.2377756277119485
1806,37.2297297297,Male,1,img_1806.bmp,0.0,0.0,0.0
1807,29.527027027,Male,1,img_1807.bmp,0.04711757118775085,2.3643268584897337,1.3188801321950274
1808,44.3813131313,Female,1,img_1808.bmp,0.0,0.0,0.0
1809,32.277318641,Female,1,img_1809.bmp,0.032661022198546795,3.082966134618979,1.2088399388345064
1810,34.1100591716,Female,1,img_1810.bmp,0.0290959666727846,2.5525586292102194,1.1989862791645092
1811,27.4544378698,Female,1,img_1811.bmp,0.045480037990894985,2.2565984890911555,1.1967133258482843
1812,35.665316358,Male,1,img_1812.bmp,0.037709717819194834,2.3048160251573098,1.2708404155966668
1813,25.9014274691,Male,1,img_1813.bmp,0.04917373050588793,2.736216083031213,1.154327925541676
1814,29.9831382662,Male,1,img_1814.bmp,0.06708054826914055,2.3945657130528786,1.160595863606574
1815,24.4048799841,Male,1,img_1815.bmp,0.021307410910388354,2.4432848997360646,1.1827922933636446
1816,36.6145833333,Male,1,img_1816.bmp,0.02295875183298086,2.0627682500635975,1.2464796672411336
1817,26.4438657407,Male,1,img_1817.bmp,0.0,0.0,0.0
1818,59.874426079,Female,1,img_1818.bmp,0.0635368935984238,2.7090362380147925,1.2145516921017796
1819,48.7387511478,Female,1,img_1819.bmp,0.057329918527732636,2.27706881880001,1.1550154554124454
1820,38.7843364198,Male,1,img_1820.bmp,0.008666273700647093,2.0895604233982934,1.2739886402792968
1821,25.4945987654,Male,1,img_1821.bmp,0.023452535592408254,2.488448369421923,1.2185093318872335
1822,29.2252456538,Female,1,img_1822.bmp,0.02436101932709172,2.503455843176028,1.2336938936572224
1823,25.3285462333,Female,1,img_1823.bmp,0.02237717191543789,2.191513419700672,1.1520281958405905
1824,27.7518349534,Male,1,img_1824.bmp,0.022980851114659657,2.2352532873255617,1.1216249816447885
1825,18.1293394168,Male,1,img_1825.bmp,0.03211715367485284,2.3661758595047973,1.1543656418621957
1826,27.8581081081,Male,1,img_1826.bmp,0.03639527493975402,2.574762660228787,1.163213737845493
1827,24.2635135135,Male,1,img_1827.bmp,0.04661062774389768,2.03915604837769,1.2368215067774215
1828,40.7382212144,Female,1,img_1828.bmp,0.008894982958958285,2.4492196203244476,1.2601460286217485
1829,31.8820861678,Female,1,img_1829.bmp,0.0,0.0,0.0
1830,38.3910943079,Male,1,img_1830.bmp,0.0,0.0,0.0
1831,32.4847721067,Male,1,img_1831.bmp,0.012305765870951946,2.337301685772147,1.1254417125698122
1832,43.5260145682,Female,1,img_1832.bmp,0.012071977969460268,2.021187163528363,1.176712245972036
1833,30.7242455775,Female,1,img_1833.bmp,0.022914571887481045,2.1914068527282273,1.224870699870263
1834,37.1957671958,Female,1,img_1834.bmp,0.021136202282786294,1.9698158453801073,1.2715946969707672
1835,30.9964726631,Female,1,img_1835.bmp,0.03511727049837536,2.5271166519123667,1.1870736878975796
1836,29.0223306436,Female,1,img_1836.bmp,0.019931500492002513,2.8240266962213334,1.2006160076940002
1837,24.0093826234,Female,1,img_1837.bmp,0.0,0.0,0.0
1838,39.9337278107,Female,1,img_1838.bmp,0.022514052042071575,2.509021297398176,1.2533338769665574
1839,30.7822485207,Female,1,img_1839.bmp,0.022593231519516064,2.2784153419840365,1.3247431061435042
1840,38.3886282605,Male,1,img_1840.bmp,0.03434749039479829,2.622471188948423,1.121364598841925
1841,30.3415274911,Male,1,img_1841.bmp,0.03723549411616223,2.4466790823706512,1.2893488209811979
1842,39.6689189189,Male,1,img_1842.bmp,0.04514724376637848,2.264508776754906,1.199790822807899
1843,26.8310810811,Male,1,img_1843.bmp,0.0,0.0,0.0
1844,41.7872295736,Male,1,img_1844.bmp,0.06729368533349203,2.1832400154313185,1.156432550796407
1845,36.7668557026,Male,1,img_1845.bmp,0.0331797140460857,2.5869271717990423,1.123689357479074
1846,33.2845993757,Female,1,img_1846.bmp,0.03242771553750414,2.060505493450583,1.275543641232563
1847,30.1755983351,Female,1,img_1847.bmp,0.050651300792548835,2.3938883093156003,1.1447577416306527
1848,33.6700824237,Female,1,img_1848.bmp,0.05514848478418507,2.0901800063670097,1.1984046878625236
1849,26.6228558699,Female,1,img_1849.bmp,0.04118720223192487,2.156732862501863,1.2325186588401116
1850,37.7432432432,Male,1,img_1850.bmp,0.0,0.0,0.0
1851,23.75,Male,1,img_1851.bmp,0.0167261766208238,2.2216556955824096,1.2585282019719568
1852,29.4511242604,Male,1,img_1852.bmp,0.016352874556634242,2.2194533721963756,1.2851161100043171
1853,24.459408284,Male,1,img_1853.bmp,0.044961373190509336,1.9985223492626285,1.117698192379879
1854,38.616349481,Female,1,img_1854.bmp,0.0636360219668526,2.5327548561935584,1.1971510897573945
1855,29.1903114187,Female,1,img_1855.bmp,0.058810046920467374,1.9786553320568296,1.223495474642464
1856,34.9675605536,Male,1,img_1856.bmp,0.04269854360626192,2.0630945931965763,1.1245636323702992
1857,25.8455882353,Male,1,img_1857.bmp,0.07145042571771497,2.2236983841138462,1.266401826003761
1858,62.2635135135,Male,1,img_1858.bmp,0.047128238401256704,2.319502209039163,1.0890523002676247
1859,36.5878378378,Male,1,img_1859.bmp,0.035714688142901185,2.0615528128088303,1.147815629704677
1860,33.6311728395,Male,1,img_1860.bmp,0.0,0.0,0.0
1861,24.680941358,Male,1,img_1861.bmp,0.06267330300255737,2.237420418617304,1.2469560252306655
1862,44.1497584541,Female,1,img_1862.bmp,0.05411505328100676,2.2614044919569554,1.1786881759545587
1863,35.2902751523,Female,1,img_1863.bmp,0.039079661385762125,2.4015599988598897,1.259827270286627
1864,37.2719982179,Female,1,img_1864.bmp,0.058133237820099694,2.024521750883434,1.2817817468937545
1865,25.3700155937,Female,1,img_1865.bmp,0.0328733080113597,2.2873908871990096,1.1020481248993335
1866,30.2620511803,Male,1,img_1866.bmp,0.042238864143707186,2.2645361581102654,1.1788749839186472
1867,23.7075976989,Male,1,img_1867.bmp,0.008773721876091004,2.595258403333608,1.173548256195644
1868,30.2620511803,Male,1,img_1868.bmp,0.008000901314235991,1.938265940978554,1.3315934206168722
1869,23.7075976989,Male,1,img_1869.bmp,0.04747150256751193,2.703616309827404,1.1477831429955354
1870,30.9893877551,Male,1,img_1870.bmp,0.0,0.0,0.0
1871,23.8159183673,Male,1,img_1871.bmp,0.031413631918473586,2.362718913397467,1.1971476840867024
1872,35.15,Male,1,img_1872.bmp,0.02751520597799452,2.4211246460845466,1.1820055128640714
1873,25.1071428571,Male,1,img_1873.bmp,0.042117492735408414,2.1350485873297878,1.2494696298436938
1874,32.074985122,Male,1,img_1874.bmp,0.06294287785449688,2.2938797229219534,1.1809872197816176
1875,24.4048799841,Male,1,img_1875.bmp,0.06840195525014597,2.087567942406448,1.1849209301128363
1876,58.9061065197,Male,1,img_1876.bmp,0.011104346848100192,2.6617468163612155,1.2028902531320604
1877,30.9862258953,Male,1,img_1877.bmp,0.011670446791481395,2.398731571736223,1.2678698429752284
1878,28.3455112497,Female,1,img_1878.bmp,0.05522770458793542,2.3590913603428167,1.1978309052013836
1879,22.8643350412,Female,1,img_1879.bmp,0.03895651015682188,2.0961487027256425,1.3370955575391938
1880,39.1280148423,Male,1,img_1880.bmp,0.05241633627316447,1.9328561438077791,1.191333792336471
1881,25.4924945185,Male,1,img_1881.bmp,0.056607491506654006,1.9563485638464568,1.1798180560451559
1882,41.5547006943,Male,1,img_1882.bmp,0.014707268304928113,2.631463024619865,1.250721589707944
1883,26.3839369488,Male,1,img_1883.bmp,0.01509871865680453,2.343913046624992,1.3037529388999938
1884,30.8459183673,Male,1,img_1884.bmp,0.06975611739944321,2.4324394519846257,1.248302150225761
1885,24.6767346939,Male,1,img_1885.bmp,0.011304802995821484,2.425273667620452,1.2013132643972018
1886,41.0488754325,Male,1,img_1886.bmp,0.012645715903884757,2.4528867461578567,1.19072459325754
1887,38.464316609,Male,1,img_1887.bmp,0.07531814039762118,2.2142857142857144,1.159739841968743
1888,37.8561851211,Male,1,img_1888.bmp,0.06714969991136471,2.157046531934961,1.1918206957027861
1889,32.3830017301,Male,1,img_1889.bmp,0.008527149308219819,2.314544421658035,1.2115862244337952
1890,28.0550304558,Male,1,img_1890.bmp,0.03386592936717029,2.587697498539782,1.1769853462150246
1891,25.5448435203,Male,1,img_1891.bmp,0.027519504434868815,2.0827770739911995,1.1986215910905011
1892,34.2991180334,Male,1,img_1892.bmp,0.0350119492198982,2.6929084662115264,1.1769091284962272
1893,27.0435353725,Male,1,img_1893.bmp,0.019268384758180393,2.4341837818214898,1.2222137491648222
1894,36.3310810811,Male,1,img_1894.bmp,0.07465021696858012,2.03097981113147,1.2532302530199342
1895,26.0608108108,Male,1,img_1895.bmp,0.03202577295642474,2.260492554642765,1.1653659500683944
1896,40.3106490233,Male,1,img_1896.bmp,0.02661651287505319,2.6022328174922515,1.2336794326943712
1897,32.4847721067,Male,1,img_1897.bmp,0.013012313446144412,2.5548132568754607,1.172264057341275
1898,25.2416187264,Male,1,img_1898.bmp,0.0,0.0,0.0
1899,23.8470541559,Male,1,img_1899.bmp,0.0,0.0,0.0
1900,33.6700824237,Male,1,img_1900.bmp,0.0,0.0,0.0
1901,25.0568055246,Male,1,img_1901.bmp,0.012191395946159957,2.1353508898175897,1.2268512751573464
1902,28.5885736957,Male,1,img_1902.bmp,0.014404164811611001,1.978476516751979,1.1206506769978601
1903,23.7075976989,Male,1,img_1903.bmp,0.011335670079210018,2.0485497397072914,1.2076750182689955
1904,33.9023919753,Male,1,img_1904.bmp,0.00941448276407352,1.9974501797215574,1.4037821501982377
1905,27.1219135802,Male,1,img_1905.bmp,0.05126909730069002,2.357865889947354,1.2987436608981977
1906,45.9102040816,Male,1,img_1906.bmp,0.02912578735436697,2.8784253579983092,1.1422896247591972
1907,30.5589795918,Male,1,img_1907.bmp,0.023546008098525074,2.520636642504447,1.1645029681745394
1908,38.9669942051,Female,1,img_1908.bmp,0.03433378849979997,2.4553456682534054,1.1261105629555208
1909,29.9337364575,Female,1,img_1909.bmp,0.04904101705615798,2.604494385376979,1.2214471044295494
1910,32.9117238643,Male,1,img_1910.bmp,0.05560944848325123,2.2972972972972974,1.2307213544953632
1911,26.636183297,Male,1,img_1911.bmp,0.020710892503089457,2.056153137945014,1.2618361812057455
1912,34.109010712,Male,1,img_1912.bmp,0.02125565361190669,1.9566584772755349,1.2068686721533477
1913,23.0346565848,Male,1,img_1913.bmp,0.013792764921178362,2.463338214865145,1.1268614811176967
1914,33.5075999249,Male,1,img_1914.bmp,0.010914491875313468,2.2145346142424502,1.2028227873204431
1915,29.2861700131,Male,1,img_1915.bmp,0.019637244411481618,2.3872163271764006,1.1837822860068075
1916,31.4944,Male,1,img_1916.bmp,0.02371685503315472,1.7760054637632343,1.2862852065863821
1917,24.3706666667,Male,1,img_1917.bmp,0.0,0.0,0.0
1918,37.2926311728,Female,1,img_1918.bmp,0.05411248374864153,2.2440349907827257,1.226303186870594
1919,31.597029321,Female,1,img_1919.bmp,0.055067873519484854,1.977564111835617,1.3267087361930057
1920,36.3119834711,Female,1,img_1920.bmp,0.02722176960809458,2.540438752730525,1.1865828418798228
1921,28.2426538108,Female,1,img_1921.bmp,0.029837945648480014,2.507620627022359,1.1285426395855798
1922,35.6664370983,Female,1,img_1922.bmp,0.06033519300791856,2.2849604035249707,1.1939901474301855
1923,29.8565197429,Female,1,img_1923.bmp,0.0,0.0,0.0
1924,39.7972972973,Male,1,img_1924.bmp,0.07599930422479208,2.6553612553146917,1.220425345163226
1925,22.8513513514,Male,1,img_1925.bmp,0.08628825505136287,2.7760784517459034,1.3488929516911083
1926,29.6819290674,Male,1,img_1926.bmp,0.014493629209070002,2.3354513929465193,1.1207718588240885
1927,24.4051416776,Male,1,img_1927.bmp,0.014340202634276489,2.006125280561692,1.160139530382243
1928,33.3707204369,Female,1,img_1928.bmp,0.009061116614581437,2.880623401417431,1.0781845770976164
1929,24.9542113001,Female,1,img_1929.bmp,0.014478943700559927,2.3403376897317316,1.212681387520237
1930,40.0908888394,Female,1,img_1930.bmp,0.012436180288761768,2.1360593559547936,1.238875125752405
1931,36.3323680107,Female,1,img_1931.bmp,0.028615442515454954,2.453469420050299,1.1876850320377224
1932,34.4531075963,Male,1,img_1932.bmp,0.01751630426279909,3.4006449677886126,1.1945341979834927
1933,26.6228558699,Male,1,img_1933.bmp,0.01467027152782829,2.177871170976429,1.1859997980163381
1934,40.2341311134,Female,1,img_1934.bmp,0.014800114004924028,1.8750257095349276,1.21433116305564
1935,27.9810093652,Female,1,img_1935.bmp,0.01676277769677221,2.4707703882726784,1.2637832029732345
1936,40.2760416667,Male,1,img_1936.bmp,0.01770697889050245,2.0971528434400724,1.2154751797810415
1937,29.8341049383,Male,1,img_1937.bmp,0.032532399290936945,2.5443022706618708,1.170944480691634
1938,34.6646942801,Male,1,img_1938.bmp,0.032519481099560696,2.187538559109096,1.1723118741832375
1939,28.8872452334,Male,1,img_1939.bmp,0.00965255988782848,2.2133225139468187,1.2217471776906499
1940,35.6186666667,Male,1,img_1940.bmp,0.026861291550958278,2.2693038088699526,1.1778039357020922
1941,24.3706666667,Male,1,img_1941.bmp,0.02923771817157649,2.0843373493975905,1.1930750758409088
1942,33.6396484375,Female,1,img_1942.bmp,0.013242871773028034,2.496714398494952,1.1583596723953076
1943,21.6254882812,Female,1,img_1943.bmp,0.014055389892171947,2.0681394493164333,1.3370851698203832
1944,43.8018904321,Male,1,img_1944.bmp,0.07043523723817618,2.4285714285714284,1.1922487645235111
1945,38.377507716,Male,1,img_1945.bmp,0.06433857135333368,2.2234401289051924,1.2314044723867033
1946,46.8666666667,Male,1,img_1946.bmp,0.0485019735069713,2.200112230582907,1.2676297747771783
1947,41.2426666667,Male,1,img_1947.bmp,0.0,0.0,0.0
1948,34.9675605536,Male,1,img_1948.bmp,0.01749451682974754,1.9050587395874796,1.1546864130318255
1949,21.2846020761,Male,1,img_1949.bmp,0.014578758110350608,2.1665903563371964,1.1685494434583135
1950,52.4809027778,Male,1,img_1950.bmp,0.0,0.0,0.0
1951,38.9199459877,Male,1,img_1951.bmp,0.07010202025761854,2.4234472238323055,1.192764331580916
1952,35.15,Male,1,img_1952.bmp,0.0,0.0,0.0
1953,29.4112244898,Male,1,img_1953.bmp,0.03205016155370533,2.7403630871680362,1.1242075776554978
1954,26.289704142,Female,1,img_1954.bmp,0.028679026230592975,2.606727289640683,1.1419606402049802
1955,24.6257988166,Female,1,img_1955.bmp,0.0,0.0,0.0
1956,41.722972973,Male,1,img_1956.bmp,0.043528466671614294,2.117471421466974,1.1875552072221462
1957,33.7635135135,Male,1,img_1957.bmp,0.018606640006135145,2.3959592572480544,1.2105386595040435
1958,38.312283737,Female,1,img_1958.bmp,0.019767372017959698,2.159798439522322,1.1922424620889733
1959,25.3894896194,Female,1,img_1959.bmp,0.0296465227500381,2.1456452767425276,1.2891755635627928
1960,37.9304199219,Female,1,img_1960.bmp,0.026167502332996723,2.499134798382118,1.2099702069452745
1961,25.2297363281,Female,1,img_1961.bmp,0.016271765587226907,2.4222672643683474,1.325041331949897
1962,23.7455432539,Male,1,img_1962.bmp,0.01176483139114257,2.279231824687282,1.2614046845368367
1963,21.107149559,Male,1,img_1963.bmp,0.03908439462782884,1.811884883006725,1.2883648859767682
1964,36.3101536911,Female,1,img_1964.bmp,0.02037795248073826,2.2247945814419934,1.0962441602382915
1965,23.9115646259,Female,1,img_1965.bmp,0.02919820555413211,2.555573297584797,1.1528989976353343
1966,34.1668319778,Male,1,img_1966.bmp,0.05454806220423858,2.634637814870048,1.2586712810202505
1967,29.285855981,Male,1,img_1967.bmp,0.049909576601134764,1.9781464223087362,1.224994255849115
1968,31.9936734694,Male,1,img_1968.bmp,0.06313232926160948,2.618699745596726,1.230635124607353
1969,25.1071428571,Male,1,img_1969.bmp,0.061808705230728005,2.311390639937667,1.1962963181582122
1970,36.487276392,Female,1,img_1970.bmp,0.032038229202160796,2.2704847935742993,1.25326153905544
1971,32.9448223734,Female,1,img_1971.bmp,0.03515020666317869,2.44629924189038,1.1541575957845567
1972,32.2606371129,Female,1,img_1972.bmp,0.0,0.0,0.0
1973,27.249276008,Female,1,img_1973.bmp,0.0,0.0,0.0
1974,41.4185677445,Female,1,img_1974.bmp,0.009402922892136787,1.9467665974232462,1.2818788704404795
1975,35.8403094624,Female,1,img_1975.bmp,0.060749058906552786,2.220332367409824,1.2239743492194473
1976,28.7448888889,Male,1,img_1976.bmp,0.0,0.0,0.0
1977,26.2453333333,Male,1,img_1977.bmp,0.028473395696763115,2.5160709840044877,1.1052747724005891
1978,45.8864901332,Male,1,img_1978.bmp,0.03355313648553947,2.380265074557365,1.1850286473276053
1979,34.9780738742,Male,1,img_1979.bmp,0.02130631767181587,2.05852365136617,1.3182503831289352
1980,38.2567085757,Male,1,img_1980.bmp,0.021572199486270975,2.1268426207345983,1.3924558359903305
1981,25.7243385251,Male,1,img_1981.bmp,0.03860888249131604,2.4678198571633043,1.24742912703098
1982,37.3020408163,Female,1,img_1982.bmp,0.04660390631591211,2.5968761206562996,1.1727462458485804
1983,31.5632653061,Female,1,img_1983.bmp,0.04539613473947467,2.234143868016747,1.1904720283927734
1984,31.8682484568,Male,1,img_1984.bmp,0.028955238826482585,2.3311181745221505,1.167232170232863
1985,23.7316743827,Male,1,img_1985.bmp,0.04048164159564723,2.242236872795651,1.306720193757907
1986,30.2699012812,Female,1,img_1986.bmp,0.027973609881896164,2.3540880971685767,1.247361017559035
1987,24.215921025,Female,1,img_1987.bmp,0.029497577743099683,1.9968266389240878,1.2992699788118536
1988,41.8090397924,Female,1,img_1988.bmp,0.04362056558879283,2.4642068023195516,1.1786160538823216
1989,27.365916955,Female,1,img_1989.bmp,0.05087528647312995,2.1914303237623884,1.154985192774893
1990,39.1512586322,Female,1,img_1990.bmp,0.023125078998600463,2.092457497388747,1.2453531745045847
1991,32.8870572511,Female,1,img_1991.bmp,0.023252041812512177,2.0914012529082293,1.2269950875623747
1992,55.3717706364,Male,1,img_1992.bmp,0.0,0.0,0.0
1993,45.0357067843,Male,1,img_1993.bmp,0.01688388603638484,2.9178049599870692,1.1893181029098125
1994,38.2698224852,Female,1,img_1994.bmp,0.024668070350223274,2.5089073916391444,1.2772374553859356
1995,24.9585798817,Female,1,img_1995.bmp,0.02296754234099518,2.391648801864963,1.1945104609272197
1996,42.9611111111,Female,1,img_1996.bmp,0.014472448399267208,2.361299283447321,1.2120927773088532
1997,34.9547222222,Female,1,img_1997.bmp,0.015639502716541704,2.7069412697754576,1.2341363280943602
1998,27.1157142857,Male,1,img_1998.bmp,0.0,0.0,0.0
1999,19.5118367347,Male,1,img_1999.bmp,0.021428291457194354,2.628532751026363,1.1733965879173245
2000,34.326171875,Female,1,img_2000.bmp,0.019249675079994748,2.1913006491725824,1.2888905807599764
2001,26.9460449219,Female,1,img_2001.bmp,0.04511587674241606,2.14295432238341,1.2628283017264492
2002,35.1756756757,Male,1,img_2002.bmp,0.0,0.0,0.0
2003,31.8378378378,Male,1,img_2003.bmp,0.033603834577414074,2.2107757488638926,1.2525029694747878
2004,35.4379332073,Male,1,img_2004.bmp,0.03920667016066321,2.4021628308868697,1.1712979021197827
2005,25.3971854652,Male,1,img_2005.bmp,0.03233119440660363,2.3881827773665028,1.2485672197172641
2006,33.4472318339,Female,1,img_2006.bmp,0.01836235468660556,2.2921309838416306,1.275255045847662
2007,30.4065743945,Female,1,img_2007.bmp,0.017424826973595313,2.2409140992014844,1.2169567571985096
2008,53.5526315789,Male,1,img_2008.bmp,0.019409448744358807,2.9344449187422272,1.1887541605567962
2009,40.8947368421,Male,1,img_2009.bmp,0.015187048906436731,2.010724338187943,1.3350638192474062
2010,36.2779133046,Male,1,img_2010.bmp,0.05033525515184005,2.6183564005592515,1.197420431286035
2011,26.3839369488,Male,1,img_2011.bmp,0.05315895280641253,2.372290545219794,1.203517182364848
2012,36.6059171598,Female,1,img_2012.bmp,0.023217673899392985,2.462443472902137,1.2201005342719256
2013,25.7905325444,Female,1,img_2013.bmp,0.015471358889795301,2.305644601996057,1.3462603599078764
2014,30.8459183673,Male,1,img_2014.bmp,0.02247135741853355,2.0766423177328877,1.2112614026566428
2015,24.1028571429,Male,1,img_2015.bmp,0.0,0.0,0.0
2016,29.1183431953,Female,1,img_2016.bmp,0.011334977343493265,2.1344150463188187,1.3618744954184343
2017,27.4544378698,Female,1,img_2017.bmp,0.013282266364620989,2.3225163868212384,1.291493951839549
2018,36.0424804688,Female,1,img_2018.bmp,0.017659156789695298,2.189650462481956,1.1752209317899867
2019,26.6027832031,Female,1,img_2019.bmp,0.0,0.0,0.0
2020,36.0424804688,Female,1,img_2020.bmp,0.08505168844277712,2.6549743668986503,1.1723267832200681
2021,30.5502929688,Female,1,img_2021.bmp,0.08370000031426814,2.1854990358417674,1.2552153643338373
2022,31.7748702422,Female,1,img_2022.bmp,0.04288304397701967,2.5412906556330976,1.2018859823335633
2023,21.1325692042,Female,1,img_2023.bmp,0.0,0.0,0.0
2024,34.951625907,Female,1,img_2024.bmp,0.05784283982394269,2.2008715583691743,1.2167280083335574
2025,33.062348831,Female,1,img_2025.bmp,0.06368175598477914,2.4300835628531336,1.2495628417526203
2026,25.8398306973,Female,1,img_2026.bmp,0.05297874379044269,2.4277587170397354,1.2848083357146987
2027,22.3945199376,Female,1,img_2027.bmp,0.18243721094887064,2.3513922775992793,1.218644058272736
2028,36.629026956,Male,1,img_2028.bmp,0.028969045091599505,2.5348316264943094,1.136724603091178
2029,32.3537146614,Male,1,img_2029.bmp,0.01442012711622587,2.8006380956756476,1.2247542406507388
2030,38.0193877551,Male,1,img_2030.bmp,0.01310446637382754,2.64002854826912,1.1694252454099796
2031,26.5418367347,Male,1,img_2031.bmp,0.04069748864240049,2.3119019250281587,1.2074515614592098
2032,44.1497584541,Male,1,img_2032.bmp,0.024594594908271664,2.053203495905839,1.2601072558464974
2033,34.109010712,Male,1,img_2033.bmp,0.01967120951823329,2.4547263272550524,1.1672178448235333
2034,32.7722674073,Female,1,img_2034.bmp,0.019706387910443462,2.447896578554288,1.2054454976424847
2035,23.0103154136,Female,1,img_2035.bmp,0.04869668545049572,2.4553721630368774,1.10741013610608
2036,33.7667824074,Male,1,img_2036.bmp,0.010382676641987545,2.5038460468978854,1.2129762978637852
2037,31.0545910494,Male,1,img_2037.bmp,0.01783321957502033,2.556483426986547,1.221536100743918
2038,34.8267967724,Male,1,img_2038.bmp,0.01823849133228921,2.393268806744683,1.188968188249687
2039,24.2732219929,Male,1,img_2039.bmp,0.018335225070930855,2.4060629118293955,1.2235931106813749
2040,36.5878378378,Male,1,img_2040.bmp,0.01938219706942227,1.9653438886592562,1.2322165047892097
2041,29.527027027,Male,1,img_2041.bmp,0.0,0.0,0.0
2042,43.3950617284,Male,1,img_2042.bmp,0.036437041076663054,2.9369365892514883,1.2049824749415987
2043,30.5121527778,Male,1,img_2043.bmp,0.0462926359004705,1.9805309051344482,1.1766229881362977
2044,30.5020661157,Female,1,img_2044.bmp,0.03752743715026804,2.609446886185541,1.1470735640287735
2045,27.1129476584,Female,1,img_2045.bmp,0.033695434791580416,2.38966914139438,1.1490740831471205
2046,27.4058810425,Female,1,img_2046.bmp,0.0,0.0,0.0
2047,19.5756293161,Female,1,img_2047.bmp,0.02820420633997757,1.8189412101016373,1.1853066848209666
2048,25.8398306973,Female,1,img_2048.bmp,0.027790880543092155,1.9409600840467522,1.1938454271448171
2049,21.1416796614,Female,1,img_2049.bmp,0.022583736125328158,2.301259453013103,1.3216248230129763
2050,40.3106490233,Male,1,img_2050.bmp,0.038355377797067255,2.0486081110815664,1.2802949249513758
2051,29.9745851712,Male,1,img_2051.bmp,0.0,0.0,0.0
2052,36.3119834711,Female,1,img_2052.bmp,0.0,0.0,0.0
2053,27.1129476584,Female,1,img_2053.bmp,0.03075061800475018,2.402717466733099,1.2479120441003662
2054,33.8332466181,Female,1,img_2054.bmp,0.03533148668198931,2.2106136252422717,1.2297937215193584
2055,24.6891259105,Female,1,img_2055.bmp,0.020052228996276084,2.4277715798803734,1.1828613662307008
2056,35.8673469388,Male,1,img_2056.bmp,0.0,0.0,0.0
2057,29.4112244898,Male,1,img_2057.bmp,0.04302120334097951,2.3923822277162827,1.20435633570422
2058,38.2434362529,Male,1,img_2058.bmp,0.0824441523170035,2.6035967844918337,1.1918602994694165
2059,27.9073724008,Male,1,img_2059.bmp,0.08172207859269082,2.621015980615571,1.147167367964685
2060,62.2635135135,Male,1,img_2060.bmp,0.03474269892000197,2.072867905596267,1.1681242698801284
2061,34.277027027,Male,1,img_2061.bmp,0.040498241106802974,2.1155149575792973,1.2212366917911732
2062,36.541752674,Male,1,img_2062.bmp,0.018277531101364538,2.3529692936885978,1.2903022487922875
2063,30.0776881216,Male,1,img_2063.bmp,0.020740183126318392,2.115797818069922,1.30568955036002
2064,58.3544921875,Female,1,img_2064.bmp,0.038772854566969266,2.167967552845663,1.2145262782376893
2065,54.7502441406,Female,1,img_2065.bmp,0.04451742709537433,2.3423119645697317,1.1714210396566618
2066,41.5032894737,Male,1,img_2066.bmp,0.03029532634024713,2.375562409642955,1.1257743061828773
2067,28.6019736842,Male,1,img_2067.bmp,0.0338907090421923,2.123624760966273,1.1560596194492632
2068,42.0389660494,Male,1,img_2068.bmp,0.046565147703779716,2.0641828151703145,1.1923604274080302
2069,25.7658179012,Male,1,img_2069.bmp,0.04675917656919699,1.9637990857811978,1.2633078453085536
2070,36.2586788336,Male,1,img_2070.bmp,0.05709306810881282,2.123561274165816,1.2094931475869501
2071,29.285855981,Male,1,img_2071.bmp,0.04988955643130047,2.4037151525614395,1.1856438249891994
2072,34.7476586889,Female,1,img_2072.bmp,0.05568163355298684,2.399191000137059,1.253820181642828
2073,29.2611862643,Female,1,img_2073.bmp,0.0462877166952407,2.0376164424398095,1.3155870289605438
2074,42.9077148438,Female,1,img_2074.bmp,0.06632937741407156,1.9446178188884473,1.287637417149659
2075,25.7446289062,Female,1,img_2075.bmp,0.028831564544336115,2.386279773672436,1.210417357106238
2076,28.4780092593,Male,1,img_2076.bmp,0.03027650477872254,2.2137970157071014,1.220663179949353
2077,25.7658179012,Male,1,img_2077.bmp,0.014701582421859713,2.272681521662946,1.216008761896057
2078,32.5462962963,Male,1,img_2078.bmp,0.03654727615539008,2.1970611616405398,1.242219529282328
2079,24.4097222222,Male,1,img_2079.bmp,0.03474798163826086,2.647236908148428,1.193052126626842
2080,39.4623842593,Female,1,img_2080.bmp,0.01841779600666563,2.138115007418724,1.2185681157877333
2081,29.8341049383,Female,1,img_2081.bmp,0.01830879412710739,2.0773306409006933,1.1253572900725166
2082,34.1671983487,Male,1,img_2082.bmp,0.010924292478213894,2.6213699338544223,1.162412610557131
2083,24.4051416776,Male,1,img_2083.bmp,0.009074635534266316,2.26879351197944,1.2434256175726743
2084,35.9365354938,Male,1,img_2084.bmp,0.010585650619489533,2.446052360993592,1.1979865822156481
2085,28.7492283951,Male,1,img_2085.bmp,0.013443039928965953,2.3933637120647844,1.2411883888057869
2086,29.4440686785,Female,1,img_2086.bmp,0.0602080588439771,1.9770193072517757,1.2879992490258618
2087,25.6035379813,Female,1,img_2087.bmp,0.055834337705046,1.839570770195238,1.1742708347220085
2088,23.0259511212,Female,1,img_2088.bmp,0.0158352034845021,2.2002763565796655,1.2538424278243425
2089,21.2547241119,Female,1,img_2089.bmp,0.014559010367653776,2.4661131631815376,1.1857073712323813
2090,29.6951331497,Female,1,img_2090.bmp,0.01883559321058917,2.1094243984828034,1.2452378423219468
2091,23.2396694215,Female,1,img_2091.bmp,0.015311557205011522,2.191328963443369,1.2307388285171963
2092,38.2432,Male,1,img_2092.bmp,0.0,0.0,0.0
2093,30.6195555556,Male,1,img_2093.bmp,0.0,0.0,0.0
2094,53.1368102797,Female,1,img_2094.bmp,0.0,0.0,0.0
2095,30.9964726631,Female,1,img_2095.bmp,0.014602120502255324,2.0388793718120826,1.2535042845110314
2096,30.6804205515,Male,1,img_2096.bmp,0.01651136542216451,2.164100142220054,1.2988560455366203
2097,23.0103154136,Male,1,img_2097.bmp,0.0,0.0,0.0
2098,26.6287878788,Male,1,img_2098.bmp,0.0,0.0,0.0
2099,22.5941230487,Male,1,img_2099.bmp,0.059778483060526674,2.417390076491403,1.23582113835715
2100,50.6753902663,Female,1,img_2100.bmp,0.011935380390474147,2.6766169947535494,1.1897794952300695
2101,44.5426997245,Female,1,img_2101.bmp,0.011939693227546923,2.1218329223071795,1.221583184242633
2102,40.8607419163,Male,1,img_2102.bmp,0.04031125263578734,2.567545927388543,1.162476387438193
2103,26.4967268399,Male,1,img_2103.bmp,0.0277907618883673,2.465536146575667,1.2680608014736103
2104,29.267755102,Male,1,img_2104.bmp,0.04321519550518826,2.4892856826560794,1.152620325896462
2105,20.6595918367,Male,1,img_2105.bmp,0.030452731269041407,2.320531160071949,1.1684737258875224
2106,30.3813766986,Male,1,img_2106.bmp,0.08114535547522146,2.45937529935651,1.229687649678255
2107,23.1775451103,Male,1,img_2107.bmp,0.016935287292405225,2.1244718250006067,1.1773531792181688
2108,32.277318641,Female,1,img_2108.bmp,0.01939007179888313,1.9222745285439737,1.2241486233179366
2109,20.9802571166,Female,1,img_2109.bmp,0.020245695245942014,2.031966753883756,1.266487640106191
2110,31.8682484568,Male,1,img_2110.bmp,0.02584402013824442,1.9370758712643352,1.2703549635149831
2111,26.8506944444,Male,1,img_2111.bmp,0.06664336484361519,2.2324507176859583,1.2449630419700473
2112,39.7336033951,Male,1,img_2112.bmp,0.0649509325538363,2.069813927103778,1.28074729084196
2113,32.5462962963,Male,1,img_2113.bmp,0.012588443730786294,2.391503678943305,1.2172049521134165
2114,49.9273469388,Male,1,img_2114.bmp,0.00940495254883324,1.8469595147159463,1.2890871026107802
2115,32.4240816327,Male,1,img_2115.bmp,0.04761955344640778,2.243988739013219,1.2475108499086316
2116,43.0067567568,Male,1,img_2116.bmp,0.05406061361988464,2.1220913886981667,1.2707325022010616
2117,32.0945945946,Male,1,img_2117.bmp,0.07106197980386866,2.193356061110647,1.2366938848016846
2118,33.6700824237,Male,1,img_2118.bmp,0.01349290616153199,2.093987928584245,1.2926069618822134
2119,27.4058810425,Male,1,img_2119.bmp,0.028174661736196725,2.3783262273212977,1.1818720387133375
2120,51.4892578125,Female,1,img_2120.bmp,0.013137683457446979,1.8637477257051338,1.2518988621612428
2121,45.8254394531,Female,1,img_2121.bmp,0.038028723336449695,2.7382084747182054,1.2134372615936801
2122,50.6269463668,Female,1,img_2122.bmp,0.04851015764523426,2.611682818041851,1.3112826305936232
2123,31.4708044983,Female,1,img_2123.bmp,0.027134807719697066,2.3494602650223455,1.1675678858732228
2124,32.9117238643,Male,1,img_2124.bmp,0.024868623693399636,2.095397935261436,1.2735805382769356
2125,22.4524895854,Male,1,img_2125.bmp,0.04695512739409057,2.3665408223644753,1.1700021914005423
2126,57.3163927336,Female,1,img_2126.bmp,0.047607603971401506,2.273335627456105,1.2223137860228104
2127,34.3594290657,Female,1,img_2127.bmp,0.0,0.0,0.0
2128,32.8618421053,Male,1,img_2128.bmp,0.07453246618565812,2.5191831580462316,1.1098663337035342
2129,23.125,Male,1,img_2129.bmp,0.06295031147787465,2.665394628167164,1.2844229319197151
2130,43.854442344,Male,1,img_2130.bmp,0.036272119552073975,2.1607099451307192,1.3145863303905791
2131,25.8401596303,Male,1,img_2131.bmp,0.03161350063750936,2.6338112982923616,1.2146963820847307
2132,73.8750234566,Male,1,img_2132.bmp,0.03304287230459028,2.448942431918837,1.2359141486612428
2133,58.176580972,Male,1,img_2133.bmp,0.049639758155116384,2.3834036263711558,1.1404357202175808
2134,29.7549565605,Male,1,img_2134.bmp,0.04258162024929276,2.215773033179082,1.1770655657146305
2135,25.0568055246,Male,1,img_2135.bmp,0.022576423373007682,2.435839861511169,1.1901799243044064
2136,29.4272762346,Female,1,img_2136.bmp,0.024443896672551625,2.119467886725069,1.2312132177823698
2137,22.3755787037,Female,1,img_2137.bmp,0.026670502662496615,2.266452173510226,1.2133697343621657
2138,33.6311728395,Male,1,img_2138.bmp,0.026745519947133835,2.4518594651850685,1.2176039925030973
2139,27.6643518519,Male,1,img_2139.bmp,0.01837331908546092,2.438132174675838,1.2061689102306115
2140,30.4734471758,Male,1,img_2140.bmp,0.045467865474778,1.9578075648698479,1.2295391427959834
2141,25.5924188403,Male,1,img_2141.bmp,0.03869306682976124,1.8115939802007621,1.2215764029715632
2142,39.7011019284,Female,1,img_2142.bmp,0.039808194176234525,2.7181400459505567,1.1675482446597902
2143,26.9515610652,Female,1,img_2143.bmp,0.05127738844374418,2.298071763238973,1.2690381009145888
2144,35.5613965483,Male,1,img_2144.bmp,0.02796340929729864,2.469098357803434,1.1709525112240358
2145,26.9150962111,Male,1,img_2145.bmp,0.025879377682396423,2.211350596615675,1.2273042649282728
2146,26.289704142,Female,1,img_2146.bmp,0.038914779639749784,2.791744401902788,1.2181654026387798
2147,20.1332544379,Female,1,img_2147.bmp,0.016090847615395136,2.5153209265316874,1.1737836718426913
2148,27.1940091252,Female,1,img_2148.bmp,0.0,0.0,0.0
2149,21.6157508431,Female,1,img_2149.bmp,0.0,0.0,0.0
2150,37.7644628099,Female,1,img_2150.bmp,0.02410032547381845,2.5257705891685958,1.1478248148349026
2151,20.0119375574,Female,1,img_2151.bmp,0.02375659653100502,2.3685753469573587,1.1857692312418928
2152,26.6027832031,Female,1,img_2152.bmp,0.022697402956291683,2.211924902580068,1.2202911551995532
2153,22.3120117188,Female,1,img_2153.bmp,0.0250199703680956,2.560726196384483,1.3034398357661534
2154,41.1965973535,Male,1,img_2154.bmp,0.03445768060992033,2.3989687972172042,1.2351290768658336
2155,28.3503465658,Male,1,img_2155.bmp,0.0624919829400927,2.4816850909432233,1.1482809859951209
2156,81.2119302668,Male,1,img_2156.bmp,0.0,0.0,0.0
2157,42.0825456837,Male,1,img_2157.bmp,0.0234002929385083,2.8601313672101987,1.183359237517232
2158,31.8682484568,Male,1,img_2158.bmp,0.06480241373606561,2.6726717439357213,1.1961848348737159
2159,24.4097222222,Male,1,img_2159.bmp,0.01198396959885298,2.567253873856302,1.1322009093277434
2160,33.3783783784,Male,1,img_2160.bmp,0.013963767282987165,2.175917306491062,1.2648545201275623
2161,26.9594594595,Male,1,img_2161.bmp,0.0238194925760288,2.546368792783266,1.1175445341272283
2162,57.3247070312,Female,1,img_2162.bmp,0.027515411640600455,2.347926783567894,1.2394930420381691
2163,30.7219238281,Female,1,img_2163.bmp,0.022023965176636046,2.6193512806077996,1.1716580438815467
2164,50.1136110492,Female,1,img_2164.bmp,0.033144257574901304,2.5300389772601033,1.206918144681846
2165,32.8870572511,Female,1,img_2165.bmp,0.0629856278649824,2.492127342243235,1.1272608384884686
2166,53.559392006,Male,1,img_2166.bmp,0.08357188342563564,2.497057091387191,1.1068827031142763
2167,28.8904109589,Male,1,img_2167.bmp,0.010604255637483616,2.516372894344592,1.18484094199174
2168,43.9016326531,Female,1,img_2168.bmp,0.010358613648068575,2.1434972588893633,1.2330182677688317
2169,34.576122449,Female,1,img_2169.bmp,0.06863193316539556,2.4328951708447373,1.1778611632425657
2170,28.9719313878,Female,1,img_2170.bmp,0.023308211343425856,2.4551708998220825,1.2020359204368032
2171,24.273780352,Female,1,img_2171.bmp,0.021695785004282698,2.3839101637482525,1.2667081495226302
2172,43.3950617284,Male,1,img_2172.bmp,0.03292057245661087,2.7462939328592952,1.14820020780683
2173,29.8341049383,Male,1,img_2173.bmp,0.03192255617789072,2.270757444296806,1.2116688544196297
2174,34.5389266818,Female,1,img_2174.bmp,0.022505491875738165,2.645274111038555,1.2398231732048166
2175,29.5794910557,Female,1,img_2175.bmp,0.02634610124108149,2.0430464530225807,1.3079161301879525
2176,43.2615384615,Female,1,img_2176.bmp,0.022553401414837342,2.11467868706435,1.235348299798211
2177,39.1017751479,Female,1,img_2177.bmp,0.017939677429615875,1.9218089975136134,1.2134345052152258
2178,29.425312438,Male,1,img_2178.bmp,0.020037763390025273,2.759909901672597,1.1366363689610113
2179,27.7518349534,Male,1,img_2179.bmp,0.01662428343511858,2.4469998854082937,1.1542104631042351
2180,34.864114263,Male,1,img_2180.bmp,0.03663255696592034,2.174367978561745,1.1525900182185913
2181,26.4967268399,Male,1,img_2181.bmp,0.022031118014298707,2.7361451856386476,1.2238581814310405
2182,35.9403550296,Female,1,img_2182.bmp,0.021455305850572436,2.6614193976947598,1.2405332127491395
2183,24.459408284,Female,1,img_2183.bmp,0.023175416046887817,2.272376742540181,1.2250022167647487
2184,33.8587755102,Male,1,img_2184.bmp,0.023935669124714398,2.153444195775834,1.2700289006717518
2185,25.2506122449,Male,1,img_2185.bmp,0.06592206952311544,2.1213203435596424,1.245497090115382
2186,42.3234693878,Male,1,img_2186.bmp,0.0746125816417612,2.1681497555393667,1.2506445849846095
2187,31.5632653061,Male,1,img_2187.bmp,0.010931722035031833,2.0992215311503326,1.248417237033511
2188,31.2444444444,Female,1,img_2188.bmp,0.010829059582226228,1.8924322962738251,1.3096896080616838
2189,20.1136111111,Female,1,img_2189.bmp,0.02106053635177356,2.6877655034737216,1.19603787042595
2190,45.4797959184,Female,1,img_2190.bmp,0.021361569355119375,2.381311225675252,1.2500107188335625
2191,32.7110204082,Female,1,img_2191.bmp,0.03645171614600761,2.159361189346173,1.2373928452294547
2192,40.8607419163,Male,1,img_2192.bmp,0.013421117563737041,2.7039663375825977,1.1925276246853496
2193,25.5205316405,Male,1,img_2193.bmp,0.012672212119159658,2.5956884548291823,1.215953843927974
2194,46.0206308272,Male,1,img_2194.bmp,0.031185583620021426,2.174127014366382,1.1695459692162082
2195,26.0783574688,Male,1,img_2195.bmp,0.03105940846074477,1.9998798425936892,1.2638635520197583
2196,33.6700824237,Male,1,img_2196.bmp,0.04574775265125456,2.543770303482972,1.1858192460393766
2197,24.273780352,Male,1,img_2197.bmp,0.041213042142515956,2.400627241455107,1.1580357130947077
2198,35.6186666667,Male,1,img_2198.bmp,0.01593116375971977,2.582674569301549,1.1489784896455093
2199,26.1203555556,Male,1,img_2199.bmp,0.01406716136469267,2.1813545098147604,1.218028850981934
2200,58.5833333333,Male,1,img_2200.bmp,0.0,0.0,0.0
2201,40.6177777778,Male,1,img_2201.bmp,0.03058606332562603,2.1456452767425276,1.2298462669859742
2202,39.4623842593,Female,1,img_2202.bmp,0.03171849170803567,2.054762975786143,1.236341992041045
2203,29.1560570988,Female,1,img_2203.bmp,0.026800411369438965,2.479696900423061,1.1804638826997702
2204,28.0711805556,Male,1,img_2204.bmp,0.017172901455768837,2.1995510857828435,1.30179437737344
2205,24.8165509259,Male,1,img_2205.bmp,0.05029477993081592,2.2399261802653934,1.168846150080045
2206,26.6228558699,Male,1,img_2206.bmp,0.05486030052489838,2.0470389033808503,1.2280702776517105
2207,21.924704834,Male,1,img_2207.bmp,0.02439646302174022,2.2246844729172808,1.2753777008857243
2208,44.3980112873,Female,1,img_2208.bmp,0.023840427437004638,2.0596109599962875,1.252792970183136
2209,36.8409029831,Female,1,img_2209.bmp,0.018606411645423995,2.451977798013518,1.2545658388849323
2210,36.5764828304,Male,1,img_2210.bmp,0.02183378970647871,2.3180322051258946,1.247022572599943
2211,23.7747138398,Male,1,img_2211.bmp,0.018821129405094554,2.601154853397324,1.202789198897933
2212,25.8218549128,Male,1,img_2212.bmp,0.019684628251198898,2.4329694246197744,1.1939079922000142
2213,25.1763085399,Male,1,img_2213.bmp,0.04338589708552321,2.5545791855371975,1.1608390600887106
2214,37.1027777778,Female,1,img_2214.bmp,0.021768595251139,2.126135556212968,1.236590758226722
2215,29.8775,Female,1,img_2215.bmp,0.0253572645361688,2.3151423588898674,1.1736369953868668
2216,44.3671111111,Male,1,img_2216.bmp,0.031375235223021096,2.330858507868518,1.1524354136134205
2217,36.8684444444,Male,1,img_2217.bmp,0.011369199638636092,2.669764368248154,1.1972131471471117
2218,40.0048225309,Male,1,img_2218.bmp,0.012868556375591396,2.335448571687191,1.2330345130424836
2219,24.5453317901,Male,1,img_2219.bmp,0.014000352631757484,2.155494314706754,1.2989566974923823
2220,39.4661773458,Male,1,img_2220.bmp,0.03845606131212881,2.7784450908448406,1.1577868531835658
2221,27.8912914104,Male,1,img_2221.bmp,0.022410290191588626,2.1676829369325423,1.1904960860148925
2222,32.5462962963,Male,1,img_2222.bmp,0.02404785704331762,2.1601494947225524,1.3406387403013598
2223,23.0536265432,Male,1,img_2223.bmp,0.009112545433706973,2.509636679618201,1.2169108113030123
2224,29.9831382662,Male,1,img_2224.bmp,0.06872922073254746,2.4168678077213905,1.220702582908043
2225,25.1021622694,Male,1,img_2225.bmp,0.06346258287330299,2.1824140382802613,1.259113121867347
2226,39.4750976562,Female,1,img_2226.bmp,0.039542491315395834,2.4931894041130396,1.1156321943781684
2227,31.7517089844,Female,1,img_2227.bmp,0.04256670344461433,2.379860186270933,1.2143939776495878
2228,37.8566597294,Male,1,img_2228.bmp,0.016967022182567622,2.1547250953860426,1.2617759567575926
2229,28.3467741935,Male,1,img_2229.bmp,0.013148429645140545,2.079920094856839,1.2068133305071063
2230,35.8673469388,Male,1,img_2230.bmp,0.05113810306537351,2.375,1.217548537646163
2231,28.693877551,Male,1,img_2231.bmp,0.010995628789199975,2.3910397131652936,1.1304329636612152
2232,33.0754043268,Male,1,img_2232.bmp,0.013813390850172304,2.2258675751930563,1.2054654474254611
2233,28.940978786,Male,1,img_2233.bmp,0.03476151620841166,2.7525495505534674,1.210699690825866
2234,30.1285714286,Male,1,img_2234.bmp,0.0,0.0,0.0
2235,27.9765306122,Male,1,img_2235.bmp,0.026732596594450885,2.400592136592447,1.2748433794833194
2236,29.8341049383,Male,1,img_2236.bmp,0.042148134405843495,2.263825696907916,1.2553485663075894
2237,25.6302083333,Male,1,img_2237.bmp,0.038542448080685084,2.3772348541112684,1.145173024881543
2238,52.4506427916,Female,1,img_2238.bmp,0.0,0.0,0.0
2239,43.5743801653,Female,1,img_2239.bmp,0.02058320479712703,2.433721475761369,1.2046113197547303
2240,47.1984863281,Female,1,img_2240.bmp,0.023100002550936433,2.205020255398144,1.1504778615116562
2241,29.1772460938,Female,1,img_2241.bmp,0.026460054046942603,2.203222450942759,1.1619873460045416
2242,45.6098615917,Female,1,img_2242.bmp,0.04273047876898032,2.252934967336141,1.2825792513208012
2243,38.616349481,Female,1,img_2243.bmp,0.04274884067133977,2.1248133812351164,1.206517899171078
2244,37.1189164371,Male,1,img_2244.bmp,0.011196598143198516,2.5536837770772096,1.3267841576848252
2245,32.9228650138,Male,1,img_2245.bmp,0.012212124335633165,2.330772404161333,1.2967611740346254
2246,37.0298306907,Female,1,img_2246.bmp,0.03314552700844672,2.764863756929076,1.2063872192193597
2247,22.8602526203,Female,1,img_2247.bmp,0.03701506376507705,1.8948819077282841,1.322357531692683
2248,28.1889062152,Female,1,img_2248.bmp,0.025245264779655593,2.829092812299127,1.1755131346889747
2249,21.1416796614,Female,1,img_2249.bmp,0.0246228741186987,2.228692729155757,1.1670797191372704
2250,36.9439878893,Female,1,img_2250.bmp,0.023875839174793467,2.297245548582386,1.1334719320255155
2251,33.9033304498,Female,1,img_2251.bmp,0.021745893688601303,2.1274318412764295,1.1973255613953884
2252,26.214159738,Male,1,img_2252.bmp,0.022648539668275628,1.8470478193811137,1.138216737102081
2253,22.3174603175,Male,1,img_2253.bmp,0.01297278194192643,2.1585266074251983,1.2248742050393342
2254,42.3234693878,Male,1,img_2254.bmp,0.012466416087243396,2.239355073700739,1.1635191145374442
2255,27.9765306122,Male,1,img_2255.bmp,0.0481296022242974,2.800181883778915,1.3341207381792675
2256,37.4416896235,Female,1,img_2256.bmp,0.05667144536766217,2.573052828522784,1.1858325024185163
2257,26.6287878788,Female,1,img_2257.bmp,0.01528411531797671,2.258230780349113,1.249286138553543
2258,27.8041992188,Female,1,img_2258.bmp,0.015383967490342636,2.110304833215189,1.283844907495337
2259,24.3715820312,Female,1,img_2259.bmp,0.03659029258197098,2.146676641587638,1.2318762361053677
2260,37.9706790123,Male,1,img_2260.bmp,0.05446190134341709,2.033720765280598,1.2611379030615768
2261,23.7316743827,Male,1,img_2261.bmp,0.008933086449418055,2.39770025721857,1.1730653281918508
2262,39.8676748582,Male,1,img_2262.bmp,0.009454298337283902,2.1681025162085366,1.3046224331253868
2263,32.1894559966,Male,1,img_2263.bmp,0.021948172187598477,2.421596270013539,1.1793484038545108
2264,43.0408163265,Male,1,img_2264.bmp,0.04808702029335897,2.2312188443732155,1.1399159109441666
2265,31.5632653061,Male,1,img_2265.bmp,0.04035166243078867,2.1679325203738182,1.27218155702293
2266,33.2230623819,Male,1,img_2266.bmp,0.018971197222007827,2.5859728534933657,1.2895243030578352
2267,26.2831337954,Male,1,img_2267.bmp,0.0,0.0,0.0
2268,26.5684051398,Female,1,img_2268.bmp,0.010031829540046194,2.2147535455490774,1.2301825266382245
2269,22.6717057193,Female,1,img_2269.bmp,0.014665698924854566,2.48118463274941,1.214143876379876
2270,41.606122449,Male,1,img_2270.bmp,0.01469890122869177,2.3342951228880624,1.2159470932492322
2271,31.5632653061,Male,1,img_2271.bmp,0.014585200885202735,2.380512583522323,1.2418402227380938
2272,52.3474121094,Female,1,img_2272.bmp,0.009216074944745157,2.094577761253135,1.2501419738641568
2273,27.6325683594,Female,1,img_2273.bmp,0.010195589221802252,1.89215712993474,1.258845899558015
2274,38.7367346939,Male,1,img_2274.bmp,0.04810979332381314,2.3209858341221965,1.1368748849949282
2275,30.1285714286,Male,1,img_2275.bmp,0.0369539128053167,2.1478953306220627,1.2748194250500184
2276,32.9188345473,Female,1,img_2276.bmp,0.041627436760720504,2.3391788719225004,1.1695894359612502
2277,25.6035379813,Female,1,img_2277.bmp,0.07536477776539667,1.9666666666666666,1.1778817176496188
2278,34.6188444444,Male,1,img_2278.bmp,0.015412630958845805,2.2781396371873894,1.2009336092896143
2279,19.2465777778,Male,1,img_2279.bmp,0.014225122584436284,1.8869138130567438,1.218949339270213
2280,24.6293252595,Male,1,img_2280.bmp,0.018924975527290278,2.6670143609409944,1.1295325645864391
2281,22.8049307958,Male,1,img_2281.bmp,0.0400204446387198,2.6195402173332334,1.2190308678359598
2282,29.5794910557,Female,1,img_2282.bmp,0.041255666427924845,2.6061184121516376,1.231972128985871
2283,23.9115646259,Female,1,img_2283.bmp,0.031936096708641594,2.5428898819731383,1.1699193984769471
2284,43.9287839714,Male,1,img_2284.bmp,0.038492126563165446,2.0869249148519344,1.2436478068225685
2285,27.3334655822,Male,1,img_2285.bmp,0.013617156451680752,2.296371050157182,1.1982846012716404
2286,35.9936,Male,1,img_2286.bmp,0.013836497467371986,2.19638939945813,1.2336151885636395
2287,27.3701333333,Male,1,img_2287.bmp,0.03179649918371721,2.7071161782195685,1.1802466936544438
2288,35.0795277345,Female,1,img_2288.bmp,0.031349800168424424,2.2080031479346816,1.130283817845924
2289,25.3700155937,Female,1,img_2289.bmp,0.06538127225560066,2.339215337900893,1.2234266457875476
2290,26.0853432282,Male,1,img_2290.bmp,0.06651179305033386,2.3538352832219465,1.1405927915062957
2291,23.7139483893,Male,1,img_2291.bmp,0.017080838763079108,2.3480159205025237,1.2149687530282143
2292,31.0651855469,Female,1,img_2292.bmp,0.017076319847739392,2.3335791461983453,1.1747967324700168
2293,27.1176757812,Female,1,img_2293.bmp,0.015014308633468877,2.259346709120415,1.1611382832140908
2294,30.8459183673,Female,1,img_2294.bmp,0.009849416972486431,2.4444860397116313,1.1966739140295948
2295,27.2591836735,Female,1,img_2295.bmp,0.010880484202124008,2.35798871993148,1.2763575314180062
2296,36.9559611188,Male,1,img_2296.bmp,0.02811598413094368,2.369531366975877,1.230075141319033
2297,32.7722674073,Male,1,img_2297.bmp,0.03537803028984135,2.303823781719566,1.2244635623994686
2298,31.6142011834,Female,1,img_2298.bmp,0.017040506569124366,2.5280978986144613,1.156333178340576
2299,23.2946745562,Female,1,img_2299.bmp,0.03669673443406322,2.408176058058361,1.1858358028663871
2300,42.7944849116,Female,1,img_2300.bmp,0.01030820879411759,2.8542468683849593,1.1450281122690587
2301,36.5764828304,Female,1,img_2301.bmp,0.01991871807920171,2.5048112600705252,1.163689999609161
2302,33.084251607,Female,1,img_2302.bmp,0.034973710170841374,2.5356691098001933,1.185838520686628
2303,21.7871900826,Female,1,img_2303.bmp,0.02025229647521674,2.295334684484342,1.26377932116488
2304,41.0305190466,Male,1,img_2304.bmp,0.03022580389325697,2.1441559748046917,1.3246027578713737
2305,30.0681666295,Male,1,img_2305.bmp,0.024812489901692998,2.576091865847496,1.2162144951355636
2306,29.1418918919,Male,1,img_2306.bmp,0.02964967312192678,2.1536400012338404,1.2601997128181441
2307,22.4662162162,Male,1,img_2307.bmp,0.020442230810714963,2.0521967073502276,1.2069241112965534
2308,30.6634527089,Male,1,img_2308.bmp,0.0203961143748407,1.8440609093400773,1.1873546216756532
2309,20.9802571166,Male,1,img_2309.bmp,0.0324206578182821,2.0463986434968042,1.2621869164743544
2310,32.8175154321,Male,1,img_2310.bmp,0.02081792896078446,1.8097111362089318,1.2634897708719466
2311,28.7492283951,Male,1,img_2311.bmp,0.02962897265841012,1.9732475375818657,1.219089848045922
2312,32.7614784206,Female,1,img_2312.bmp,0.0283643065093041,2.4168174369954265,1.1842367364761537
2313,27.9198806244,Female,1,img_2313.bmp,0.03053757254885454,2.4255999266823705,1.1701810162371806
2314,33.4955632716,Male,1,img_2314.bmp,0.016544279485130393,2.0871419370864035,1.237835577144802
2315,31.4614197531,Male,1,img_2315.bmp,0.015991731136849784,2.1622920360846423,1.2588006596832386
2316,27.669982699,Female,1,img_2316.bmp,0.033784911361872325,2.5673725351230288,1.192361203501948
2317,21.5886678201,Female,1,img_2317.bmp,0.040256823543152645,2.1867710842956143,1.230269632257724
2318,29.0495867769,Female,1,img_2318.bmp,0.027007948834703432,2.1244947575874216,1.2511110480228878
2319,24.2079889807,Female,1,img_2319.bmp,0.025371084838298797,2.0405443803075007,1.2029596769147783
2320,34.9420118343,Male,1,img_2320.bmp,0.0224873214374492,2.557553729852235,1.168263058236981
2321,24.1266272189,Male,1,img_2321.bmp,0.02004358235977316,2.2427519492205295,1.3090883060882952
2322,51.4892578125,Female,1,img_2322.bmp,0.06475123936991371,2.2113136948159875,1.2372265216298264
2323,44.7956542969,Female,1,img_2323.bmp,0.01988640102542341,2.6480458914365452,1.1906535190099767
2324,36.9559611188,Male,1,img_2324.bmp,0.03603534724532694,2.565704627716603,1.1452177632733562
2325,25.7994445547,Male,1,img_2325.bmp,0.043628880913400725,2.075814722939633,1.1955673129569298
2326,29.950295858,Female,1,img_2326.bmp,0.030748296670652524,2.5205342258150663,1.1669954811560643
2327,23.6274556213,Female,1,img_2327.bmp,0.026612293067663585,1.9341387338391816,1.2837431982296756
2328,28.9519526627,Female,1,img_2328.bmp,0.04493649136417662,2.6271966356103156,1.2020596409216526
2329,24.9585798817,Female,1,img_2329.bmp,0.05590037305551824,2.5430176514350435,1.186319843019316
2330,25.9389010117,Male,1,img_2330.bmp,0.008905559259133194,2.801518994543779,1.1252942855992798
2331,23.7075976989,Male,1,img_2331.bmp,0.00849671086944179,2.420659912914686,1.1701313488866592
2332,24.3897959184,Female,1,img_2332.bmp,0.06028512709407247,2.2424243918769418,1.252411153588173
2333,21.5204081633,Female,1,img_2333.bmp,0.06406142838426014,2.3662772596492982,1.2687313018344752
2334,38.0193877551,Male,1,img_2334.bmp,0.031776528503192604,2.38601784543334,1.1976051696365413
2335,30.1285714286,Male,1,img_2335.bmp,0.020685030883086906,2.2835894630781937,1.1887711283422517
2336,46.5893491124,Female,1,img_2336.bmp,0.020257846901270495,2.163311703331999,1.253719432396481
2337,30.7822485207,Female,1,img_2337.bmp,0.04638290835410221,2.6107515659044243,1.2460563720625615
2338,27.1176757812,Female,1,img_2338.bmp,0.05073275456568155,2.460609559952206,1.1816880009621187
2339,23.6850585938,Female,1,img_2339.bmp,0.0,0.0,0.0
2340,38.7431111111,Male,1,img_2340.bmp,0.06664382821453892,2.338844224759808,1.2527487019928727
2341,29.9946666667,Male,1,img_2341.bmp,0.015200512043092989,2.270577350799739,1.1406537640884153
2342,28.12,Male,1,img_2342.bmp,0.015480760397971834,2.0767755143425846,1.1908874314021256
2343,24.9955555556,Male,1,img_2343.bmp,0.039784990042770425,2.4510564137094395,1.2741444123028165
2344,41.0305190466,Female,1,img_2344.bmp,0.04748782613092769,2.325011723235946,1.303174394190115
2345,34.4531075963,Female,1,img_2345.bmp,0.014620276194226999,2.1096822384189298,1.2994393599930025
2346,33.7153061224,Male,1,img_2346.bmp,0.015111164826938233,2.1956717007737026,1.2074029919350915
2347,23.6724489796,Male,1,img_2347.bmp,0.013964245070980827,2.0860428985515096,1.3265118648488945
2348,38.7327823691,Male,1,img_2348.bmp,0.02195477049576329,2.7608344565641243,1.2408595875525867
2349,28.2426538108,Male,1,img_2349.bmp,0.02858599414167081,2.35691381578596,1.2273726157608067
2350,30.7927631579,Male,1,img_2350.bmp,0.021408197942024573,2.0494769365988263,1.1867361860831975
2351,28.8453947368,Male,1,img_2351.bmp,0.0309300627255064,2.235488735288836,1.187454723798707
2352,33.7926614325,Male,1,img_2352.bmp,0.01088234192967051,1.8716505810469988,1.221711445984489
2353,27.5973401698,Male,1,img_2353.bmp,0.010548495828179192,1.8863483835199257,1.3301771084367287
2354,26.6027832031,Female,1,img_2354.bmp,0.028780797042087365,2.2608926888336796,1.2236251805050502
2355,23.1701660156,Female,1,img_2355.bmp,0.030562689071193885,2.3468181769271252,1.2471788720252313
2356,53.8951900861,Male,1,img_2356.bmp,0.015714388569462154,2.123415956609253,1.2676773765908893
2357,36.7668557026,Male,1,img_2357.bmp,0.029282604572397446,2.095845025683296,1.125266408365556
2358,37.6532434041,Male,1,img_2358.bmp,0.015743925767632953,2.025353261056199,1.228261892350397
2359,26.2178139258,Male,1,img_2359.bmp,0.031215863099245223,2.449594607810637,1.1658670154969693
2360,31.3210069058,Female,1,img_2360.bmp,0.03109515744142215,2.2711741554092444,1.2323981944706481
2361,23.3341501448,Female,1,img_2361.bmp,0.022702515272835923,2.880854832254111,1.1360068637483192
2362,44.0021003991,Male,1,img_2362.bmp,0.03551496787838627,2.390815760362977,1.1615042959388424
2363,24.6588951901,Male,1,img_2363.bmp,0.03213975654459986,2.056727702063663,1.2169996749212446
2364,55.8711419753,Male,1,img_2364.bmp,0.025409697829117974,2.1826611501280584,1.1855602972191874
2365,33.9023919753,Male,1,img_2365.bmp,0.03337617811958859,2.4692679664495847,1.146021561845472
2366,28.8904109589,Male,1,img_2366.bmp,0.052414924827400726,1.9749096426203263,1.181706078961726
2367,24.8009007318,Male,1,img_2367.bmp,0.0,0.0,0.0
2368,27.0435353725,Male,1,img_2368.bmp,0.01283503508098955,2.083747702970354,1.2547184304047454
2369,25.7243385251,Male,1,img_2369.bmp,0.011814113234818487,1.998127037098475,1.3417207163294929
2370,39.5285467128,Male,1,img_2370.bmp,0.0,0.0,0.0
2371,25.8455882353,Male,1,img_2371.bmp,0.0,0.0,0.0
2372,32.7789349112,Female,1,img_2372.bmp,0.0399239452393736,2.6197620565519903,1.1739350963718362
2373,22.9618934911,Female,1,img_2373.bmp,0.06104158779956139,2.230803700130258,1.315231680345116
2374,34.8155276817,Female,1,img_2374.bmp,0.06503558872799518,2.520979082331576,1.1824179862842412
2375,25.2374567474,Female,1,img_2375.bmp,0.058061361760156346,2.097780954129113,1.2122619931276002
2376,34.864114263,Male,1,img_2376.bmp,0.08169179727163121,2.3762253976382968,1.1646328571371312
2377,29.9831382662,Male,1,img_2377.bmp,0.0,0.0,0.0
2378,41.8043665613,Female,1,img_2378.bmp,0.0854782236930673,1.9653990872877436,1.1972828565264393
2379,35.7457627119,Female,1,img_2379.bmp,0.05561112955566189,2.3286117386286085,1.1965495264429173
2380,34.3848427842,Female,1,img_2380.bmp,0.05515610206802166,2.184880413694381,1.1854004259709185
2381,26.4498790648,Female,1,img_2381.bmp,0.024317087081953848,2.4052154107117527,1.1865753809254591
2382,45.8310810811,Male,1,img_2382.bmp,0.0,0.0,0.0
2383,35.4324324324,Male,1,img_2383.bmp,0.02868355158448367,2.8275527685671498,1.1564021787982324
2384,31.1667387543,Female,1,img_2384.bmp,0.03219907525113448,2.033720765280598,1.2152881163903555
2385,26.6057525952,Female,1,img_2385.bmp,0.01637329603704163,1.9402961461973007,1.2120933933183888
2386,39.321239607,Female,1,img_2386.bmp,0.014329466660933717,2.288226349030518,1.1744070632621975
2387,35.0702947846,Female,1,img_2387.bmp,0.0,0.0,0.0
2388,40.163459631,Male,1,img_2388.bmp,0.016401842634969632,2.137051845971575,1.2467621682954417
2389,34.3062884348,Male,1,img_2389.bmp,0.05074597946076706,2.5129513309746905,1.202539218535858
2390,46.1718896603,Male,1,img_2390.bmp,0.03687587325362922,2.3568347559688902,1.2334648076717079
2391,32.979921186,Male,1,img_2391.bmp,0.03984160715460568,2.2408172622379285,1.2603913312575972
2392,29.7042253521,Male,1,img_2392.bmp,0.05882557159469724,2.484191261896099,1.2243589426372803
2393,26.2178139258,Male,1,img_2393.bmp,0.05672977913998566,2.315471632752752,1.1947899128214199
2394,42.2832874197,Female,1,img_2394.bmp,0.01566191505626037,1.9481840277626317,1.2490598228657652
2395,33.084251607,Female,1,img_2395.bmp,0.016142100391770556,1.9474646101516404,1.2308065225764655
2396,32.0038580247,Male,1,img_2396.bmp,0.008951690917528704,2.2072475037251,1.1664324070079863
2397,27.528742284,Male,1,img_2397.bmp,0.008423771852545066,2.085736136207369,1.1978856718976194
2398,38.0813807004,Female,1,img_2398.bmp,0.05484818995044672,2.142857142857143,1.228733350941807
2399,27.4540186445,Female,1,img_2399.bmp,0.04171362426650375,2.426640509389489,1.221460439023595
2400,30.8459183673,Male,1,img_2400.bmp,0.0,0.0,0.0
2401,27.1157142857,Male,1,img_2401.bmp,0.0,0.0,0.0
2402,29.9831382662,Male,1,img_2402.bmp,0.030642524203156024,2.439697504727593,1.2237320276836137
2403,23.7075976989,Male,1,img_2403.bmp,0.044581391955403164,2.1805486310257725,1.1849090403749412
2404,34.8410644531,Male,1,img_2404.bmp,0.0,0.0,0.0
2405,30.8935546875,Male,1,img_2405.bmp,0.02415075573094474,2.131705015481239,1.1871032356711533
2406,59.1967030519,Female,1,img_2406.bmp,0.026095881254410543,2.1273635504247213,1.2167508936834683
2407,51.2098462909,Female,1,img_2407.bmp,0.04687017465494971,2.3856313867406387,1.1540561498926063
2408,48.9147949219,Female,1,img_2408.bmp,0.03694909314053858,1.9724734969989313,1.122798735726518
2409,30.8935546875,Female,1,img_2409.bmp,0.051454983256298804,2.455457516093978,1.1799035015077153
2410,39.0478079746,Male,1,img_2410.bmp,0.02096542245421079,2.492647725396998,1.1520767246372272
2411,25.5205316405,Male,1,img_2411.bmp,0.01106505526302857,2.0487729489255355,1.279550107143058
2412,30.1108591585,Female,1,img_2412.bmp,0.04949605347808015,2.591444617033794,1.1589995518480114
2413,22.1403376165,Female,1,img_2413.bmp,0.057901026508748205,2.181899117897929,1.2513833176179299
2414,34.2991180334,Male,1,img_2414.bmp,0.020284298639161303,2.508637325577613,1.2178068596289775
2415,25.0647401013,Male,1,img_2415.bmp,0.027562564704046413,2.2598180467545412,1.28034065826321
2416,34.2139577594,Female,1,img_2416.bmp,0.021001958037219725,2.453765993937598,1.2646084858345892
2417,25.8218549128,Female,1,img_2417.bmp,0.02079222804289927,2.214404225635773,1.2605403942127575
2418,29.7549565605,Male,1,img_2418.bmp,0.03383808687919203,1.9711122877266225,1.2605717337345033
2419,24.273780352,Male,1,img_2419.bmp,0.06754216660711075,2.7021047098537276,1.1565101313063815
2420,33.4695496925,Male,1,img_2420.bmp,0.07481466315709327,2.4447250119569257,1.171998863777645
2421,27.0545526681,Male,1,img_2421.bmp,0.03363550706234797,2.4360494412784344,1.1573948981993476
2422,23.75,Male,1,img_2422.bmp,0.031665849374910224,2.5015974277892217,1.1480919800324547
2423,21.0540540541,Male,1,img_2423.bmp,0.030930631023481477,2.8135956195472143,1.1987402434264647
2424,25.6827916352,Female,1,img_2424.bmp,0.03126636745699713,2.43965490103088,1.2391849519293563
2425,22.1403376165,Female,1,img_2425.bmp,0.05629972446807337,2.3080127982580767,1.1241379503365507
2426,38.3505256893,Male,1,img_2426.bmp,0.05852889931593162,2.2616221209635485,1.248881976399638
2427,25.7994445547,Male,1,img_2427.bmp,0.06808031871887527,2.198070026115765,1.2316714594115925
2428,55.5947872577,Female,1,img_2428.bmp,0.020021620661957597,2.7186196306439476,1.2070599270004336
2429,43.8494096681,Female,1,img_2429.bmp,0.029794050472143438,3.0757784956870675,1.1273653287047884
2430,51.4892578125,Female,1,img_2430.bmp,0.027314484307261654,2.2438971456470416,1.2645945832070227
2431,32.6098632812,Female,1,img_2431.bmp,0.011859709527164251,2.0894482797279146,1.2176818509935472
2432,38.7327823691,Female,1,img_2432.bmp,0.01451750938730823,1.9010121534386164,1.3719511401971132
2433,29.6951331497,Female,1,img_2433.bmp,0.0127877490719405,2.29684423667169,1.3097727990150365
2434,42.0389660494,Male,1,img_2434.bmp,0.0123253466026093,2.1679384729049485,1.2821392206456255
2435,24.4097222222,Male,1,img_2435.bmp,0.038835706197184364,2.6201676221266452,1.2069626963212738
2436,57.6069444444,Male,1,img_2436.bmp,0.0,0.0,0.0
2437,35.15,Male,1,img_2437.bmp,0.043790365791269104,2.094051904987772,1.336530910183706
2438,45.4797959184,Female,1,img_2438.bmp,0.04393588158846305,2.2755413351330294,1.2819113108779923
2439,27.2591836735,Female,1,img_2439.bmp,0.0,0.0,0.0
2440,33.4955632716,Male,1,img_2440.bmp,0.02233585118918058,2.3328335376513643,1.1889815379273028
2441,30.6477623457,Male,1,img_2441.bmp,0.019467195446001742,2.0659490750232097,1.2589542843471095
2442,31.9233398438,Female,1,img_2442.bmp,0.019898539701097128,2.3475775130025403,1.1916571619469958
2443,27.8041992188,Female,1,img_2443.bmp,0.0,0.0,0.0
2444,23.7316743827,Female,1,img_2444.bmp,0.03610947263981658,2.463783866246405,1.2178148947796346
2445,21.6975308642,Female,1,img_2445.bmp,0.03531291887210494,2.4590179403105683,1.2476353872049077
2446,23.8672839506,Male,1,img_2446.bmp,0.04535152710527613,2.3064547590123086,1.1898927999388267
2447,22.9180169753,Male,1,img_2447.bmp,0.03347784957750982,2.3656331897840652,1.2177996153815829
2448,43.2315016862,Male,1,img_2448.bmp,0.030307929504315167,2.5554752539118786,1.2054266011910575
2449,34.864114263,Male,1,img_2449.bmp,0.034187714384787765,2.4673225073267036,1.1931328729134405
2450,48.8102833552,Male,1,img_2450.bmp,0.019747726365431057,2.3381023241133563,1.2206625715240393
2451,26.1200975793,Male,1,img_2451.bmp,0.01993450859942948,2.63281265140215,1.1570278606391597
2452,37.7271352986,Female,1,img_2452.bmp,0.024552382565403316,2.2191513683319277,1.2079476168915295
2453,32.7676996725,Female,1,img_2453.bmp,0.06160652665154061,2.3716841349270337,1.1486136446695339
2454,31.1667387543,Female,1,img_2454.bmp,0.025156619303538214,2.2331422301122803,1.2612859706874804
2455,26.6057525952,Female,1,img_2455.bmp,0.04068936887723757,2.339247573028728,1.2502036033277761
2456,43.8494096681,Female,1,img_2456.bmp,0.04400982061784991,2.1417024941039804,1.2147943887488113
2457,31.3210069058,Female,1,img_2457.bmp,0.011196180656086456,2.2085332495310954,1.3137476770860061
2458,43.9016326531,Female,1,img_2458.bmp,0.011492024071882873,2.1506243791117114,1.2719713289798156
2459,37.5889795918,Female,1,img_2459.bmp,0.02470809683878781,2.636547566021911,1.2330094831030352
2460,39.1512586322,Male,1,img_2460.bmp,0.06023156672521321,2.677653373050159,1.230603331443186
2461,25.8398306973,Male,1,img_2461.bmp,0.04738130197184178,2.186432666440485,1.2162422797365944
2462,26.7763157895,Male,1,img_2462.bmp,0.0,0.0,0.0
2463,22.5164473684,Male,1,img_2463.bmp,0.03714085048785315,2.430020576044573,1.1940646494567075
2464,30.5502929688,Female,1,img_2464.bmp,0.02115625621199698,2.3839584557101734,1.2172868794984064
2465,24.8864746094,Female,1,img_2465.bmp,0.01958869154036008,2.5472273043352947,1.1862745098039216
2466,29.8565197429,Female,1,img_2466.bmp,0.013445069789295805,2.5399546476068524,1.2083412868527288
2467,24.5307621671,Female,1,img_2467.bmp,0.018127048290083277,2.077501098449355,1.2926599292701382
2468,46.0206308272,Male,1,img_2468.bmp,0.03155598830698598,2.4063159381365486,1.2208173460618503
2469,27.0545526681,Male,1,img_2469.bmp,0.04001002960020268,2.5647035498348854,1.1346561270390334
2470,44.4243421053,Male,1,img_2470.bmp,0.023551769858496087,2.3076578332886535,1.1780376112478241
2471,35.9046052632,Male,1,img_2471.bmp,0.03184529141753467,2.5706225703738497,1.1799608859227886
2472,37.9258494031,Female,1,img_2472.bmp,0.03139157265946094,2.1710750193409085,1.2764410947003866
2473,25.6604683196,Female,1,img_2473.bmp,0.05014366562961429,2.523451647877978,1.2336340639610015
2474,29.425312438,Male,1,img_2474.bmp,0.04535551755756396,2.363026156742592,1.181513078371296
2475,24.4048799841,Male,1,img_2475.bmp,0.04892217490431966,2.695912747949098,1.1529186298843688
2476,39.4540816327,Male,1,img_2476.bmp,0.03221952053434336,2.3859102178346037,1.2211267102466787
2477,28.693877551,Male,1,img_2477.bmp,0.02448304819886082,1.9340063694707668,1.3364949754718856
2478,36.2731360947,Female,1,img_2478.bmp,0.036765804140554394,1.6909366045463232,1.2129254590869865
2479,29.7839053254,Female,1,img_2479.bmp,0.04117011565417173,2.25,1.2284303382326616
2480,53.8010204082,Male,1,img_2480.bmp,0.023630003349336095,2.1926912790216977,1.1599642789067326
2481,34.4326530612,Male,1,img_2481.bmp,0.024284461502162895,1.9473927518779603,1.3304212829103381
2482,42.5692041522,Male,1,img_2482.bmp,0.04107374378103894,2.340307264409448,1.1696852688989612
2483,31.1667387543,Male,1,img_2483.bmp,0.04274181367206164,2.152452414997574,1.272673362115
2484,28.5021162843,Female,1,img_2484.bmp,0.037903829331377044,2.243093068221218,1.1237791159678132
2485,24.586990421,Female,1,img_2485.bmp,0.03492435778141566,2.1720432507869463,1.1147016335016167
2486,28.5021162843,Female,1,img_2486.bmp,0.01978883289023134,2.242394380839306,1.2152958756962482
2487,24.586990421,Female,1,img_2487.bmp,0.020925547653318787,2.3417099885301753,1.257257923342293
2488,41.032244898,Male,1,img_2488.bmp,0.025059511824895808,2.785897050447236,1.1978600302404383
2489,25.2506122449,Male,1,img_2489.bmp,0.022204966272427518,2.1459141972300806,1.1650773852996092
2490,25.0877700617,Female,1,img_2490.bmp,0.02209447749392995,2.107643204391502,1.1944869863658862
2491,18.3072916667,Female,1,img_2491.bmp,0.0,0.0,0.0
2492,45.9034859521,Female,1,img_2492.bmp,0.0,0.0,0.0
2493,33.2845993757,Female,1,img_2493.bmp,0.06015452210035373,2.394881429990201,1.1974407149951005
2494,37.6528040328,Male,1,img_2494.bmp,0.0471472469372327,2.6091932362824903,1.1844108633461143
2495,27.3167401806,Male,1,img_2495.bmp,0.020467548884965395,2.620991975646995,1.1674959629384967
2496,39.3197190427,Female,1,img_2496.bmp,0.021746494109243918,2.669030032803629,1.2074765906942257
2497,37.8566597294,Female,1,img_2497.bmp,0.028741126483372428,2.410845848920877,1.2116267059708536
2498,37.1027777778,Female,1,img_2498.bmp,0.029223222076001715,2.165954766970543,1.2899260123704919
2499,28.3152777778,Female,1,img_2499.bmp,0.04758340024702423,2.4197386501717775,1.266877466582939
2500,34.4531075963,Male,1,img_2500.bmp,0.060882164218533714,2.5134587404391997,1.2380393363888607
2501,26.6228558699,Male,1,img_2501.bmp,0.024072033842051963,2.6006593600101198,1.2099051566282748
2502,41.0488754325,Female,1,img_2502.bmp,0.02777427798994245,2.184833131184067,1.2732676676738928
2503,33.14316609,Female,1,img_2503.bmp,0.05597056606231695,2.48849410907765,1.1800156113082216
2504,46.3179522498,Female,1,img_2504.bmp,0.06085117178944283,2.245818320160112,1.1877180943918355
2505,33.084251607,Female,1,img_2505.bmp,0.039608446300949465,2.7223555080472357,1.1738504609917493
2506,46.9815103587,Female,1,img_2506.bmp,0.025646805862366943,2.6253346207257273,1.1316653865934758
2507,37.5852082869,Female,1,img_2507.bmp,0.025065276193589205,2.563891865013166,1.1763891800361699
2508,38.312283737,Female,1,img_2508.bmp,0.01901318736034457,2.3295750885291127,1.1911863621155427
2509,23.8691608997,Female,1,img_2509.bmp,0.01988021462723178,2.186788543247061,1.2064099220364017
2510,48.093204775,Female,1,img_2510.bmp,0.0,0.0,0.0
2511,30.9862258953,Female,1,img_2511.bmp,0.056399338932769646,2.193708794859516,1.3128803533966928
2512,35.0795277345,Male,1,img_2512.bmp,0.0,0.0,0.0
2513,30.6945867677,Male,1,img_2513.bmp,0.052712304334413415,2.4395970952040638,1.2342009251820822
2514,35.4379332073,Male,1,img_2514.bmp,0.05453492700734031,2.341442491537315,1.1402545922030791
2515,23.4776307498,Male,1,img_2515.bmp,0.07608650591365251,2.2098892396014813,1.2822411407620546
2516,36.6145833333,Female,1,img_2516.bmp,0.033917787139436176,2.5704263834946524,1.307026369190654
2517,31.8682484568,Female,1,img_2517.bmp,0.03752424317607283,2.0819456241566905,1.281158609320579
2518,22.2379149031,Female,1,img_2518.bmp,0.019904723423581114,2.575748970420194,1.2533761232172291
2519,20.6718645578,Female,1,img_2519.bmp,0.024592323202172153,2.498756596867078,1.152450775060811
2520,29.9831382662,Male,1,img_2520.bmp,0.0,0.0,0.0
2521,19.5239039873,Male,1,img_2521.bmp,0.018535583548489092,2.5198500209563823,1.1794918190680737
2522,30.6804205515,Male,1,img_2522.bmp,0.01639014440229562,2.2959181744197497,1.2377209112959375
2523,27.8912914104,Male,1,img_2523.bmp,0.019223807073314236,2.1825272115276144,1.1886503201214682
2524,32.2666015625,Female,1,img_2524.bmp,0.04118950250435643,2.424521492321204,1.2091646411264323
2525,26.2595214844,Female,1,img_2525.bmp,0.026952078051943922,2.6456764655558396,1.2696178198756352
2526,33.062348831,Female,1,img_2526.bmp,0.03984452544252873,2.3834954702412197,1.2761200202646512
2527,19.8374092986,Female,1,img_2527.bmp,0.03902678282502847,2.4515171067955626,1.2512728104264874
2528,42.0968047337,Female,1,img_2528.bmp,0.04978737414870267,2.2851906522827483,1.1999713583000677
2529,24.459408284,Female,1,img_2529.bmp,0.03990487965090416,2.26787988500742,1.1380977274704132
2530,61.6496786042,Female,1,img_2530.bmp,0.0240993614311118,2.2356695334521683,1.3158655702253195
2531,49.2229109275,Female,1,img_2531.bmp,0.012767257188627432,2.7126251544518514,1.2667611928586122
2532,27.9669731657,Male,1,img_2532.bmp,0.013955470120447797,2.087100599977099,1.3295681933385861
2533,21.7667479827,Male,1,img_2533.bmp,0.07816170926381222,2.0,1.3178415104910608
2534,29.0495867769,Female,1,img_2534.bmp,0.016084168771937506,2.3381485785788305,1.130427284131379
2535,24.2079889807,Female,1,img_2535.bmp,0.015715044493598826,2.2100858965076258,1.1228142249110507
2536,32.7722674073,Male,1,img_2536.bmp,0.025047801141976377,2.381900452929433,1.2217809686046512
2537,25.1021622694,Male,1,img_2537.bmp,0.04024644262218458,2.259636611704019,1.2552948077221444
2538,41.3191836735,Female,1,img_2538.bmp,0.02818310165319449,2.8167192348522545,1.1574722833626028
2539,34.7195918367,Female,1,img_2539.bmp,0.036287540201533124,2.2333955215222305,1.2181654026387798
2540,26.6224852071,Female,1,img_2540.bmp,0.013299426856490618,2.2042989659031385,1.303715611998989
2541,19.1349112426,Female,1,img_2541.bmp,0.014382787965704679,2.263086603647716,1.3763409673876412
2542,26.5784499055,Male,1,img_2542.bmp,0.03595739840120349,2.13586223756249,1.2111872670412929
2543,21.8533921445,Male,1,img_2543.bmp,0.04351636534410823,2.544898832392772,1.2698298572343887
2544,35.9365354938,Male,1,img_2544.bmp,0.017521324363542243,2.209855146707211,1.2588068991602184
2545,25.7658179012,Male,1,img_2545.bmp,0.05099344194505022,2.394007580373763,1.225762524139988
2546,37.8759183673,Male,1,img_2546.bmp,0.04982180968178765,2.1096785286919406,1.2975360995705951
2547,31.5632653061,Male,1,img_2547.bmp,0.046993609525562974,2.231235842241269,1.1156179211206345
2548,21.5029086132,Male,1,img_2548.bmp,0.053412320684171954,2.2005681084665385,1.1732192540245223
2549,19.3921936573,Male,1,img_2549.bmp,0.029575350783936052,2.615206110609268,1.1745407652674635
2550,34.930541103,Female,1,img_2550.bmp,0.0282714474161286,2.3775485749564345,1.2208004015396319
2551,27.4323621228,Female,1,img_2551.bmp,0.02222306821930327,2.4496977585572175,1.1808245439193215
2552,66.203433923,Female,1,img_2552.bmp,0.026323190110324798,2.2084645158491805,1.3149628951500751
2553,54.8647242456,Female,1,img_2553.bmp,0.019946443309947163,2.294660227838642,1.2910596060502406
2554,45.2936414235,Male,1,img_2554.bmp,0.01716681129570165,2.3617435691027886,1.2023146407881193
2555,33.4366672289,Male,1,img_2555.bmp,0.0,0.0,0.0
2556,36.9559611188,Male,1,img_2556.bmp,0.01785448497859691,2.3440175117915723,1.2938700088579775
2557,24.4048799841,Male,1,img_2557.bmp,0.023860265540804334,2.2920101014445327,1.2713390427413187
2558,32.9979591837,Male,1,img_2558.bmp,0.07768154548874767,2.319909415350408,1.1822963477581308
2559,24.9636734694,Male,1,img_2559.bmp,0.0,0.0,0.0
2560,28.1260813149,Male,1,img_2560.bmp,0.06716436148389528,2.56539470647306,1.1888746017944642
2561,25.3894896194,Male,1,img_2561.bmp,0.06201464612970311,2.3148749272124354,1.2093064014278319
2562,31.5988237765,Male,1,img_2562.bmp,0.028611364181453543,2.544126544811274,1.160112144750934
2563,28.6456626759,Male,1,img_2563.bmp,0.015773354012895754,2.4646493493312103,1.1742649861920076
2564,28.8851351351,Male,1,img_2564.bmp,0.01351740867801565,2.0850868937311264,1.3219930698581908
2565,25.6756756757,Male,1,img_2565.bmp,0.042095004442147074,2.1860655098689206,1.2047105186011777
2566,50.1162109375,Female,1,img_2566.bmp,0.04506328917007449,2.1189297928690287,1.1701869677244643
2567,31.7517089844,Female,1,img_2567.bmp,0.009364799427232562,2.4593759726926265,1.192203461355418
2568,34.9949590422,Male,1,img_2568.bmp,0.009684280111146845,2.172659725181532,1.2756027947189936
2569,29.088636841,Male,1,img_2569.bmp,0.008718809649342962,2.2062544582278196,1.1999275336770372
2570,34.7160493827,Female,1,img_2570.bmp,0.009507717617713846,2.0647908642428656,1.2732119674864382
2571,25.8599143361,Female,1,img_2571.bmp,0.030568744690773475,2.655583272047217,1.2272253935721888
2572,33.2243441358,Male,1,img_2572.bmp,0.04541085219577784,2.374600343310623,1.2028756722660434
2573,23.7316743827,Male,1,img_2573.bmp,0.035150173337753964,2.3462807924557922,1.162031367266033
2574,40.3106490233,Male,1,img_2574.bmp,0.03760180620992707,2.191771725947459,1.196842693269434
2575,24.6588951901,Male,1,img_2575.bmp,0.03547878880234715,2.081175098386446,1.2415359153286447
2576,30.5413631634,Female,1,img_2576.bmp,0.01213925918272382,2.205238018225512,1.2389374118187197
2577,26.3350676379,Female,1,img_2577.bmp,0.011964430036140594,1.9524158267045375,1.230031090793121
2578,25.3700155937,Female,1,img_2578.bmp,0.01869648552517776,2.16444810951805,1.2430883861601345
2579,20.2020494542,Female,1,img_2579.bmp,0.019189970657054363,2.0320780062385544,1.2061463970984834
2580,31.6142011834,Female,1,img_2580.bmp,0.019319055155816243,2.3427572771859992,1.240223662611425
2581,21.6307692308,Female,1,img_2581.bmp,0.021574813732330774,2.5830224629561767,1.1854159095322567
2582,24.7971781305,Female,1,img_2582.bmp,0.03657482134248401,2.710064354116399,1.2425779653607254
2583,19.4834971025,Female,1,img_2583.bmp,0.03725995714415047,2.1743834613120896,1.2631055714576287
2584,27.4058810425,Female,1,img_2584.bmp,0.04319465288411323,2.4616121683407375,1.278247517876862
2585,22.2379149031,Female,1,img_2585.bmp,0.011386595939042647,1.9717992788923429,1.2796679413160377
2586,60.9827767276,Male,1,img_2586.bmp,0.012040342968035132,1.8656521178755934,1.3176503910686583
2587,50.4990548204,Male,1,img_2587.bmp,0.028081491555623835,2.29207000452874,1.1857636308388304
2588,49.3305858766,Female,1,img_2588.bmp,0.03818821142869657,2.049783077231473,1.213055480397203
2589,35.236132769,Female,1,img_2589.bmp,0.05024061130423429,2.58525367911272,1.1756782807912793
2590,29.8505778017,Female,1,img_2590.bmp,0.047128107635487276,2.6083616114062846,1.1366222381950613
2591,20.7820478366,Female,1,img_2591.bmp,0.009707009780136833,2.369622650466318,1.2296811331175164
2592,34.9675605536,Female,1,img_2592.bmp,0.009943260873483932,2.2487135709718666,1.2500597450559316
2593,22.044766436,Female,1,img_2593.bmp,0.03618998095504627,2.2648762503788595,1.2008801803457203
2594,39.5975510204,Male,1,img_2594.bmp,0.042546247952201716,2.0926448684224117,1.343909194388937
2595,27.6895918367,Male,1,img_2595.bmp,0.05263724535413089,2.433561633125864,1.2663794116137912
2596,37.2297297297,Male,1,img_2596.bmp,0.05268450789158574,2.0908920263206436,1.2381917659864115
2597,28.8851351351,Male,1,img_2597.bmp,0.0,0.0,0.0
2598,40.3466483012,Female,1,img_2598.bmp,0.021011018066180456,2.649653131082896,1.1867572233512353
2599,31.9545454545,Female,1,img_2599.bmp,0.03859191519950268,2.214963792296965,1.1279282877125754
2600,28.1702043245,Male,1,img_2600.bmp,0.03694518709442537,2.331161841443149,1.167149278973814
2601,21.1973814719,Male,1,img_2601.bmp,0.040911894844827365,2.2909449656178635,1.1914520738139578
2602,32.5462962963,Male,1,img_2602.bmp,0.034482422217635145,2.4935999664893345,1.2987175159212565
2603,26.4438657407,Male,1,img_2603.bmp,0.03264998008645974,2.4759966762678673,1.2801551739185464
2604,31.7464818315,Male,1,img_2604.bmp,0.0,0.0,0.0
2605,24.36357908,Male,1,img_2605.bmp,0.05171775168916424,2.3753089792130377,1.2452524221101688
2606,48.056640625,Female,1,img_2606.bmp,0.061329993851580764,2.7865777947352726,1.2575096310179912
2607,30.8935546875,Female,1,img_2607.bmp,0.0,0.0,0.0
2608,39.8676748582,Male,1,img_2608.bmp,0.02723883850180557,1.9181949298013188,1.2572996032225616
2609,33.961352657,Male,1,img_2609.bmp,0.05898154421083903,2.381504648466073,1.1911384515709376
2610,34.4326530612,Male,1,img_2610.bmp,0.06688610288824572,2.3,1.1311475409836065
2611,24.3897959184,Male,1,img_2611.bmp,0.030512279943933258,2.647551432126914,1.1500337354759549
2612,41.186240258,Female,1,img_2612.bmp,0.033248821231505514,2.4521270010479257,1.196863031274025
2613,33.2512765386,Female,1,img_2613.bmp,0.017563624666263267,2.602087691550372,1.1872467475308652
2614,34.8595041322,Female,1,img_2614.bmp,0.03014869271497166,2.259467652928376,1.2131264054811748
2615,25.1763085399,Female,1,img_2615.bmp,0.013902643658730247,1.791925350639404,1.2757149511287516
2616,29.7839053254,Female,1,img_2616.bmp,0.01393218863313883,2.0328490948985376,1.3007849802300826
2617,20.466035503,Female,1,img_2617.bmp,0.0723619738358721,2.3538352832219465,1.2570583405351727
2618,43.5743801653,Female,1,img_2618.bmp,0.03778375763956165,2.4426105202930235,1.1336625560747629
2619,22.9168962351,Female,1,img_2619.bmp,0.036830879694760954,2.516743453077609,1.145605628192906
2620,32.0945945946,Male,1,img_2620.bmp,0.032644101611102615,2.5253491907124146,1.1841091798406698
2621,28.7567567568,Male,1,img_2621.bmp,0.0,0.0,0.0
2622,32.0044224766,Female,1,img_2622.bmp,0.03643858626151069,2.5099870132775863,1.1310359628599946
2623,21.0314776275,Female,1,img_2623.bmp,0.038613061050207544,2.0482713376843824,1.239520605973853
2624,36.6059171598,Male,1,img_2624.bmp,0.008493037605420537,2.468563250554222,1.2998359401911321
2625,31.6142011834,Male,1,img_2625.bmp,0.011532101689483263,2.463461458683163,1.3483188726695574
2626,29.6175147929,Female,1,img_2626.bmp,0.02378070089925184,2.2209018503900246,1.2087091693557104
2627,24.9585798817,Female,1,img_2627.bmp,0.015969299189986946,2.2093151469882035,1.2013098515471468
2628,33.3783783784,Male,1,img_2628.bmp,0.0,0.0,0.0
2629,27.6013513514,Male,1,img_2629.bmp,0.0,0.0,0.0
2630,23.4130622837,Female,1,img_2630.bmp,0.00902089171506227,2.5600273204154695,1.18996684054553
2631,18.2439446367,Female,1,img_2631.bmp,0.03410438886826448,2.5590537463361565,1.1909902295360857
2632,37.1189164371,Female,1,img_2632.bmp,0.04110924562536108,2.353727128869074,1.2795042763395812
2633,32.277318641,Female,1,img_2633.bmp,0.018403749642803516,2.3431152012368783,1.2552685741946121
2634,30.4155102041,Female,1,img_2634.bmp,0.020948233808049038,2.0954628401897817,1.2674812116644072
2635,23.2420408163,Female,1,img_2635.bmp,0.017226786760472082,2.1100893873226743,1.2812756648168298
2636,33.610887574,Female,1,img_2636.bmp,0.010913378195296183,2.3361605003512262,1.2589830770279509
2637,25.6241420118,Female,1,img_2637.bmp,0.010659031495017245,2.3085747392563825,1.3374051852602464
2638,38.6487268519,Male,1,img_2638.bmp,0.04320034571312999,2.284505242741351,1.2864654516503975
2639,28.4780092593,Male,1,img_2639.bmp,0.0,0.0,0.0
2640,36.0140739351,Male,1,img_2640.bmp,0.05224027589617832,2.600100478129942,1.1489593963616567
2641,23.6136235691,Male,1,img_2641.bmp,0.0,0.0,0.0
2642,39.3267746914,Male,1,img_2642.bmp,0.03693078219398692,2.9026880428707766,1.265210360788552
2643,29.8341049383,Male,1,img_2643.bmp,0.06898642718397936,2.448523283979417,1.1979680624931288
2644,38.9669942051,Female,1,img_2644.bmp,0.027694060395441696,2.177238469386303,1.2018115227650255
2645,31.8820861678,Female,1,img_2645.bmp,0.028603224440572218,2.0238240737742124,1.194833784432146
2646,37.4933333333,Male,1,img_2646.bmp,0.04781127904407886,2.523451647877978,1.1595960514780193
2647,27.4951111111,Male,1,img_2647.bmp,0.04905533318391268,2.6403804333481133,1.216977696527479
2648,29.4112244898,Male,1,img_2648.bmp,0.033511313181486764,2.1956923939289394,1.3014944233025874
2649,24.3897959184,Male,1,img_2649.bmp,0.014303110596340273,2.433368640666225,1.2740541771739853
2650,29.1772460938,Female,1,img_2650.bmp,0.018515010405609454,2.5564249900193547,1.2722305287617686
2651,23.1701660156,Female,1,img_2651.bmp,0.08341712417928251,2.2758844958551316,1.1115281735278126
2652,28.6191715976,Female,1,img_2652.bmp,0.03965259480323412,2.019977151432088,1.238169448748849
2653,25.7905325444,Female,1,img_2653.bmp,0.00901666244653309,2.8705562125142143,1.2892863747661243
2654,19.7702702703,Female,1,img_2654.bmp,0.010169143389913567,2.5713861877879265,1.2412250045442759
2655,17.7162162162,Female,1,img_2655.bmp,0.06005576531260549,2.6095957935436482,1.197457263417308
2656,34.309220679,Male,1,img_2656.bmp,0.0789253519908115,2.6510644256822955,1.194363507848606
2657,28.4780092593,Male,1,img_2657.bmp,0.04909896894007099,2.1659069266737676,1.1982946468733902
2658,38.7885742188,Female,1,img_2658.bmp,0.011004659913283825,2.4326206526570906,1.1597577328765774
2659,23.341796875,Female,1,img_2659.bmp,0.011647245720305711,2.1397350501686248,1.2818619954184487
2660,33.2230623819,Male,1,img_2660.bmp,0.014208973901997969,2.4503237086861827,1.1789023809267627
2661,25.8401596303,Male,1,img_2661.bmp,0.019824929413251233,2.4212818274485026,1.163614961272973
2662,49.9911111111,Male,1,img_2662.bmp,0.01464917196926324,2.6406442351900985,1.1942816565652525
2663,33.744,Male,1,img_2663.bmp,0.011534904549986732,2.5699655456300405,1.1393951457774858
2664,29.6819290674,Male,1,img_2664.bmp,0.03924495003366259,2.468176814143582,1.0733780373004211
2665,26.1200975793,Male,1,img_2665.bmp,0.08776208337068193,2.40555333304503,1.153846153846154
2666,34.7626981994,Female,1,img_2666.bmp,0.074903883114941,2.7435427875334892,1.148191271202787
2667,30.9841440473,Female,1,img_2667.bmp,0.07790895032725097,2.290320101304464,1.2489346372787993
2668,25.0568055246,Female,1,img_2668.bmp,0.07982955069855208,2.297570916596117,1.2514175591381103
2669,21.1416796614,Female,1,img_2669.bmp,0.0,0.0,0.0
2670,29.5794910557,Female,1,img_2670.bmp,0.0,0.0,0.0
2671,28.1625094482,Female,1,img_2671.bmp,0.0,0.0,0.0
2672,32.687067474,Male,1,img_2672.bmp,0.02182087504620298,2.6443088380083806,1.1799596877012055
2673,23.4130622837,Male,1,img_2673.bmp,0.04818736709247658,2.906190968595482,1.2236033740262406
2674,50.9743652344,Female,1,img_2674.bmp,0.03698554685399977,2.2903251457188802,1.1510157942114416
2675,30.20703125,Female,1,img_2675.bmp,0.0,0.0,0.0
2676,48.0868639053,Female,1,img_2676.bmp,0.061276570329461086,2.7658842118644644,1.0983169273179814
2677,39.7673372781,Female,1,img_2677.bmp,0.07092914458433336,2.1621236692340116,1.1724999011587618
2678,38.7327823691,Female,1,img_2678.bmp,0.011675038272914022,2.496940052143401,1.1562488241584952
2679,28.2426538108,Female,1,img_2679.bmp,0.011142111702622104,2.1477798472446774,1.2059576166903294
2680,38.7301800591,Female,1,img_2680.bmp,0.03844960677085531,2.6007323466024848,1.1528635841002473
2681,27.3945176028,Female,1,img_2681.bmp,0.0402235335504678,2.5518327358685386,1.2149322287487494
2682,42.1267542883,Female,1,img_2682.bmp,0.021509251983335528,2.2897121159060876,1.1756242288071044
2683,32.573847182,Female,1,img_2683.bmp,0.023035075902556663,2.164233671289203,1.2429991664684732
2684,32.5350346021,Female,1,img_2684.bmp,0.05516399529046602,2.034797568833766,1.2636000486201826
2685,21.892733564,Female,1,img_2685.bmp,0.04982182392886293,2.211308230101409,1.217907511040923
2686,32.7789349112,Female,1,img_2686.bmp,0.009155752741782154,2.2331680841624846,1.132099542697451
2687,24.2930177515,Female,1,img_2687.bmp,0.00963992652260053,2.1550063021426626,1.2227879478510624
2688,28.0812672176,Female,1,img_2688.bmp,0.04291818099821722,2.4047856037124915,1.1851325236588388
2689,24.2079889807,Female,1,img_2689.bmp,0.042131072191014814,2.5951187251700922,1.153154606009912
2690,44.7040863177,Female,1,img_2690.bmp,0.039092065491158595,2.449998939284424,1.1660094660709395
2691,29.0495867769,Female,1,img_2691.bmp,0.02284496654094336,2.2789146653098236,1.2377161518016435
2692,29.285855981,Male,1,img_2692.bmp,0.02440283600884316,2.0448901456649216,1.3082577962842268
2693,27.7518349534,Male,1,img_2693.bmp,0.020722969878297744,2.47120796729088,1.2339367799650673
2694,43.2638101239,Male,1,img_2694.bmp,0.020814877192831146,2.331353422926616,1.2966580171122297
2695,31.5988237765,Male,1,img_2695.bmp,0.029854450407049163,2.4813349261440507,1.2084426574919058
2696,50.2878417969,Female,1,img_2696.bmp,0.028949236913901662,2.352351386799996,1.1871822561855063
2697,34.1545410156,Female,1,img_2697.bmp,0.051665061759586434,2.484490544726004,1.155070027003574
2698,42.3101851852,Male,1,img_2698.bmp,0.03838948668716643,2.0699796028441972,1.163219362292113
2699,32.5462962963,Male,1,img_2699.bmp,0.038934092274356465,2.294783217134587,1.171774163810487
2700,27.4323621228,Female,1,img_2700.bmp,0.03590955746773384,2.6127523079639445,1.1956233772903404
2701,24.8720083247,Female,1,img_2701.bmp,0.0302876625246887,2.231837892408954,1.212362478195005
2702,39.3197190427,Female,1,img_2702.bmp,0.009639911761505051,2.2810143196790382,1.2610695305263562
2703,29.8098335068,Female,1,img_2703.bmp,0.01014071532248049,2.2161941058443575,1.287850902471031
2704,28.693877551,Male,1,img_2704.bmp,0.06839350812836965,2.2996887305658733,1.2385990049933988
2705,25.1071428571,Male,1,img_2705.bmp,0.07847249964822998,2.285295498768849,1.1873799916771348
2706,42.7170138889,Male,1,img_2706.bmp,0.022414753894893495,2.2640427838213073,1.2202514912968137
2707,27.7999614198,Male,1,img_2707.bmp,0.02111270375557035,2.3979478405824106,1.131417347457245
2708,44.7040863177,Female,1,img_2708.bmp,0.012610898912184297,2.4738258836323768,1.1832281833145475
2709,30.5020661157,Female,1,img_2709.bmp,0.05173308656464724,2.2277140206079915,1.1018526977290466
2710,36.6191976476,Male,1,img_2710.bmp,0.06001450488668621,2.3330946751685673,1.2452413263720805
2711,31.7464818315,Male,1,img_2711.bmp,0.03159482180054062,2.2899009351488617,1.2949339141517682
2712,32.277318641,Female,1,img_2712.bmp,0.03317536294845526,2.176284957494357,1.2645705043111581
2713,29.0495867769,Female,1,img_2713.bmp,0.036693576559757884,2.2385710753751,1.2100457806655651
2714,36.9587881488,Female,1,img_2714.bmp,0.02209667002097803,1.964610716079787,1.2099584495285236
2715,31.3210069058,Female,1,img_2715.bmp,0.04785468411081821,2.137642395618908,1.240873296096334
2716,38.377507716,Male,1,img_2716.bmp,0.0736603500963769,2.574930137034483,1.1493940234208353
2717,28.884837963,Male,1,img_2717.bmp,0.012540481826425668,2.2809401849757376,1.1312972461698025
2718,35.665316358,Male,1,img_2718.bmp,0.013595708520196597,2.216293686247589,1.1899322941364443
2719,25.4945987654,Male,1,img_2719.bmp,0.012879122431972373,2.3621178890036405,1.1875455816464304
2720,43.1773356401,Male,1,img_2720.bmp,0.08673285535344201,2.502786551115795,1.208361969022628
2721,36.0317906574,Male,1,img_2721.bmp,0.07652115315118488,2.3605960673320308,1.262911993574224
2722,35.896264445,Female,1,img_2722.bmp,0.01914766236670804,2.4105061686015676,1.21606211011468
2723,26.4498790648,Female,1,img_2723.bmp,0.01413530975232682,2.1825559044838236,1.2675085973027982
2724,33.961352657,Male,1,img_2724.bmp,0.015859064882289716,2.242564631455553,1.232921632496463
2725,24.36357908,Male,1,img_2725.bmp,0.019453457612389802,2.035079874235397,1.2296997411159245
2726,37.6532434041,Male,1,img_2726.bmp,0.019002611610150134,2.7147875163458672,1.1691949269066246
2727,29.285855981,Male,1,img_2727.bmp,0.02531129669649098,2.2867083152184486,1.1819022880394774
2728,43.9287839714,Male,1,img_2728.bmp,0.06869469364787868,2.238035048896243,1.1421841039082228
2729,25.7994445547,Male,1,img_2729.bmp,0.01000698039905615,2.4516318264741894,1.1692935204120716
2730,38.7689940828,Female,1,img_2730.bmp,0.04479540968026969,2.3355867267065182,1.157283874022033
2731,31.9469822485,Female,1,img_2731.bmp,0.03558384066609438,2.311952605778808,1.2756331051695564
2732,30.6634527089,Female,1,img_2732.bmp,0.021401541756305407,2.084203070486269,1.1251638745839434
2733,26.3060146924,Female,1,img_2733.bmp,0.020123479283815943,2.151347898344819,1.1884164286502679
2734,27.0665972945,Female,1,img_2734.bmp,0.020678114343276596,2.478871213839576,1.2094754988961502
2735,23.2260665973,Female,1,img_2735.bmp,0.015713322855373774,2.208267842754434,1.233375687680704
2736,45.1389160156,Female,1,img_2736.bmp,0.024251169485446603,2.5179000351272327,1.1958822890109135
2737,27.9758300781,Female,1,img_2737.bmp,0.022357849871877968,2.3394460267512613,1.3716923399821153
2738,32.0789359862,Female,1,img_2738.bmp,0.011335785120150748,2.6305933109765283,1.2198448109444442
2739,28.4301470588,Female,1,img_2739.bmp,0.013236702448142228,2.4100097872768154,1.2781515448021228
2740,30.6804205515,Male,1,img_2740.bmp,0.010715649828046783,2.057292969184206,1.1881094742180662
2741,22.3130331283,Male,1,img_2741.bmp,0.0214260163515101,2.3825015813687673,1.1985471215689885
2742,31.3777028367,Male,1,img_2742.bmp,0.0,0.0,0.0
2743,27.8912914104,Male,1,img_2743.bmp,0.020059456738389006,2.329839940976645,1.24227050323775
2744,32.9979591837,Male,1,img_2744.bmp,0.01993702424896439,2.108885542831065,1.318149907471534
2745,27.1157142857,Male,1,img_2745.bmp,0.01374418401553084,2.0314741187472682,1.2200882999129927
2746,34.6621621622,Male,1,img_2746.bmp,0.01495458111015208,1.8995978841983843,1.204493965132174
2747,21.8243243243,Male,1,img_2747.bmp,0.05086034880891956,2.482971496631226,1.213504105108324
2748,42.9287573964,Female,1,img_2748.bmp,0.062359025472319765,2.3202630647526092,1.145294382616252
2749,40.9320710059,Female,1,img_2749.bmp,0.018409121120596148,2.4052053713352763,1.2729363811245547
2750,62.8395918367,Male,1,img_2750.bmp,0.025106610682840824,1.998750771567118,1.2702151632482812
2751,56.3834693878,Male,1,img_2751.bmp,0.019150266095715098,2.4320020860068072,1.25591568673179
2752,28.7492283951,Male,1,img_2752.bmp,0.029197213197892306,2.6345875652110036,1.1907556194020321
2753,21.2907021605,Male,1,img_2753.bmp,0.053930836469957194,2.170548089081569,1.3326042215869551
2754,30.1285714286,Male,1,img_2754.bmp,0.0302355614015202,2.6760368293169825,1.2113089379921917
2755,22.237755102,Male,1,img_2755.bmp,0.02641323634691678,2.398273324503358,1.1740683058854144
2756,41.0810810811,Male,1,img_2756.bmp,0.02435048637075604,2.0772409843095567,1.232180584294422
2757,25.0337837838,Male,1,img_2757.bmp,0.024444226748872797,2.0230119932012536,1.2526298159495857
2758,27.4609375,Female,1,img_2758.bmp,0.04923559575158264,2.4392957865798546,1.1703249024772953
2759,24.0283203125,Female,1,img_2759.bmp,0.03039934473194997,2.146555845413917,1.2900710805669497
2760,36.3119834711,Male,1,img_2760.bmp,0.04191709598496978,2.5722281946249788,1.1291059643028605
2761,29.3723599633,Male,1,img_2761.bmp,0.06357605098784083,2.2508534966573532,1.2003745253502665
2762,41.0488754325,Male,1,img_2762.bmp,0.017325723221912146,1.993390382451781,1.2768509934331955
2763,33.2951989619,Male,1,img_2763.bmp,0.020791545221477817,2.7327489965209355,1.1494577583816115
2764,38.4053069719,Female,1,img_2764.bmp,0.02380000585565716,2.6667206384866358,1.200115735159646
2765,29.6269510926,Female,1,img_2765.bmp,0.033813782336275654,2.199421056157188,1.1664093644604292
2766,40.3106490233,Male,1,img_2766.bmp,0.03452894390452574,1.940532308928595,1.1464631186407321
2767,24.06826297,Male,1,img_2767.bmp,0.026174295533823274,1.9082300546407318,1.2423231156484877
2768,46.8581081081,Male,1,img_2768.bmp,0.02830929620527012,2.207589954321522,1.264362643761526
2769,39.7972972973,Male,1,img_2769.bmp,0.013532436164981763,2.301722168558509,1.2238066930361207
2770,46.2995437413,Male,1,img_2770.bmp,0.013501085728421017,2.087075951970587,1.2047550772145355
2771,30.4015076374,Male,1,img_2771.bmp,0.0143560229063502,2.95054346657112,1.1979057320807678
2772,44.3192247717,Female,1,img_2772.bmp,0.024622162456209608,3.106196884628958,1.231580178351309
2773,37.7418133215,Female,1,img_2773.bmp,0.03153725859328267,2.4801403754976246,1.264881659953642
2774,27.4026530612,Male,1,img_2774.bmp,0.04174030660239767,2.473371192474369,1.195131347976957
2775,22.6681632653,Male,1,img_2775.bmp,0.045135817237647737,2.4318181818181817,1.2566512697614654
2776,32.2806122449,Male,1,img_2776.bmp,0.012236798320814693,2.4222669601263616,1.2225838768946795
2777,26.5418367347,Male,1,img_2777.bmp,0.012674270794013844,2.165572865165244,1.261540416576321
2778,42.0389660494,Male,1,img_2778.bmp,0.023347481879321334,2.614563718722116,1.2096708224882897
2779,29.1560570988,Male,1,img_2779.bmp,0.016511601579488697,2.097076037141275,1.1957695200041434
2780,33.2781065089,Female,1,img_2780.bmp,0.029051438278776164,2.300447119620141,1.191747220642237
2781,21.6307692308,Female,1,img_2781.bmp,0.03081425763982163,1.89158245391814,1.28681675735397
2782,42.4171712803,Male,1,img_2782.bmp,0.013234168229855403,2.1733609898322115,1.1749483589963063
2783,28.2781141869,Male,1,img_2783.bmp,0.010528776169222051,2.367952029417932,1.1765660240050604
2784,31.4478106509,Female,1,img_2784.bmp,0.01046731784595557,2.5002417265538,1.1711695289421686
2785,26.9552662722,Female,1,img_2785.bmp,0.06206623739576551,2.659057772086593,1.1921156610621841
2786,32.1177102929,Female,1,img_2786.bmp,0.05883874303767317,2.5306053454922885,1.3029645852618386
2787,24.1827465735,Female,1,img_2787.bmp,0.038598921914379476,2.625696243392406,1.2126870913453773
2788,53.8010204082,Male,1,img_2788.bmp,0.03844627294439859,2.2336637872888074,1.2446261991440666
2789,32.9979591837,Male,1,img_2789.bmp,0.031950074833833615,2.5533606590181956,1.1529680648258884
2790,36.4878892734,Female,1,img_2790.bmp,0.05019856373192004,2.4686214581664627,1.2701667916040968
2791,26.9098183391,Female,1,img_2791.bmp,0.03855466254667569,2.732408286817978,1.230294316373508
2792,34.326171875,Female,1,img_2792.bmp,0.009729699435072157,1.9642104071664133,1.1726509029265535
2793,28.6623535156,Female,1,img_2793.bmp,0.025904743563100917,2.2944990798423217,1.1599818907512727
2794,33.610887574,Female,1,img_2794.bmp,0.018154367950212327,2.1428704030707117,1.277873505927881
2795,26.289704142,Female,1,img_2795.bmp,0.055652282188887923,2.5545701861125023,1.1947044481297928
2796,33.7926614325,Male,1,img_2796.bmp,0.052694635821387094,2.1665663419284753,1.2254495172535738
2797,28.1605511937,Male,1,img_2797.bmp,0.027091428431858456,2.269613136825233,1.2118587002467096
2798,29.1772460938,Female,1,img_2798.bmp,0.014316920682474575,2.073018031776767,1.3369310264767407
2799,23.341796875,Female,1,img_2799.bmp,0.009798577252860046,2.705392334861129,1.182423299688053
2800,39.1512586322,Female,1,img_2800.bmp,0.010171042486129577,2.310931581373524,1.2492485474998878
2801,32.1040320784,Female,1,img_2801.bmp,0.06157741905498781,2.40625,1.202978161041743
2802,30.8108108108,Male,1,img_2802.bmp,0.017369668492338505,2.4378979272114623,1.1679687974877473
2803,24.3918918919,Male,1,img_2803.bmp,0.01331797795869308,2.273578346292915,1.2340889920443334
2804,36.2779133046,Male,1,img_2804.bmp,0.05714262619818731,2.7089594936915424,1.124834205289793
2805,23.7455432539,Male,1,img_2805.bmp,0.06102741502986201,2.7084606025856894,1.2536805502395727
2806,56.1100609116,Male,1,img_2806.bmp,0.03295815481804137,2.2792488098929846,1.1944122696242487
2807,45.9216551145,Male,1,img_2807.bmp,0.04283815752661052,2.48736561544901,1.2468005133717914
2808,28.2426538108,Female,1,img_2808.bmp,0.019780478345371333,2.406305492336536,1.1335210760672239
2809,21.9485766758,Female,1,img_2809.bmp,0.016415361446253218,2.3603207387211818,1.2073974740254456
2810,25.3589891975,Male,1,img_2810.bmp,0.07188845097305044,2.440722196885738,1.1607775193873788
2811,24.4097222222,Male,1,img_2811.bmp,0.06399363637124904,2.3241609535337764,1.1429055351736745
2812,38.7431111111,Male,1,img_2812.bmp,0.03026041294280811,2.3729169742307517,1.1953772183594753
2813,32.3692444444,Male,1,img_2813.bmp,0.021118373559332243,2.3703375287076733,1.1775104132902767
2814,28.0550304558,Male,1,img_2814.bmp,0.01864206851413268,2.2180892844468754,1.2219089770311689
2815,25.8401596303,Male,1,img_2815.bmp,0.014668051194653158,1.8726608940003764,1.2688507575829167
2816,28.3396321492,Female,1,img_2816.bmp,0.014727251859598561,2.2628334253576603,1.1830497757608165
2817,23.0259511212,Female,1,img_2817.bmp,0.013479829111874857,2.5346825327479987,1.1583340238744728
2818,37.4933333333,Male,1,img_2818.bmp,0.01812036014769725,2.589590386868329,1.1574389578287674
2819,26.8702222222,Male,1,img_2819.bmp,0.020445332169998873,2.496054163438438,1.2307364438381703
2820,31.8682484568,Male,1,img_2820.bmp,0.03624232290737295,2.4033950345932924,1.2086909663516467
2821,22.3755787037,Male,1,img_2821.bmp,0.02580328740416176,1.9014739051519562,1.110734296259949
2822,37.0621718126,Male,1,img_2822.bmp,0.030580106966820522,2.646911168781549,1.119008753927067
2823,26.1354757404,Male,1,img_2823.bmp,0.05283334395824167,2.23606797749979,1.2157646105127964
2824,27.3167401806,Male,1,img_2824.bmp,0.0,0.0,0.0
2825,22.8869985297,Male,1,img_2825.bmp,0.015580404785345002,2.09752387148587,1.274575023590454
2826,39.1512586322,Female,1,img_2826.bmp,0.01646161960446144,2.826645193287584,1.2274534703198905
2827,31.6342169748,Female,1,img_2827.bmp,0.018596442800376315,2.3182926703640603,1.2742819659071125
2828,40.8951022706,Male,1,img_2828.bmp,0.050017244332093154,2.4328885763608437,1.1138521421285692
2829,31.0011259148,Male,1,img_2829.bmp,0.03888709034196022,2.216079549462328,1.151510609663833
2830,28.5885736957,Male,1,img_2830.bmp,0.0428954604601071,1.9620363852027576,1.2305707177108458
2831,25.1021622694,Male,1,img_2831.bmp,0.028665641312497023,2.7898135487864097,1.1650229652806534
2832,34.006987369,Female,1,img_2832.bmp,0.0,0.0,0.0
2833,25.5052405267,Female,1,img_2833.bmp,0.020281521628918584,2.2114231924110386,1.1864730778168648
2834,39.0478079746,Male,1,img_2834.bmp,0.01739757526631042,2.491247680867846,1.3171820432924486
2835,23.0103154136,Male,1,img_2835.bmp,0.019559197791568752,2.367641061847216,1.2768394894627246
2836,27.8082640464,Female,1,img_2836.bmp,0.015904117103545792,2.592504674370209,1.2134429978576833
2837,21.7860922147,Female,1,img_2837.bmp,0.02174217156932655,2.275788514855377,1.2421480741948723
2838,24.36357908,Male,1,img_2838.bmp,0.019965488878790315,2.454583438173508,1.160646083603815
2839,22.5916824197,Male,1,img_2839.bmp,0.020706229307797867,2.047593528338676,1.1752339068488977
2840,34.6875,Male,1,img_2840.bmp,0.014682505440367116,2.761924121345662,1.2776290527989569
2841,26.1677631579,Male,1,img_2841.bmp,0.02136203290081399,2.2583159158449675,1.2548314624918893
2842,51.6796613945,Female,1,img_2842.bmp,0.019835926521343788,2.5154297419933096,1.1654626433882704
2843,31.9474270439,Female,1,img_2843.bmp,0.0,0.0,0.0
2844,47.2505776097,Male,1,img_2844.bmp,0.023108744828975323,2.295564846813675,1.181992013120312
2845,38.3910943079,Male,1,img_2845.bmp,0.00950017414924693,2.0723515167335558,1.2086992460471808
2846,38.7431111111,Male,1,img_2846.bmp,0.015439315908470235,2.1045894953655035,1.2324240615348685
2847,31.2444444444,Male,1,img_2847.bmp,0.03580789184812624,2.2778734119419575,1.1902238697155119
2848,48.1413966049,Male,1,img_2848.bmp,0.03890875147110757,2.3687784005919825,1.1850136536287692
2849,37.1570216049,Male,1,img_2849.bmp,0.032837729537802354,2.491075246950013,1.2306195669998508
2850,53.2449704142,Female,1,img_2850.bmp,0.030377209704976947,2.019066509738403,1.199897057160382
2851,30.9486390533,Female,1,img_2851.bmp,0.04193793984085373,2.1663743726611844,1.2155673101852211
2852,43.2615384615,Male,1,img_2852.bmp,0.05986105203513238,2.2447080857130937,1.258396957142189
2853,29.2847337278,Male,1,img_2853.bmp,0.022466673623806655,2.4764301957533994,1.1548607430616602
2854,49.7147491349,Male,1,img_2854.bmp,0.03405729182340604,2.71123816874891,1.1856186943701934
2855,45.0017301038,Male,1,img_2855.bmp,0.02539464032959867,1.9341112989830582,1.2525455913890247
2856,38.2432,Male,1,img_2856.bmp,0.01224104019397415,2.3187179403641003,1.185132849629968
2857,30.9944888889,Male,1,img_2857.bmp,0.01400705946810402,2.0377898045129443,1.1682160449960777
2858,48.2702702703,Male,1,img_2858.bmp,0.0108658008130609,2.229464503676999,1.1285221177539606
2859,24.1351351351,Male,1,img_2859.bmp,0.010668169017702664,1.9927450484212514,1.126502899657169
2860,32.6819058642,Male,1,img_2860.bmp,0.014950118466332941,2.0352131181385804,1.2164275173548482
2861,26.8506944444,Male,1,img_2861.bmp,0.0,0.0,0.0
2862,48.7087427564,Female,1,img_2862.bmp,0.028094637841127274,2.381032801045437,1.214994613073985
2863,33.1219450743,Female,1,img_2863.bmp,0.011311117759280686,2.4789074880571382,1.1960164939625872
2864,34.1668319778,Male,1,img_2864.bmp,0.017290494452415005,2.279492452170945,1.0953224725193669
2865,26.9150962111,Male,1,img_2865.bmp,0.014870674816544789,1.9390699082026976,1.2102150797047888
2866,30.8459183673,Male,1,img_2866.bmp,0.023138816013339076,2.512120082596183,1.1140373186809864
2867,26.5418367347,Male,1,img_2867.bmp,0.03500704920295551,2.316339202922722,1.149078928127173
2868,28.7855621302,Female,1,img_2868.bmp,0.023144456027699517,2.495903429422432,1.1695716159917633
2869,26.7888757396,Female,1,img_2869.bmp,0.02299658252528154,2.1487201617466885,1.212387429082538
2870,40.8951022706,Male,1,img_2870.bmp,0.04297190099048778,2.4692802863877894,1.0913346122775802
2871,30.3415274911,Male,1,img_2871.bmp,0.044772004909249374,2.1130508755929043,1.202568734069366
2872,30.7128754463,Female,1,img_2872.bmp,0.07050761133623985,2.42807359881736,1.1528751860959108
2873,25.2495274102,Female,1,img_2873.bmp,0.01952179153624615,2.03285994418314,1.1804069667938768
2874,28.3190917969,Female,1,img_2874.bmp,0.019150739658375594,2.0246316822754413,1.2095446429600922
2875,20.4240722656,Female,1,img_2875.bmp,0.03505106639854545,2.090583602422807,1.2302458902573297
2876,29.7566137566,Female,1,img_2876.bmp,0.039256051998178915,2.209145373795349,1.2076547923716938
2877,25.3285462333,Female,1,img_2877.bmp,0.02896432173919673,2.4621244980868693,1.273190174299028
2878,46.2428626543,Male,1,img_2878.bmp,0.032103474094121946,2.545278162735925,1.224894572476032
2879,37.2926311728,Male,1,img_2879.bmp,0.022635842719766496,2.358519531207017,1.1855333463559183
2880,44.3813131313,Female,1,img_2880.bmp,0.02555174156871201,2.1385620917671435,1.2295397696144417
2881,29.5337465565,Female,1,img_2881.bmp,0.01337259498067959,2.7433045039914523,1.195871640474704
2882,51.4486770501,Male,1,img_2882.bmp,0.013567395030174791,2.4288338888208743,1.2296087556632487
2883,26.3839369488,Male,1,img_2883.bmp,0.050428615406637296,2.0286665359431315,1.3457012877601984
2884,37.7290298367,Male,1,img_2884.bmp,0.014734448757481264,2.4768834898205574,1.1866935958155687
2885,29.8138487521,Male,1,img_2885.bmp,0.012127272546028349,2.3707813079098727,1.2467818204940209
2886,39.1512586322,Male,1,img_2886.bmp,0.036723054320295295,2.7132538328999667,1.1671941822835923
2887,25.8398306973,Male,1,img_2887.bmp,0.03824251015578101,2.522020420634305,1.122016560406185
2888,30.7219238281,Female,1,img_2888.bmp,0.0169191111832019,2.434795987630512,1.2343556427670808
2889,26.9460449219,Female,1,img_2889.bmp,0.021364663591705805,2.1955757550939468,1.2878622014189691
2890,40.6828703704,Male,1,img_2890.bmp,0.07456070492924444,2.1722171429013466,1.1443305550620053
2891,29.5628858025,Male,1,img_2891.bmp,0.0825895811242907,2.1785714285714284,1.1958485710011801
2892,32.1040320784,Male,1,img_2892.bmp,0.04790776118991937,2.0897508998752485,1.21784189632703
2893,25.8398306973,Male,1,img_2893.bmp,0.05132126279260331,1.934004943994677,1.2259588124878829
2894,44.4636532299,Male,1,img_2894.bmp,0.0,0.0,0.0
2895,32.0138303255,Male,1,img_2895.bmp,0.045077104665963395,2.6578255934590405,1.2292775470459194
2896,32.5462962963,Male,1,img_2896.bmp,0.023194379961202983,2.1113073708739596,1.2252634757998802
2897,28.4780092593,Male,1,img_2897.bmp,0.008634457746473558,2.1226874634379023,1.2472877683151158
2898,29.7984429066,Male,1,img_2898.bmp,0.009906960995996134,2.4944949224307487,1.1477539084424382
2899,22.044766436,Male,1,img_2899.bmp,0.019988149325739526,2.313835979647972,1.2311155245264185
2900,31.3258101852,Male,1,img_2900.bmp,0.02080701475762449,2.062999016179206,1.192655001266139
2901,24.4097222222,Male,1,img_2901.bmp,0.07661444324381785,2.32241912092723,1.2257585533977813
2902,46.8666666667,Male,1,img_2902.bmp,0.07706945462269392,2.28101856311587,1.206205859832908
2903,31.4944,Male,1,img_2903.bmp,0.06259475423864733,2.2814640310554974,1.1586929142449307
2904,56.4853076217,Female,1,img_2904.bmp,0.01368171178834343,2.3258193076920572,1.2460874230732821
2905,41.1535812672,Female,1,img_2905.bmp,0.014274304746746716,2.3689740928070058,1.1808804943735187
2906,29.2611862643,Male,1,img_2906.bmp,0.01393996814835554,2.5211828122985134,1.2144016634715102
2907,25.9693028096,Male,1,img_2907.bmp,0.01660874947367869,2.025453529867088,1.2005941769604072
2908,38.6026035503,Female,1,img_2908.bmp,0.030804942760354916,2.55758220730226,1.194072116405907
2909,24.7921893491,Female,1,img_2909.bmp,0.023732822939776722,2.3395272175705264,1.2512128299646346
2910,44.9324324324,Male,1,img_2910.bmp,0.05722595623135878,2.250517678605967,1.162476387438193
2911,32.0945945946,Male,1,img_2911.bmp,0.05244151565170763,2.0911245481158476,1.2318660225355775
2912,37.069431413,Male,1,img_2912.bmp,0.0,0.0,0.0
2913,27.5712141115,Male,1,img_2913.bmp,0.07766801808349474,1.9003681126904257,1.2037709288167948
2914,37.7271352986,Female,1,img_2914.bmp,0.03665662160615296,2.428338475126078,1.3013403052385315
2915,34.1846812799,Female,1,img_2915.bmp,0.021231948362745782,2.408578283821649,1.2167031812415705
2916,43.0663844954,Female,1,img_2916.bmp,0.02016928034978369,2.409962491010844,1.2277022318400876
2917,35.7059478726,Female,1,img_2917.bmp,0.06159237505553785,2.5342103744997617,1.1498040725734517
2918,30.4065743945,Female,1,img_2918.bmp,0.07606805795776984,2.5931518933081734,1.153314223880824
2919,26.7577854671,Female,1,img_2919.bmp,0.026971401141093136,2.622724316867424,1.2144112152510407
2920,36.1757629762,Male,1,img_2920.bmp,0.02562443943859981,2.091866509665605,1.341914221050187
2921,27.249276008,Male,1,img_2921.bmp,0.009161379585799741,2.5536966155815595,1.1336056079382881
2922,32.7364864865,Male,1,img_2922.bmp,0.013828729315825388,1.834807638065765,1.2433885502584228
2923,27.9864864865,Male,1,img_2923.bmp,0.056932983542692654,2.4677909640097355,1.129972564311316
2924,28.7448888889,Male,1,img_2924.bmp,0.08018754106367257,2.150224456064937,1.210453102860227
2925,25.9953777778,Male,1,img_2925.bmp,0.0,0.0,0.0
2926,39.6748185972,Female,1,img_2926.bmp,0.008863989391494471,2.0710744064971944,1.281686959984071
2927,23.6159634507,Female,1,img_2927.bmp,0.023784122419779383,2.128526455345915,1.296335797118495
2928,34.2073961938,Male,1,img_2928.bmp,0.0218468237839845,2.055800634550375,1.2830754326273452
2929,28.1260813149,Male,1,img_2929.bmp,0.021920183663241652,2.893936197887054,1.2400116917679114
2930,26.9150962111,Male,1,img_2930.bmp,0.022420585959025945,2.387666132903598,1.2797265941886184
2931,25.9389010117,Male,1,img_2931.bmp,0.06548207634135088,2.5710710008419757,1.1567379308369898
2932,28.3467741935,Female,1,img_2932.bmp,0.016283903437746293,1.8494326900646298,1.164033545146551
2933,21.9458896982,Female,1,img_2933.bmp,0.06486039379197944,2.321597055867553,1.1423918545129286
2934,33.961352657,Male,1,img_2934.bmp,0.06411305176041356,2.3112207278949493,1.286106152314581
2935,28.4980046209,Male,1,img_2935.bmp,0.008963752728009443,2.0730929360023636,1.2281254509072084
2936,55.1249721542,Female,1,img_2936.bmp,0.01098175420555276,1.9613638048662294,1.2358893750137117
2937,31.6342169748,Female,1,img_2937.bmp,0.034893976630817704,2.4196271939623397,1.2110707400116163
2938,30.8248393021,Female,1,img_2938.bmp,0.037069724827035834,2.2039589827891963,1.1912561737186833
2939,23.0782828283,Female,1,img_2939.bmp,0.0532675428402421,2.5131769524171164,1.2239671432955364
2940,51.8657777778,Male,1,img_2940.bmp,0.05130566681878339,2.1368995532237562,1.2882059896110536
2941,33.744,Male,1,img_2941.bmp,0.017660517676446056,2.0623870555675228,1.237885166395699
2942,42.7170138889,Male,1,img_2942.bmp,0.040317671217816334,3.2350397576386194,1.2262028838051402
2943,30.5121527778,Male,1,img_2943.bmp,0.050450624970508284,2.603131793328565,1.2292741764452702
2944,33.6533131771,Female,1,img_2944.bmp,0.062366611074330884,2.8832992619820685,1.1718735730584922
2945,22.1403376165,Female,1,img_2945.bmp,0.06737251720151269,2.4474415028206877,1.2237207514103439
2946,36.1542857143,Male,1,img_2946.bmp,0.008290406896424988,1.6356141244235576,1.2799982815104276
2947,31.5632653061,Male,1,img_2947.bmp,0.05634947698051416,2.119153150407226,1.1237550538855126
2948,43.0408163265,Male,1,img_2948.bmp,0.053313358550728475,1.9080381642369888,1.173198215155738
2949,24.8202040816,Male,1,img_2949.bmp,0.013031785598517585,2.388413610761497,1.181539043145166
2950,23.6286111111,Female,1,img_2950.bmp,0.008850868200126304,1.943236078425451,1.2520275834231707
2951,21.2852777778,Female,1,img_2951.bmp,0.010353860902538004,1.8560123596556761,1.3015040307865835
2952,29.8565197429,Female,1,img_2952.bmp,0.015203060138071064,2.383734838613959,1.3705431431308577
2953,22.9168962351,Female,1,img_2953.bmp,0.016424372467790816,2.1972543643558047,1.231399572302861
2954,39.8624885216,Female,1,img_2954.bmp,0.06101641580579633,2.7296602544108763,1.303696125811806
2955,31.6317722681,Female,1,img_2955.bmp,0.07397715706366503,3.177015998847709,1.2361050930665127
2956,28.4567380671,Male,1,img_2956.bmp,0.00870081419017026,2.3581635566339108,1.269697806579774
2957,24.306797099,Male,1,img_2957.bmp,0.00870081419017026,2.3581635566339108,1.269697806579774
2958,25.3285462333,Female,1,img_2958.bmp,0.016751557204586768,2.4792416627041733,1.1201297252600544
2959,20.5462333081,Female,1,img_2959.bmp,0.025497038485499366,2.30306848963051,1.1579038346919792
2960,34.5804398148,Male,1,img_2960.bmp,0.012059002688153351,2.291781658262763,1.1994954597941914
2961,27.1219135802,Male,1,img_2961.bmp,0.04510890221473204,2.1793080852611912,1.2545356784683463
2962,35.7332493174,Male,1,img_2962.bmp,0.0370489747683675,2.291813490836374,1.2377608263592614
2963,29.3839529511,Male,1,img_2963.bmp,0.013501170704634921,2.0754878065256124,1.358204623002158
2964,56.1100609116,Male,1,img_2964.bmp,0.012005937358420204,2.459892838685738,1.2693274998409254
2965,44.1497584541,Male,1,img_2965.bmp,0.018105026395341672,2.4044608479163547,1.2309199366252526
2966,27.8912914104,Female,1,img_2966.bmp,0.013697937109699689,2.36167908274762,1.3987503838083
2967,25.1021622694,Female,1,img_2967.bmp,0.01810123322421591,2.769828515364909,1.1536251254699839
2968,25.0149219467,Male,1,img_2968.bmp,0.0,0.0,0.0
2969,22.7555096419,Male,1,img_2969.bmp,0.049391009162201134,2.3106474864235134,1.2228245877282558
2970,27.2880473373,Female,1,img_2970.bmp,0.054577975852360607,1.9537931549444254,1.1716928425011521
2971,21.9635502959,Female,1,img_2971.bmp,0.03367537974567933,2.531599270954837,1.163900242462158
2972,31.1959459459,Male,1,img_2972.bmp,0.02783634501298142,2.3991510088306987,1.2242866412915272
2973,22.8513513514,Male,1,img_2973.bmp,0.02922776367616631,2.259467652928376,1.142525756926489
2974,39.9337278107,Female,1,img_2974.bmp,0.021422101908896134,2.766721240733728,1.2389436449839173
2975,27.9536094675,Female,1,img_2975.bmp,0.021100920776896927,2.317939780836898,1.2126209017895426
2976,30.2699012812,Male,1,img_2976.bmp,0.013379797359544825,2.558509459023444,1.1744228779508021
2977,24.5112371351,Male,1,img_2977.bmp,0.01613684931137322,2.517333540926805,1.309665878381773
2978,26.6287878788,Male,1,img_2978.bmp,0.08326579556331214,2.45937529935651,1.2033838872458729
2979,25.0149219467,Male,1,img_2979.bmp,0.08647678877682687,2.2073150540043143,1.2275297423250822
2980,46.8249053241,Female,1,img_2980.bmp,0.05738023079973737,2.1836130815612456,1.3605716786899928
2981,34.6097126309,Female,1,img_2981.bmp,0.008859295640001775,2.2586490635382472,1.15852185398449
2982,44.2974165091,Female,1,img_2982.bmp,0.041294268829531536,2.273071990956576,1.2136609794225786
2983,39.2770426381,Female,1,img_2983.bmp,0.042035169895939146,2.185682017667012,1.253559450205269
2984,38.2110692323,Male,1,img_2984.bmp,0.016629739413180723,1.9305457492433291,1.4109342265533547
2985,24.2654235271,Male,1,img_2985.bmp,0.020423503662110955,2.5120803647907133,1.2361593293910171
2986,40.0048225309,Male,1,img_2986.bmp,0.08480017638399608,2.5396267721875656,1.1520612194117337
2987,30.5121527778,Male,1,img_2987.bmp,0.08850155040426005,2.519733439031515,1.1836029331721944
2988,35.5709225839,Male,1,img_2988.bmp,0.08638515607235021,2.197926830661379,1.2433351732100142
2989,29.7610052285,Male,1,img_2989.bmp,0.0552684658083721,2.2792003199281665,1.201791430978513
2990,40.2341311134,Female,1,img_2990.bmp,0.0,0.0,0.0
2991,33.1017169615,Female,1,img_2991.bmp,0.018084243461157362,2.549149289970024,1.1638965471268454
2992,37.5500125976,Female,1,img_2992.bmp,0.024290274800326465,2.0770108308876054,1.1870368778771219
2993,34.8931720836,Female,1,img_2993.bmp,0.01636817229451616,2.5382925865388968,1.1778155942993411
2994,31.5278407659,Female,1,img_2994.bmp,0.019863151346619288,2.4480078909830794,1.2124203348085598
2995,26.214159738,Female,1,img_2995.bmp,0.022823296505131555,2.6631627256853037,1.1882195432154297
2996,35.236132769,Male,1,img_2996.bmp,0.023276409602597165,2.441888472588073,1.1755939259520167
2997,27.249276008,Male,1,img_2997.bmp,0.009154319699345756,2.108450012097789,1.2119648971961736
2998,45.3426498253,Female,1,img_2998.bmp,0.012012954271963422,2.0156141204982965,1.316909759670158
2999,37.4076861059,Female,1,img_2999.bmp,0.07113247633650327,2.2283806841230653,1.2436347332706947
3000,30.5121527778,Male,1,img_3000.bmp,0.04104954449567548,2.3854696459064186,1.1546852563758179
3001,21.0194830247,Male,1,img_3001.bmp,0.04124380283135097,2.4351591323771844,1.173519563258608
3002,33.2963867188,Female,1,img_3002.bmp,0.012541023374166632,2.10550533028132,1.1838288526991463
3003,22.4836425781,Female,1,img_3003.bmp,0.013501692163792186,2.088610607888694,1.2431539711560677
3004,40.1644736842,Female,1,img_3004.bmp,0.03805370013471807,2.3762540677635506,1.1615474229364624
3005,29.9407894737,Female,1,img_3005.bmp,0.03851842435958849,2.238502777464086,1.20690591223926
3006,29.2105263158,Male,1,img_3006.bmp,0.03953018676147848,2.4829920535299324,1.1208772581930224
3007,27.3848684211,Male,1,img_3007.bmp,0.0344294390287072,2.568578906243216,1.165808383274916
3008,49.7687114198,Male,1,img_3008.bmp,0.060436297723589286,2.2706878301653353,1.1507929111375008
3009,31.4614197531,Male,1,img_3009.bmp,0.05068105747588344,2.286640991757823,1.2006786119229114
3010,46.8021120294,Female,1,img_3010.bmp,0.05414534431637248,2.3139660955888606,1.1004067164618003
3011,30.6634527089,Female,1,img_3011.bmp,0.08594480151191031,2.5016523465121843,1.144357763497783
3012,46.3179522498,Male,1,img_3012.bmp,0.0,0.0,0.0
3013,30.0179063361,Male,1,img_3013.bmp,0.01530537557622329,2.0116283198089335,1.1984860177178809
3014,37.3581081081,Male,1,img_3014.bmp,0.015454732746326418,2.0929437547448284,1.2415189687137322
3015,27.472972973,Male,1,img_3015.bmp,0.03391122482660194,2.1602268495646566,1.1842055711869222
3016,28.7125390219,Female,1,img_3016.bmp,0.048808065980085205,2.043593891270612,1.1899407468157994
3017,24.5062434964,Female,1,img_3017.bmp,0.0532015237921477,2.2119545194596455,1.1495922798611697
3018,48.005787037,Male,1,img_3018.bmp,0.02163804167102496,2.658752624303619,1.1629622350895843
3019,32.6819058642,Male,1,img_3019.bmp,0.02480539450996265,2.4661142848650135,1.1465684690644988
3020,28.3627322199,Male,1,img_3020.bmp,0.042132007035440844,2.279894916803696,1.2031880442944838
3021,25.7243385251,Male,1,img_3021.bmp,0.060534582377442706,2.080496852505351,1.2217098184278417
3022,42.0825456837,Male,1,img_3022.bmp,0.02046794084772646,2.2983576925855322,1.1274927000043906
3023,25.8401596303,Male,1,img_3023.bmp,0.01974292992105103,1.7794666125577026,1.1829520840958427
3024,45.4797959184,Female,1,img_3024.bmp,0.0,0.0,0.0
3025,28.9808163265,Female,1,img_3025.bmp,0.0,0.0,0.0
3026,49.5611342352,Female,1,img_3026.bmp,0.028957895284569077,2.839485658291144,1.2138210462199797
3027,43.8917793965,Female,1,img_3027.bmp,0.0,0.0,0.0
3028,30.3813766986,Female,1,img_3028.bmp,0.058986057319320065,2.466666666666667,1.2326487186076236
3029,22.3945199376,Female,1,img_3029.bmp,0.021964164560743973,2.6407053493845245,1.198064309703647
3030,27.6959064327,Female,1,img_3030.bmp,0.00947440236709002,2.203372180684342,1.3023167360002812
3031,25.9649122807,Female,1,img_3031.bmp,0.04494994445258799,2.622049176545412,1.2329397976423524
3032,47.1301903114,Male,1,img_3032.bmp,0.05439758670053696,2.368185908722096,1.20761783333298
3033,31.0147058824,Male,1,img_3033.bmp,0.0,0.0,0.0
3034,32.5462962963,Female,1,img_3034.bmp,0.02860223798618487,1.9882716816656516,1.2663756788082883
3035,24.4097222222,Female,1,img_3035.bmp,0.04517176618695264,2.4669297280616878,1.2228757066767886
3036,39.6056338028,Male,1,img_3036.bmp,0.04823700569588733,2.2876013121674545,1.2121947029193674
3037,31.2382463797,Male,1,img_3037.bmp,0.0223434592354341,2.190399939217783,1.1826726378109722
3038,36.1762234825,Male,1,img_3038.bmp,0.019295732000230104,2.1424338289090326,1.1447500892810132
3039,31.7464818315,Male,1,img_3039.bmp,0.02000905671410284,2.144106679105909,1.3520017407006597
3040,58.3544921875,Female,1,img_3040.bmp,0.02604962321684425,2.2386003316267082,1.2246842963628497
3041,47.8850097656,Female,1,img_3041.bmp,0.04487060213471571,2.193573501363096,1.2464119431075387
3042,42.6865709247,Female,1,img_3042.bmp,0.020315836865167695,2.4576761720022327,1.2559519353890012
3043,34.8931720836,Female,1,img_3043.bmp,0.020505992090276787,2.2180005922494557,1.2622162487032744
3044,36.9587881488,Female,1,img_3044.bmp,0.022969245180574364,2.413248949404781,1.1891750396762557
3045,35.7059478726,Female,1,img_3045.bmp,0.02017742029535292,1.8298451064823005,1.238187420274136
3046,45.1928571429,Male,1,img_3046.bmp,0.02809775792590522,2.127280218496912,1.2659440663334884
3047,35.15,Male,1,img_3047.bmp,0.027269970957826354,2.105830522370299,1.3174323121376323
3048,35.4245401864,Female,1,img_3048.bmp,0.018676929265060947,2.4719625104885323,1.1734955382963386
3049,26.3912824389,Female,1,img_3049.bmp,0.009703159885809184,2.2172177530709636,1.2960321492076174
3050,32.4847721067,Male,1,img_3050.bmp,0.028657835988868657,2.2037902463288392,1.1510572586703454
3051,26.4307918505,Male,1,img_3051.bmp,0.026945121428557043,2.0784625141213344,1.1597041741569747
3052,40.4328994083,Female,1,img_3052.bmp,0.09488131189678413,2.2896799591699732,1.2487106752628745
3053,31.6142011834,Female,1,img_3053.bmp,0.0900821831805289,2.037318015723981,1.2929130029949825
3054,41.3191836735,Female,1,img_3054.bmp,0.050299252869428955,2.1487229484692416,1.1349981990455393
3055,33.2848979592,Female,1,img_3055.bmp,0.05842800130510439,2.3602007154300293,1.2498648575594733
3056,33.6700824237,Male,1,img_3056.bmp,0.021991986048392483,2.6407066539095254,1.3202269874287302
3057,27.4058810425,Male,1,img_3057.bmp,0.009805451692223266,2.4621307194285778,1.2354985504782348
3058,39.8624885216,Female,1,img_3058.bmp,0.03476578028520432,2.200718486531981,1.1940360526378138
3059,31.1476124885,Female,1,img_3059.bmp,0.04913832925402317,2.3331173351262002,1.293915110740548
3060,45.2588549788,Female,1,img_3060.bmp,0.0,0.0,0.0
3061,31.0077968367,Female,1,img_3061.bmp,0.020502063646504864,1.9125336604812146,1.3141005264160197
3062,38.2698224852,Female,1,img_3062.bmp,0.050911969363058314,2.383253217999726,1.2463469753315684
3063,30.6158579882,Female,1,img_3063.bmp,0.038271881882962336,1.9021902128747463,1.3182203601950573
3064,25.6756756757,Male,1,img_3064.bmp,0.01577263803228518,2.3308145121738764,1.1892907430488278
3065,22.4662162162,Male,1,img_3065.bmp,0.015852187431100718,2.302589857174303,1.19513434788334
3066,45.6442109214,Male,1,img_3066.bmp,0.07264206894835995,2.702913843104002,1.2301609696282194
3067,36.9375117283,Male,1,img_3067.bmp,0.03177161372259476,2.6368708512147023,1.15719041712337
3068,46.8249053241,Female,1,img_3068.bmp,0.03607853226388467,2.469220358803132,1.1924926389248849
3069,34.1398975273,Female,1,img_3069.bmp,0.01616382565231253,1.940589942866121,1.260753597960325
3070,35.1195934256,Female,1,img_3070.bmp,0.015858814148925114,1.8971883727663443,1.2855425803913891
3071,32.5350346021,Female,1,img_3071.bmp,0.01461674240813103,2.480806320533709,1.1414001236059397
3072,49.2229109275,Male,1,img_3072.bmp,0.015474616790271418,2.3682673672911254,1.177370439227312
3073,27.4357208448,Male,1,img_3073.bmp,0.03623413200992567,2.837613517233472,1.2396004298463963
3074,43.9016326531,Female,1,img_3074.bmp,0.0,0.0,0.0
3075,30.8459183673,Female,1,img_3075.bmp,0.051680288114065526,2.616515592568454,1.1917515624324893
3076,28.8674866098,Female,1,img_3076.bmp,0.03078320234358055,2.1276976750317664,1.1779733388501856
3077,27.8912914104,Female,1,img_3077.bmp,0.01870057557966185,2.2368205104479895,1.2921217721721918
3078,27.597107438,Male,1,img_3078.bmp,0.01247246025227925,2.3338173693800917,1.190617485774204
3079,24.5307621671,Male,1,img_3079.bmp,0.015317136681972765,2.3883542463486105,1.2373165749262094
3080,25.0568055246,Male,1,img_3080.bmp,0.025452779411477788,2.0426290881508287,1.2685530442763022
3081,23.0209400757,Male,1,img_3081.bmp,0.025287650190026663,1.842376035443126,1.2720998738349678
3082,38.7327823691,Male,1,img_3082.bmp,0.031825858661422055,2.0624540118607824,1.2520253861514024
3083,33.084251607,Male,1,img_3083.bmp,0.05105688104965354,2.1119482198649737,1.2040995870125393
3084,27.4323621228,Female,1,img_3084.bmp,0.074515176875576,2.204084427983754,1.1046598951476791
3085,24.6891259105,Female,1,img_3085.bmp,0.08301951301353619,1.8946791066556499,1.1796630613321775
3086,38.6294386035,Male,1,img_3086.bmp,0.010504661336954296,1.928333364346145,1.315105000540251
3087,24.6837928982,Male,1,img_3087.bmp,0.030069520406507372,2.1959783034232285,1.1923714680766364
3088,45.3310228943,Female,1,img_3088.bmp,0.012607804861044607,2.1258715815076514,1.1365223263541768
3089,39.1293845831,Female,1,img_3089.bmp,0.012878618519476434,2.1682642080371033,1.1800020369416746
3090,31.7517089844,Female,1,img_3090.bmp,0.008088836621766491,2.279539553952658,1.2370720593474571
3091,24.71484375,Female,1,img_3091.bmp,0.009653470975080016,2.2132636671395187,1.1886013282812318
3092,43.2615384615,Male,1,img_3092.bmp,0.0,0.0,0.0
3093,28.4527810651,Male,1,img_3093.bmp,0.03121472257744421,2.1821473312562194,1.2177963443520483
3094,42.0825456837,Male,1,img_3094.bmp,0.010735208300903935,2.0291786782935435,1.2078644717017344
3095,31.0081915564,Male,1,img_3095.bmp,0.010422561075945297,1.9691206731558175,1.2366873552310453
3096,27.1940091252,Male,1,img_3096.bmp,0.027337606690839237,2.0993780836875175,1.2492659649692812
3097,25.1021622694,Male,1,img_3097.bmp,0.010254829983439058,2.5797352154625033,1.2340376012020913
3098,32.7722674073,Male,1,img_3098.bmp,0.035015874967834225,2.5812389173628687,1.1609079869863494
3099,27.1940091252,Male,1,img_3099.bmp,0.03567090569114767,2.159743814483548,1.2571013195306007
3100,36.6347566575,Female,1,img_3100.bmp,0.023999289025953933,2.3466064975211065,1.1573771252459948
3101,21.7871900826,Female,1,img_3101.bmp,0.01822234985353217,2.1372240551646744,1.208200518115365
3102,39.5397153352,Female,1,img_3102.bmp,0.0231771714885901,2.544596755421654,1.1889935171212438
3103,33.5684113866,Female,1,img_3103.bmp,0.02796140387991872,2.4251708945269743,1.2240468121320356
3104,40.3466483012,Female,1,img_3104.bmp,0.07761840197195652,2.148871112659745,1.1198185612962674
3105,34.698117539,Female,1,img_3105.bmp,0.02000888511660154,2.5370847807090735,1.2310729554436914
3106,42.6100581723,Male,1,img_3106.bmp,0.06102380969346547,2.456408954984581,1.209889510878276
3107,29.4180896979,Male,1,img_3107.bmp,0.07861556722504756,2.426871624613247,1.2061412053890912
3108,31.9269031142,Male,1,img_3108.bmp,0.08064387577630977,2.379160487289047,1.201577780789855
3109,29.6464100346,Male,1,img_3109.bmp,0.014068194672954887,1.9376937335815372,1.2593039674969357
3110,29.98734375,Male,1,img_3110.bmp,0.014165213714931447,2.642805670015627,1.164650784505266
3111,26.69203125,Male,1,img_3111.bmp,0.01443063311036323,2.7897805288877158,1.1617385923876402
3112,47.2505776097,Male,1,img_3112.bmp,0.018689859187979906,2.6338712241285194,1.1982349035448838
3113,40.6059651334,Male,1,img_3113.bmp,0.011232220831258532,2.5152388199366014,1.1701923440081299
3114,32.0044224766,Female,1,img_3114.bmp,0.013472299381953597,2.0932773808842478,1.295913265504233
3115,23.7747138398,Female,1,img_3115.bmp,0.06595453450712706,2.3228046486960894,1.1798077422719484
3116,41.7062988281,Female,1,img_3116.bmp,0.02075923436352911,2.5707498555260107,1.1788023952441051
3117,37.072265625,Female,1,img_3117.bmp,0.07001313034958882,2.3458415657510274,1.2148108108353537
3118,40.4993432164,Male,1,img_3118.bmp,0.0,0.0,0.0
3119,37.4651904673,Male,1,img_3119.bmp,0.0,0.0,0.0
3120,30.2247716641,Female,1,img_3120.bmp,0.04281802308009618,2.4069706405693174,1.108743504688415
3121,23.6473602139,Female,1,img_3121.bmp,0.0552277383830799,2.127587182452205,1.2275159272227723
3122,42.5255198488,Female,1,img_3122.bmp,0.013060007155417835,2.2273227298150866,1.1766940977582538
3123,33.3707204369,Female,1,img_3123.bmp,0.04780644518576532,2.4987707197662594,1.1629828347144893
3124,46.8249053241,Female,1,img_3124.bmp,0.05862071662387146,1.8563027427150627,1.1928685163135095
3125,33.2002673201,Female,1,img_3125.bmp,0.025223336513489566,2.2963408217765693,1.2176829245634373
3126,40.8308080808,Female,1,img_3126.bmp,0.03093990237159966,2.3005185908403414,1.2594195686310856
3127,33.891184573,Female,1,img_3127.bmp,0.03530146057682681,2.42670329642684,1.2392055453845519
3128,43.8494096681,Female,1,img_3128.bmp,0.056185272065837955,2.0529028780272176,1.233362430879926
3129,30.5379817331,Female,1,img_3129.bmp,0.007943550959441837,2.440728365351068,1.1318410974596271
3130,32.7160818165,Male,1,img_3130.bmp,0.00839408763101481,2.3963989428888928,1.1392845881319325
3131,25.7243385251,Male,1,img_3131.bmp,0.026169617871625302,2.4635740659390546,1.2503795988322755
3132,36.7281632653,Male,1,img_3132.bmp,0.024739384656886982,2.0137462456688753,1.2262869918415922
3133,25.1071428571,Male,1,img_3133.bmp,0.013559091190064642,2.0662754265378735,1.1973656350396882
3134,44.3671111111,Male,1,img_3134.bmp,0.037404635394385155,2.4517286659268462,1.1883355469484922
3135,29.8696888889,Male,1,img_3135.bmp,0.028875977884854718,2.4701513645421,1.1316447352732977
3136,30.1285714286,Male,1,img_3136.bmp,0.02912253223817888,2.3879677826703825,1.169635089579039
3137,25.5375510204,Male,1,img_3137.bmp,0.027657642231441838,2.146957890233768,1.2791635111847601
3138,37.8759183673,Male,1,img_3138.bmp,0.021826573924135995,2.0928842639010887,1.2273569465771965
3139,23.2420408163,Male,1,img_3139.bmp,0.016759810139823375,2.0222719546995127,1.3359319867177037
3140,27.8041992188,Female,1,img_3140.bmp,0.017071830151734583,2.355604315560507,1.3222946399173288
3141,21.2822265625,Female,1,img_3141.bmp,0.01670919478705957,2.091923234371063,1.2757201989280893
3142,48.4159779614,Female,1,img_3142.bmp,0.026052114412989064,2.6195778476327174,1.185822509729894
3143,22.5941230487,Female,1,img_3143.bmp,0.02027429954822835,2.113580497567359,1.1759272577788717
3144,36.6059171598,Female,1,img_3144.bmp,0.020581759070321105,2.019498565419878,1.2201041306098237
3145,26.6224852071,Female,1,img_3145.bmp,0.05788631380320543,2.0726977830549957,1.26747456547334
3146,36.8055920435,Male,1,img_3146.bmp,0.06499281826872536,1.8936285465517144,1.2974862263409894
3147,29.0223306436,Male,1,img_3147.bmp,0.05620075862320989,2.4324324324324325,1.168437092228993
3148,37.3494687131,Male,1,img_3148.bmp,0.04497274536487335,2.1904606015764867,1.1473718811698153
3149,27.2710406477,Male,1,img_3149.bmp,0.02298259479686878,2.5220684419465242,1.2083596780267312
3150,49.4052777778,Female,1,img_3150.bmp,0.020460181601178722,2.2221558794633403,1.2496459967983988
3151,45.3044444444,Female,1,img_3151.bmp,0.014678773594551,2.287325716438822,1.220104348530872
3152,45.0357067843,Male,1,img_3152.bmp,0.013490126179306646,2.115352434036539,1.1736914036796786
3153,39.1293845831,Male,1,img_3153.bmp,0.028731250468537622,2.6404719418655413,1.2585217869589171
3154,28.3190917969,Female,1,img_3154.bmp,0.03152243292622304,2.7949794949799704,1.2516883885025611
3155,22.6552734375,Female,1,img_3155.bmp,0.031942309147414256,2.560320447366136,1.2153922919109346
3156,28.884837963,Female,1,img_3156.bmp,0.013784274396034765,2.5485950222135587,1.2093775221570517
3157,21.8331404321,Female,1,img_3157.bmp,0.01748047344139542,2.437834201365606,1.1192001788974535
3158,28.5654269972,Female,1,img_3158.bmp,0.022205695893605843,2.189393374706361,1.125848795497699
3159,26.4674012856,Female,1,img_3159.bmp,0.029588265682284627,2.052734730037692,1.2289798588565677
3160,30.7822485207,Female,1,img_3160.bmp,0.020295839019177312,2.33285733713635,1.1968269325456347
3161,22.4627218935,Female,1,img_3161.bmp,0.01863688165899522,2.141651933995112,1.3010851558091425
3162,36.8021831143,Male,1,img_3162.bmp,0.013590774597703498,2.7697731644929,1.2238456529845754
3163,30.5379817331,Male,1,img_3163.bmp,0.010692328250570569,2.6875014324623514,1.1769401345193582
3164,43.0663844954,Female,1,img_3164.bmp,0.08536630992044307,2.374364512371013,1.165950001685466
3165,35.549342838,Female,1,img_3165.bmp,0.02171497245988557,2.532045124345411,1.1568457294869148
3166,53.5155709343,Female,1,img_3166.bmp,0.014847781743617523,1.9649003931385731,1.2758774981376781
3167,28.4301470588,Female,1,img_3167.bmp,0.021532104051718726,2.6177851894966846,1.1966516096327207
3168,32.6125443787,Male,1,img_3168.bmp,0.02100180255280542,2.3866516620966745,1.1887927783943215
3169,29.950295858,Male,1,img_3169.bmp,0.028874461420080433,2.691118855395944,1.228147062283157
3170,29.4943771626,Male,1,img_3170.bmp,0.03469925465143896,2.5321462647095156,1.2796775130039617
3171,24.9333910035,Male,1,img_3171.bmp,0.02915771605776797,2.250685766550516,1.1869280868114136
3172,28.693877551,Female,1,img_3172.bmp,0.03554234054977048,2.1995238659554777,1.1899825184264614
3173,24.3897959184,Female,1,img_3173.bmp,0.06515345283954886,2.8874839309988634,1.1568742877871048
3174,51.9952422145,Male,1,img_3174.bmp,0.0,0.0,0.0
3175,32.991133218,Male,1,img_3175.bmp,0.06544989195706231,2.468896413492259,1.1207924265054547
3176,38.2486225895,Male,1,img_3176.bmp,0.01885282335814796,2.648806247069034,1.1573145966704372
3177,31.4703856749,Male,1,img_3177.bmp,0.01474588976430191,2.2964172034989367,1.2076631914262947
3178,31.7464818315,Male,1,img_3178.bmp,0.03689032316365711,2.3690313726647965,1.1863519633670958
3179,24.8065532451,Male,1,img_3179.bmp,0.0425203059061024,2.2573558956657878,1.242235996731352
3180,28.0550304558,Female,1,img_3180.bmp,0.017053973289049243,2.2795410254073083,1.2427309466579963
3181,22.1487082546,Female,1,img_3181.bmp,0.015776921779394056,1.9251375426381787,1.2091332636652443
3182,33.4695496925,Male,1,img_3182.bmp,0.027013906013401142,2.8056983240925812,1.190092433384903
3183,26.4967268399,Male,1,img_3183.bmp,0.02058497385330876,2.3534152966396427,1.2001702364434306
3184,27.8912914104,Male,1,img_3184.bmp,0.029986317501094706,2.4576620166361067,1.2359111679624633
3185,21.6157508431,Male,1,img_3185.bmp,0.03418913817254463,2.295300434327912,1.2174866703277418
3186,25.6827916352,Female,1,img_3186.bmp,0.014932132558104959,2.0905985863176415,1.1743328686294316
3187,22.8488284203,Female,1,img_3187.bmp,0.010045454867019493,2.0696034910966135,1.1853970481271616
3188,33.2230623819,Male,1,img_3188.bmp,0.013470143671324241,2.1091392183637967,1.2967312335200085
3189,29.236294896,Male,1,img_3189.bmp,0.018192849694022035,2.439975268553134,1.18612268630916
3190,35.2716262976,Male,1,img_3190.bmp,0.014589298594882618,2.4467631450218414,1.222570785346479
3191,30.1025086505,Male,1,img_3191.bmp,0.02077269645354722,2.7915474431525023,1.2283426598465716
3192,25.6756756757,Male,1,img_3192.bmp,0.019160031734349558,2.8451818206336896,1.169587380819467
3193,22.2094594595,Male,1,img_3193.bmp,0.02515040083546866,2.2348434056787583,1.2734903917100349
3194,45.4154600134,Female,1,img_3194.bmp,0.0,0.0,0.0
3195,32.8870572511,Female,1,img_3195.bmp,0.011176081730803448,2.816951707896627,1.2756008441431657
3196,24.3252595156,Male,1,img_3196.bmp,0.010692321703884086,2.3789759276971765,1.3199936951197933
3197,22.8049307958,Male,1,img_3197.bmp,0.022221852017289476,2.0197695478813102,1.242228881748725
3198,32.1177102929,Female,1,img_3198.bmp,0.04585963022922554,2.4556743389358227,1.1862797400162064
3199,21.537758667,Female,1,img_3199.bmp,0.07642015939309058,2.2079738749768443,1.3056728934850814
3200,43.1773356401,Male,1,img_3200.bmp,0.0,0.0,0.0
3201,31.3187716263,Male,1,img_3201.bmp,0.0631807849743683,2.0238046942857477,1.23630617554056
3202,29.8341049383,Male,1,img_3202.bmp,0.04733582926413596,2.298017336529488,1.214114906544053
3203,24.4097222222,Male,1,img_3203.bmp,0.047631886099058766,2.296800156287657,1.2025762830397229
3204,36.6059171598,Female,1,img_3204.bmp,0.019132328665941563,2.2369108388115273,1.1741870741661482
3205,31.6142011834,Female,1,img_3205.bmp,0.008720104263062783,2.187544893896074,1.2711085895775491
3206,43.7607100592,Female,1,img_3206.bmp,0.029890278510821273,2.167302261244904,1.1748812368465444
3207,37.9370414201,Female,1,img_3207.bmp,0.03165615849135856,2.0687072578241,1.2359164425193043
3208,23.7729468599,Female,1,img_3208.bmp,0.0626989534557853,2.5327548561935584,1.1016116015235669
3209,20.9674438143,Female,1,img_3209.bmp,0.043024959520998114,2.719649465035831,1.1766656643922526
3210,39.4247006931,Female,1,img_3210.bmp,0.05190328808001152,2.5299556667411536,1.179857897519636
3211,32.7800882168,Female,1,img_3211.bmp,0.023997294108899694,2.0351678914152287,1.2207710603706403
3212,35.8175675676,Male,1,img_3212.bmp,0.024107704342787365,2.0019608353738283,1.2890476467595908
3213,26.7027027027,Male,1,img_3213.bmp,0.06080362334733353,2.793103448275862,1.156670842904518
3214,40.8308080808,Male,1,img_3214.bmp,0.059480355019329925,2.3997324009835506,1.1589859570047139
3215,31.4703856749,Male,1,img_3215.bmp,0.0,0.0,0.0
3216,51.1184210526,Male,1,img_3216.bmp,0.011687582291600074,1.8797083657315827,1.3707700422372995
3217,35.2960526316,Male,1,img_3217.bmp,0.028108812629129953,1.8278345545916295,1.2418220645780376
3218,30.5379817331,Male,1,img_3218.bmp,0.029533910988986486,1.9471961980519232,1.2616438812196047
3219,22.7077300067,Male,1,img_3219.bmp,0.06103641378797436,2.249383685025153,1.1667650489805124
3220,28.3152777778,Female,1,img_3220.bmp,0.05120062283702516,2.6597611738492066,1.2269063538198566
3221,24.4097222222,Female,1,img_3221.bmp,0.047720112763530324,2.28506668284374,1.1699489872231992
3222,31.0361842105,Male,1,img_3222.bmp,0.026152613671099174,2.4619658739291435,1.270800762205703
3223,26.1677631579,Male,1,img_3223.bmp,0.028931123489329653,2.3830790469358414,1.2668460983150698
3224,46.0693131695,Male,1,img_3224.bmp,0.022605879999772902,2.6549032480213652,1.1365278270812835
3225,28.3503465658,Male,1,img_3225.bmp,0.015538028111031684,2.479803184092414,1.2660952743471199
3226,30.0354003906,Female,1,img_3226.bmp,0.07183445687618743,1.8978189424171696,1.2447823156254845
3227,27.1176757812,Female,1,img_3227.bmp,0.08328830910214335,2.8779452405039696,1.2973327769231169
3228,23.0103154136,Male,1,img_3228.bmp,0.06915282080867732,2.3333333333333335,1.2657553530563759
3229,20.6395556437,Male,1,img_3229.bmp,0.0539339104107395,2.3659691923138184,1.2626902606683457
3230,49.9171597633,Female,1,img_3230.bmp,0.008890769913454747,1.9781360744205736,1.1833440860491888
3231,35.2747928994,Female,1,img_3231.bmp,0.01740652965091045,2.2648405458161673,1.1724289536680224
3232,32.6184210526,Male,1,img_3232.bmp,0.05485339082793423,2.763667224087765,1.2204366842733967
3233,24.0986842105,Male,1,img_3233.bmp,0.0346638072628482,2.4838856584671487,1.3218970587835899
3234,38.464316609,Female,1,img_3234.bmp,0.010515490828738025,2.010176092472766,1.2061051588273932
3235,30.1025086505,Female,1,img_3235.bmp,0.010312212773426779,1.9595079332673404,1.2596691497095187
3236,22.4945369407,Female,1,img_3236.bmp,0.014965338927983268,2.9257583246036885,1.284345707342639
3237,21.5801248699,Female,1,img_3237.bmp,0.014817279492586398,2.598686347312295,1.2319054025431757
3238,28.3627322199,Male,1,img_3238.bmp,0.024060697473020285,2.090651585858369,1.2305112182300306
3239,25.0647401013,Male,1,img_3239.bmp,0.02527447414323712,2.042652704693921,1.2429857391646952
3240,30.0681666295,Female,1,img_3240.bmp,0.020676001819396345,2.1281019330874247,1.267695633764997
3241,25.3700155937,Female,1,img_3241.bmp,0.029738892822428066,2.3874160036986067,1.1247018759236158
3242,50.0298438935,Female,1,img_3242.bmp,0.03559968141923011,2.0988124062990012,1.2867776679534226
3243,36.3119834711,Female,1,img_3243.bmp,0.02417204396505481,2.8496235405974746,1.193819988382398
3244,39.3106122449,Male,1,img_3244.bmp,0.0,0.0,0.0
3245,22.8116326531,Male,1,img_3245.bmp,0.01359862388929292,2.022337817869217,1.2121705737315456
3246,39.9342838049,Male,1,img_3246.bmp,0.013494493862476625,1.892633594090787,1.2093916697977927
3247,30.5379817331,Male,1,img_3247.bmp,0.05987372033695175,2.213512816581299,1.3060943124220306
3248,35.4245401864,Female,1,img_3248.bmp,0.07836727513905828,2.2698984612511293,1.3883311937897365
3249,19.4834971025,Female,1,img_3249.bmp,0.04082046280256718,2.8040223487115234,1.2151822289429186
3250,41.0896990741,Male,1,img_3250.bmp,0.03555283369327854,2.289894210433853,1.1946124013818615
3251,30.5121527778,Male,1,img_3251.bmp,0.0405637167848782,2.661749469380743,1.1387219516432663
3252,45.6098615917,Male,1,img_3252.bmp,0.0281426087009676,2.407729069530666,1.120175393263149
3253,30.4065743945,Male,1,img_3253.bmp,0.028450315745866876,2.332542227300274,1.2069162559967854
3254,35.2584876543,Male,1,img_3254.bmp,0.025489650168893086,2.3088461071991278,1.2372238140653444
3255,30.5121527778,Male,1,img_3255.bmp,0.02845199283849794,2.0451793614961145,1.2259785455429641
3256,46.6407254362,Male,1,img_3256.bmp,0.0,0.0,0.0
3257,24.3693755739,Male,1,img_3257.bmp,0.039535090253786265,2.3583726822080204,1.1571092165633896
3258,49.9171597633,Female,1,img_3258.bmp,0.033257214483120814,2.0888377733187524,1.2789565739822626
3259,39.1017751479,Female,1,img_3259.bmp,0.034082892155741236,2.184411060234708,1.339596248806254
3260,31.8682484568,Male,1,img_3260.bmp,0.05937131294429647,2.506715119365416,1.2151961910819573
3261,26.4438657407,Male,1,img_3261.bmp,0.05767076494362118,2.129265246934557,1.1538663978829165
3262,58.5717119619,Male,1,img_3262.bmp,0.0,0.0,0.0
3263,36.2586788336,Male,1,img_3263.bmp,0.02733602895956851,2.369607233256705,1.1933088134258938
3264,24.3918918919,Female,1,img_3264.bmp,0.035863973935793436,2.202271554554524,1.18545984537918
3265,21.8243243243,Female,1,img_3265.bmp,0.014318859933782914,1.9744244757769625,1.2839361136856906
3266,24.6891259105,Female,1,img_3266.bmp,0.014883504761480844,2.4339772136539066,1.334947768228228
3267,21.9458896982,Female,1,img_3267.bmp,0.014994576434359017,2.1197600061250426,1.2508765871631868
3268,36.9075,Female,1,img_3268.bmp,0.015170026617583621,2.093522246484817,1.2220432776319614
3269,26.3625,Female,1,img_3269.bmp,0.0160956169528137,2.7135141449997797,1.2008068340636506
3270,57.9438627757,Female,1,img_3270.bmp,0.0220218187918105,2.5773402061030937,1.2189999451848887
3271,46.8249053241,Female,1,img_3271.bmp,0.04110195639418129,2.469149916557988,1.235622303114256
3272,27.4058810425,Female,1,img_3272.bmp,0.056461013450377136,2.5773613545412024,1.197928516899432
3273,19.5756293161,Female,1,img_3273.bmp,0.06828182445959757,2.536720122439966,1.182325739170524
3274,39.7450902599,Male,1,img_3274.bmp,0.023632761155183177,2.3010120158399086,1.1612438455283005
3275,29.9831382662,Male,1,img_3275.bmp,0.02369563496423094,2.2817498002044196,1.168722987825012
3276,25.9679591837,Male,1,img_3276.bmp,0.032429913863698014,2.151321577691338,1.1358827849723288
3277,21.3769387755,Male,1,img_3277.bmp,0.030522957929624485,2.408176058058361,1.221872966994867
3278,30.6804205515,Male,1,img_3278.bmp,0.033588289727900324,2.2295451463545266,1.1670706044954287
3279,23.2892283277,Male,1,img_3279.bmp,0.03887987793120628,2.0630253809451555,1.276053277027243
3280,51.3664513255,Male,1,img_3280.bmp,0.04926628867242303,2.7083516419872797,1.1564016355857707
3281,43.536199599,Male,1,img_3281.bmp,0.04636710737902424,2.6308655786354365,1.1755257280354434
3282,46.8249053241,Female,1,img_3282.bmp,0.08531581849887453,2.4784247251427414,1.2712167803586256
3283,32.7304522165,Female,1,img_3283.bmp,0.010795566096708923,2.4377335896649805,1.212898516175596
3284,31.0900104058,Female,1,img_3284.bmp,0.011391779944096169,2.1742528615885726,1.2618527939804574
3285,23.7747138398,Female,1,img_3285.bmp,0.038836749397130006,2.1798449802522737,1.2978566332252597
3286,40.6059651334,Male,1,img_3286.bmp,0.03744180521413918,2.0484389945153145,1.2614372828150238
3287,25.1018693552,Male,1,img_3287.bmp,0.02540501289135049,2.3097240086219117,1.1862762177315538
3288,44.2199265381,Female,1,img_3288.bmp,0.02379733638574589,2.0717732422776574,1.2889792493446472
3289,37.1189164371,Female,1,img_3289.bmp,0.029689983535621238,2.420357869006329,1.1665314367982378
3290,43.9375,Female,1,img_3290.bmp,0.023287446237470113,2.232933466596109,1.180089130362206
3291,31.3187716263,Female,1,img_3291.bmp,0.031260598995248336,2.432424218432934,1.1718400426741031
3292,31.7931588613,Male,1,img_3292.bmp,0.03393749410346527,2.278449021550667,1.143478008499074
3293,23.4010560147,Male,1,img_3293.bmp,0.03972811579547105,2.6655529283420925,1.2317326046622064
3294,48.7837837838,Male,1,img_3294.bmp,0.02585505340208678,2.780630543266176,1.1721114784341957
3295,37.2297297297,Male,1,img_3295.bmp,0.03218893996365692,2.575282172617909,1.1840154502056763
3296,29.0495867769,Male,1,img_3296.bmp,0.02980770715964928,2.0144097684752396,1.1816758979460058
3297,23.2396694215,Male,1,img_3297.bmp,0.036495315826207825,2.445977233124409,1.1261550687243183
3298,29.598351526,Female,1,img_3298.bmp,0.015707114261968837,2.114881283811844,1.2678928932637457
3299,25.3700155937,Female,1,img_3299.bmp,0.02087248208893408,2.030575171560816,1.2383537983041717
3300,49.9911111111,Male,1,img_3300.bmp,0.05332020230748085,2.745481472720215,1.2644455464548632
3301,28.4949333333,Male,1,img_3301.bmp,0.04572086531322714,2.659911848636345,1.1630924143700947
3302,37.1189164371,Female,1,img_3302.bmp,0.011550848305702925,2.0955709144399157,1.2237114062138272
3303,28.2426538108,Female,1,img_3303.bmp,0.07141799699482698,2.620018825311462,1.2677671326146893
3304,29.2851414569,Female,1,img_3304.bmp,0.013054595327095785,2.7453290664633117,1.232664534561071
3305,21.924704834,Female,1,img_3305.bmp,0.01916714579957917,2.0832770931342037,1.2608783936634917
3306,39.4540816327,Female,1,img_3306.bmp,0.02474743579189145,2.185053590580099,1.25834893209046
3307,33.7153061224,Female,1,img_3307.bmp,0.018521685561731026,2.083866230087075,1.1767352099679569
3308,27.9853867473,Female,1,img_3308.bmp,0.022846237992373033,2.6290771088201113,1.2050244943884354
3309,21.0776014109,Female,1,img_3309.bmp,0.019767892150221303,2.373388850335367,1.2213332032681545
3310,34.698117539,Female,1,img_3310.bmp,0.043516115242563394,2.2403571143904712,1.1425041436678196
3311,25.0149219467,Female,1,img_3311.bmp,0.041862108394802616,2.239637122592535,1.1318034689378926
3312,33.2243441358,Male,1,img_3312.bmp,0.016374868424527646,2.8901132264068212,1.20155733021788
3313,25.4945987654,Male,1,img_3313.bmp,0.0,0.0,0.0
3314,35.6620707596,Female,1,img_3314.bmp,0.0,0.0,0.0
3315,21.0314776275,Female,1,img_3315.bmp,0.05462680088601923,2.4677329438885685,1.130437620847507
3316,29.425312438,Male,1,img_3316.bmp,0.05204490845751385,2.3276241953770067,1.1686605587618895
3317,26.3572703829,Male,1,img_3317.bmp,0.018724585615840648,2.6747520629353017,1.1742875909438395
3318,38.7702702703,Male,1,img_3318.bmp,0.02857059041629994,2.6862341034497694,1.20281753113412
3319,32.7364864865,Male,1,img_3319.bmp,0.04292877550265922,2.2726931380230058,1.289767229548256
3320,35.2747928994,Female,1,img_3320.bmp,0.04202183172295701,2.087471787004189,1.3677740355838888
3321,27.4544378698,Female,1,img_3321.bmp,0.018607791962679636,2.327433628318584,1.2169537135252362
3322,42.0825456837,Male,1,img_3322.bmp,0.04385838396333153,2.6031167393444523,1.3909758278207647
3323,32.7800882168,Male,1,img_3323.bmp,0.028948386014120323,2.788323796182871,1.2368475714220506
3324,42.6100581723,Male,1,img_3324.bmp,0.07241384848814367,2.1370191456159864,1.23608708245653
3325,27.7031337962,Male,1,img_3325.bmp,0.0,0.0,0.0
3326,38.3505256893,Male,1,img_3326.bmp,0.034212934005137384,2.2094639099181435,1.2379208102247754
3327,27.1940091252,Male,1,img_3327.bmp,0.03290373923458361,2.12436212023455,1.285098340845693
3328,34.3848427842,Female,1,img_3328.bmp,0.042998961902874534,2.1478597107330026,1.2638314878470114
3329,28.717011556,Female,1,img_3329.bmp,0.035622469805665025,2.0295409264720052,1.245854642959938
3330,32.3537146614,Male,1,img_3330.bmp,0.028257649741682486,2.323057937548221,1.2695508577225372
3331,28.3095003287,Male,1,img_3331.bmp,0.029433111290532,2.264420855308207,1.345832554357817
3332,29.5316110061,Female,1,img_3332.bmp,0.01566035138447248,2.3940707320901513,1.1608361010711485
3333,23.1823146398,Female,1,img_3333.bmp,0.0,0.0,0.0
3334,31.8502040816,Male,1,img_3334.bmp,0.02534972624470761,2.474775044596641,1.1972247070933066
3335,26.5418367347,Male,1,img_3335.bmp,0.026813863096953824,2.6171323602242462,1.1712952052262982
3336,31.7464818315,Female,1,img_3336.bmp,0.015726099827880754,2.200106169426035,1.1722396861219742
3337,22.8869985297,Female,1,img_3337.bmp,0.017397286532863716,2.3347800676981247,1.2962204069627363
3338,29.2252456538,Female,1,img_3338.bmp,0.01540639572376408,2.191162242582072,1.183940222269441
3339,24.7971781305,Female,1,img_3339.bmp,0.015565375133192944,2.2308886808774737,1.2456206728617465
3340,26.6027832031,Female,1,img_3340.bmp,0.07970356986855372,2.1722171429013466,1.2566199901649007
3341,22.3120117188,Female,1,img_3341.bmp,0.05895080636017389,2.249584530041299,1.0946759644182558
3342,39.4540816327,Male,1,img_3342.bmp,0.06953970602388952,2.642233986163368,1.2479908187642228
3343,32.9979591837,Male,1,img_3343.bmp,0.0,0.0,0.0
3344,36.0424804688,Female,1,img_3344.bmp,0.0,0.0,0.0
3345,24.0283203125,Female,1,img_3345.bmp,0.009924888188575516,2.321070495989864,1.2597344026651307
3346,33.4472318339,Female,1,img_3346.bmp,0.012403427548724944,1.8800493004985934,1.2555767391056607
3347,22.6528979239,Female,1,img_3347.bmp,0.034688159537625655,2.5665693262619804,1.2014308055610416
3348,30.5121527778,Male,1,img_3348.bmp,0.03555158074166544,2.551403191707802,1.222792641048928
3349,26.4438657407,Male,1,img_3349.bmp,0.024081148022997628,1.640341930660963,1.1757572980917288
3350,41.186240258,Female,1,img_3350.bmp,0.0,0.0,0.0
3351,31.7398548777,Female,1,img_3351.bmp,0.0,0.0,0.0
3352,33.610887574,Female,1,img_3352.bmp,0.08650540343477568,2.248371057853464,1.2834293947217956
3353,23.9602366864,Female,1,img_3353.bmp,0.07542882925474743,2.3686455172529013,1.2532273958186726
3354,30.5502929688,Male,1,img_3354.bmp,0.02027802264380101,2.66092862907099,1.158543415491605
3355,25.7446289062,Male,1,img_3355.bmp,0.01502452244590694,2.1251581142605653,1.3340253604978287
3356,31.0081915564,Male,1,img_3356.bmp,0.07682078495085636,2.6390029673934725,1.2571582026618247
3357,27.1690821256,Male,1,img_3357.bmp,0.06098391092838017,2.67883665106867,1.1679017445539013
3358,28.3455112497,Female,1,img_3358.bmp,0.0798852942117217,1.9977779534445355,1.1660643247743483
3359,21.7680997995,Female,1,img_3359.bmp,0.0645620410103385,3.0716923865594126,1.2134961356517293
3360,37.9706790123,Male,1,img_3360.bmp,0.06841311151731322,2.670778722565918,1.2003509231045517
3361,27.7999614198,Male,1,img_3361.bmp,0.056605495616170634,2.60286983568498,1.2090101271553324
3362,29.4440686785,Female,1,img_3362.bmp,0.05647254791312351,2.243887194632113,1.2321260954244524
3363,22.1287721124,Female,1,img_3363.bmp,0.08076574029527261,2.4644674881198982,1.171062459152796
3364,38.7702702703,Male,1,img_3364.bmp,0.07533656947848004,2.2131627079757425,1.1924627690713459
3365,31.5810810811,Male,1,img_3365.bmp,0.0,0.0,0.0
3366,29.0495867769,Female,1,img_3366.bmp,0.0,0.0,0.0
3367,26.3060146924,Female,1,img_3367.bmp,0.08280084231464667,2.3464690834876376,1.2641640625953492
3368,35.2584876543,Male,0,img_3368.bmp,0.06316643086387777,2.3827686012067035,1.2091034643773737
3369,29.6984953704,Male,0,img_3369.bmp,0.0,0.0,0.0
3370,30.8459183673,Female,0,img_3370.bmp,0.04740491133354049,2.73541451732683,1.2332349801577476
3371,24.3897959184,Female,0,img_3371.bmp,0.056326274000927296,2.1211732084567387,1.2504229219472183
3372,36.2586788336,Male,0,img_3372.bmp,0.044785513392062944,2.785826782219979,1.166338443870681
3373,27.8912914104,Male,0,img_3373.bmp,0.05062934486224357,2.501518875619945,1.1594662641940705
3374,36.7434666667,Male,0,img_3374.bmp,0.04134256830591183,2.273100649839207,1.133941560213473
3375,23.3708444444,Male,0,img_3375.bmp,0.04864203643482126,2.1976706071568084,1.1571770375531114
3376,57.160837603,Female,0,img_3376.bmp,0.03446767717036831,2.501895997646809,1.2183245721155902
3377,41.5003341501,Female,0,img_3377.bmp,0.03648471164292757,2.4365714375173937,1.228838699360489
3378,60.0968283974,Male,0,img_3378.bmp,0.015297644778278455,2.5372048228234227,1.1858650308015135
3379,34.2566687671,Male,0,img_3379.bmp,0.014216149122677414,2.0339173401531943,1.2174486780917422
3380,28.884837963,Male,0,img_3380.bmp,0.02929482534971687,2.5434002924307317,1.1235218301674987
3381,23.4604552469,Male,0,img_3381.bmp,0.03393645587741789,1.9925395063681244,1.18745196186953
3382,31.6317722681,Male,0,img_3382.bmp,0.03267248529631089,1.8961671070429151,1.200094929198788
3383,26.1446280992,Male,0,img_3383.bmp,0.01890109252803531,2.1898019551651378,1.2420229810434522
3384,29.7984429066,Male,0,img_3384.bmp,0.019305958380090114,2.096649490566894,1.2319499445860818
3385,24.0211937716,Male,0,img_3385.bmp,0.029807647628252245,2.32547964605358,1.247252172656294
3386,41.19140625,Female,0,img_3386.bmp,0.029960570239018634,2.3513891352836294,1.180385430016006
3387,32.6098632812,Female,0,img_3387.bmp,0.07162138759780032,2.360084744241189,1.2327942727653973
3388,38.3388157895,Male,0,img_3388.bmp,0.08012227666005974,2.150224456064937,1.2581355986113847
3389,33.4703947368,Male,0,img_3389.bmp,0.0,0.0,0.0
3390,41.19140625,Female,0,img_3390.bmp,0.0,0.0,0.0
3391,29.1772460938,Female,0,img_3391.bmp,0.018399297678120687,2.1023340140684743,1.2018745582611987
3392,40.1644736842,Male,0,img_3392.bmp,0.06723122192421759,2.1899440454677817,1.1128461463100991
3393,30.4276315789,Male,0,img_3393.bmp,0.0,0.0,0.0
3394,39.0478079746,Male,0,img_3394.bmp,0.03719841588073092,2.7613202064503364,1.2136404991535714
3395,33.4695496925,Male,0,img_3395.bmp,0.05144291085729538,2.556159348961631,1.223048972840596
3396,35.2584876543,Male,0,img_3396.bmp,0.039065609748763094,2.327188222331097,1.153364397363893
3397,29.1560570988,Male,0,img_3397.bmp,0.0474034734986358,2.416439469256509,1.1303767226864274
3398,30.4065743945,Female,0,img_3398.bmp,0.03213541549497429,2.329506331620279,1.2639120186543908
3399,26.3016868512,Female,0,img_3399.bmp,0.024300138385903114,2.206354459283458,1.2402482063614928
3400,30.0681666295,Female,0,img_3400.bmp,0.06918941407449455,2.3635958550170244,1.2548975900442223
3401,25.8398306973,Female,0,img_3401.bmp,0.0724071554846616,2.2413793103448274,1.1816228883884723
3402,44.7511574074,Male,0,img_3402.bmp,0.027906888300932412,2.620499554205887,1.154251922995038
3403,26.4438657407,Male,0,img_3403.bmp,0.0487348027423731,2.305612466085232,1.2041594578792296
3404,32.5462962963,Male,0,img_3404.bmp,0.07473983910209125,2.5890349399412007,1.2229943693339493
3405,24.4097222222,Male,0,img_3405.bmp,0.060866061289630576,2.5529445299880447,1.2209365908698053
3406,45.4578287197,Male,0,img_3406.bmp,0.0,0.0,0.0
3407,27.669982699,Male,0,img_3407.bmp,0.028683015991493675,2.4549376890207335,1.213367030530128
3408,48.6842105263,Male,0,img_3408.bmp,0.03125080533858391,2.2211270574655124,1.237972766960415
3409,37.9736842105,Male,0,img_3409.bmp,0.014117369934139683,2.5109466074083593,1.2228738163762183
3410,28.8373469388,Male,0,img_3410.bmp,0.014065557872797896,1.9014247627294318,1.2860697289796852
3411,25.6810204082,Male,0,img_3411.bmp,0.05620921305502808,2.3157894736842106,1.2637366480121461
3412,33.2243441358,Male,0,img_3412.bmp,0.056477413416874504,2.1985068752829204,1.244270405283118
3413,25.0877700617,Male,0,img_3413.bmp,0.03350552684346288,2.207606332989525,1.231532855648275
3414,59.1824324324,Male,0,img_3414.bmp,0.03820782078813744,2.3704427072295773,1.1962459474590612
3415,30.9391891892,Male,0,img_3415.bmp,0.04017587371630771,2.4508230119326444,1.1683738222068323
3416,27.4540186445,Female,0,img_3416.bmp,0.037166710299179666,2.790248906278889,1.168957375957741
3417,22.4945830184,Female,0,img_3417.bmp,0.04791511207729863,2.3112099101489885,1.2992922488963992
3418,48.5475607039,Male,0,img_3418.bmp,0.057603454737614246,2.0695485227659924,1.1850452016543076
3419,27.8756961461,Male,0,img_3419.bmp,0.0550859662310521,1.8949487976087214,1.1571036638473187
3420,41.0083333333,Male,0,img_3420.bmp,0.030631647789498628,2.4210304728664838,1.1311499162106524
3421,27.7294444444,Male,0,img_3421.bmp,0.03224988659621367,2.9033730145070638,1.2477908098263346
3422,33.6700824237,Male,0,img_3422.bmp,0.04593007198214264,2.5606786035776636,1.205841637220267
3423,25.8398306973,Male,0,img_3423.bmp,0.0,0.0,0.0
3424,41.7425777778,Male,0,img_3424.bmp,0.0,0.0,0.0
3425,27.8700444444,Male,0,img_3425.bmp,0.02201068165384823,2.3197056512127556,1.3155109031613592
3426,30.4651045603,Female,0,img_3426.bmp,0.013905640326207287,2.0858757894440316,1.2565395760869833
3427,25.3285462333,Female,0,img_3427.bmp,0.0401766661939641,2.8840959996144178,1.1791823541419206
3428,45.3669333333,Male,0,img_3428.bmp,0.03195511370408304,2.393054827912635,1.204434738697945
3429,29.8696888889,Male,0,img_3429.bmp,0.022457394442938237,2.7697260257269405,1.1163785975603147
3430,32.4134542706,Female,0,img_3430.bmp,0.017011080267499208,2.1830216164139147,1.1863754315871429
3431,25.6827916352,Female,0,img_3431.bmp,0.054515997867996595,2.316332861200098,1.1894456784140293
3432,34.9420118343,Female,0,img_3432.bmp,0.05052353032500318,2.1909937276813984,1.1796689088864138
3433,19.9668639053,Female,0,img_3433.bmp,0.03587887406750001,2.257810094321121,1.3064972067450524
3434,31.2368164062,Female,0,img_3434.bmp,0.032154084261830904,1.8889063193304054,1.3303472748860765
3435,22.6552734375,Female,0,img_3435.bmp,0.0,0.0,0.0
3436,39.9928888889,Male,0,img_3436.bmp,0.030028988580860585,2.3203217831909857,1.1800238522248419
3437,31.2444444444,Male,0,img_3437.bmp,0.03169332386464822,2.4991239340929465,1.2816542990873074
3438,29.6819290674,Male,0,img_3438.bmp,0.02916829127739087,2.418675318622659,1.21411825189491
3439,24.4051416776,Male,0,img_3439.bmp,0.04287288346845874,2.2439219963335955,1.1563392269268904
3440,41.9605142332,Female,0,img_3440.bmp,0.06222785157579417,2.002188583547412,1.2147225111732285
3441,29.8565197429,Female,0,img_3441.bmp,0.053576530108152366,2.0063351441521178,1.2596448715063062
3442,41.606122449,Male,0,img_3442.bmp,0.0,0.0,0.0
3443,27.2591836735,Male,0,img_3443.bmp,0.04017690188474236,2.1707753688651636,1.2262432926632785
3444,28.693877551,Female,0,img_3444.bmp,0.026944563193925523,2.1366136876530972,1.2247142232709833
3445,22.9551020408,Female,0,img_3445.bmp,0.02884070697915843,1.9753426768588247,1.2216631486663803
3446,26.3096458008,Female,0,img_3446.bmp,0.04807490831564772,2.390841012075558,1.1576526311963733
3447,20.6718645578,Female,0,img_3447.bmp,0.0709625334528704,2.7120484596262124,1.2597419698958765
3448,45.6098615917,Female,0,img_3448.bmp,0.04362318241982978,2.4886712717661434,1.2033805048087334
3449,25.0854238754,Female,0,img_3449.bmp,0.0,0.0,0.0
3450,32.2750771605,Male,0,img_3450.bmp,0.007998437593867187,2.123607095897616,1.1799567404725892
3451,28.4780092593,Male,0,img_3451.bmp,0.019385545127063034,2.0578473441549003,1.2085490411590505
3452,28.1010288413,Male,0,img_3452.bmp,0.02185132978708207,2.3972051949286164,1.2056907468577407
3453,23.1210996795,Male,0,img_3453.bmp,0.03530016379832707,2.3144316609722546,1.147815629704677
3454,25.5924188403,Male,0,img_3454.bmp,0.04843909252211932,2.2784537193788577,1.1907909843725788
3455,24.2732219929,Male,0,img_3455.bmp,0.06789882788841005,2.8706925841003526,1.2236615055259772
3456,44.1930943892,Male,0,img_3456.bmp,0.0,0.0,0.0
3457,35.6183148808,Male,0,img_3457.bmp,0.05277093237770866,2.379818880952327,1.1964058096289356
3458,28.693877551,Female,0,img_3458.bmp,0.033232964073957136,1.9897686803490213,1.182747028127477
3459,22.9551020408,Female,0,img_3459.bmp,0.03534530041369252,1.9990823582907629,1.18592112348623
3460,30.0354003906,Female,0,img_3460.bmp,0.027386409671684663,2.8664169539420037,1.127306941306012
3461,20.595703125,Female,0,img_3461.bmp,0.029568631368218266,2.710575331681316,1.1808480683684945
3462,32.4847721067,Male,0,img_3462.bmp,0.08818567169443393,2.248371057853464,1.2538412828051595
3463,23.6252888049,Male,0,img_3463.bmp,0.0,0.0,0.0
3464,42.6100581723,Male,0,img_3464.bmp,0.03412543413382184,2.673283801056621,1.1771492705269953
3465,29.4180896979,Male,0,img_3465.bmp,0.03651008814327595,2.008524668727398,1.2411100463902058
3466,25.8218549128,Female,0,img_3466.bmp,0.0,0.0,0.0
3467,22.5941230487,Female,0,img_3467.bmp,0.019091336832716372,2.667660163619133,1.193414819794065
3468,28.3396321492,Female,0,img_3468.bmp,0.029950821375472447,2.3624076294890877,1.1567884345401451
3469,20.3691106072,Female,0,img_3469.bmp,0.04268871663986477,2.605569194185423,1.1921190222529594
3470,36.3119834711,Female,0,img_3470.bmp,0.04618527880967809,2.5084472671969196,1.212855929108006
3471,24.6921487603,Female,0,img_3471.bmp,0.04391935062669564,2.2036227835520856,1.1244510855979637
3472,43.9304598622,Male,0,img_3472.bmp,0.05055098323337623,2.0014165979818825,1.191022513206841
3473,24.2180740266,Male,0,img_3473.bmp,0.026237610704880867,2.2640022107183513,1.2004267525583587
3474,42.9923555556,Male,0,img_3474.bmp,0.02556711594691399,2.0619953485685287,1.2469013595550344
3475,36.4935111111,Male,0,img_3475.bmp,0.028619541255237906,2.3206101173454314,1.1969388964744572
3476,64.8923076923,Female,0,img_3476.bmp,0.02701586044104698,2.0584381550769737,1.2525639704012532
3477,44.0934911243,Female,0,img_3477.bmp,0.09228543378591074,2.4854292366844883,1.292113133127913
3478,38.9669942051,Female,0,img_3478.bmp,0.04765500828282985,2.6715689054178586,1.2914850786508065
3479,29.9337364575,Female,0,img_3479.bmp,0.05247735992668326,2.371072313154771,1.24283450054994
3480,27.3848684211,Male,0,img_3480.bmp,0.06621765763436364,2.158849038408824,1.2712978986482428
3481,22.2730263158,Male,0,img_3481.bmp,0.0400223161648511,2.034822084682178,1.2222678618168834
3482,41.2426666667,Male,0,img_3482.bmp,0.01973714123061886,1.9967293518589753,1.2186996641233112
3483,28.7448888889,Male,0,img_3483.bmp,0.022241752594343328,1.8997757602757686,1.2814670297400832
3484,48.7795918367,Male,0,img_3484.bmp,0.024673452014362218,2.1076916177490364,1.1625881387427708
3485,41.606122449,Male,0,img_3485.bmp,0.023394115359510352,1.9186757740636244,1.2688730868395928
3486,41.3149678604,Female,0,img_3486.bmp,0.026272236478795192,2.3911440852739934,1.2153233380980801
3487,35.5050505051,Female,0,img_3487.bmp,0.029902426478204607,2.0783470901701993,1.2758324846767044
3488,37.4908949011,Female,0,img_3488.bmp,0.024946596064029776,2.444277264403092,1.247567943759739
3489,33.4674817898,Female,0,img_3489.bmp,0.011391318689246996,2.821428627877364,1.1762616513213018
3490,50.5012244898,Male,0,img_3490.bmp,0.010583675509991102,2.1830990067400955,1.2066999555241644
3491,38.7367346939,Male,0,img_3491.bmp,0.015152994721720806,1.9122009287731698,1.1547603207385053
3492,53.0339355469,Female,0,img_3492.bmp,0.014388627455700421,1.9048227061156415,1.158354545147515
3493,35.8708496094,Female,0,img_3493.bmp,0.04816505694410107,2.279188416465417,1.13890146912752
3494,38.686410418,Female,0,img_3494.bmp,0.04711668690884481,2.5890195710012693,1.1477094262267387
3495,23.0346565848,Female,0,img_3495.bmp,0.046566853888358316,2.375277324706235,1.2506211474454882
3496,37.1189164371,Female,0,img_3496.bmp,0.05165568550480442,2.1149928482996967,1.2467025505598055
3497,29.0495867769,Female,0,img_3497.bmp,0.0,0.0,0.0
3498,51.4892578125,Female,0,img_3498.bmp,0.0,0.0,0.0
3499,35.1843261719,Female,0,img_3499.bmp,0.02523854951522542,2.3150412649441394,1.2910589235795438
3500,54.2438271605,Male,0,img_3500.bmp,0.011010895853195004,2.139868763427441,1.1766882706205521
3501,40.6828703704,Male,0,img_3501.bmp,0.011564026166985023,2.262010163111723,1.2637391872761843
3502,41.3149678604,Female,0,img_3502.bmp,0.03526240527417965,2.0948814809944367,1.1714354427758547
3503,35.5050505051,Female,0,img_3503.bmp,0.03778976645902429,2.271113206813341,1.2175127946285353
3504,32.6125443787,Female,0,img_3504.bmp,0.02304284053469033,1.910493146076419,1.321020175348163
3505,25.4577514793,Female,0,img_3505.bmp,0.025844627049983807,1.8522550968487874,1.2651462432204608
3506,44.6260662567,Male,0,img_3506.bmp,0.024580237471373875,2.325540460731757,1.2438586760322068
3507,32.074985122,Male,0,img_3507.bmp,0.02037225091131529,2.1018100715146537,1.2890839204746458
3508,32.1177102929,Female,0,img_3508.bmp,0.017414933685445916,1.954306276006671,1.2897435235141368
3509,20.593120129,Female,0,img_3509.bmp,0.044028032805829447,2.601852527870826,1.2285270123072733
3510,38.0872359963,Female,0,img_3510.bmp,0.04753784420628909,2.2036227835520856,1.2272727272727273
3511,32.277318641,Female,0,img_3511.bmp,0.07815870437919212,2.0652091316369026,1.2727039250740433
3512,29.2851414569,Female,0,img_3512.bmp,0.017139464443104224,1.9924742247759413,1.205115413412419
3513,21.924704834,Female,0,img_3513.bmp,0.01932384224973323,2.3062303144458385,1.1906552441600482
3514,43.6486486486,Male,0,img_3514.bmp,0.07087909909473754,1.917253783140228,1.295548712345538
3515,25.6756756757,Male,0,img_3515.bmp,0.0,0.0,0.0
3516,38.3682334596,Female,0,img_3516.bmp,0.03948449223962959,2.4639028228853848,1.2108169989407511
3517,26.6228558699,Female,0,img_3517.bmp,0.04914946104182354,2.6994855476964905,1.1744913850987835
3518,27.9765306122,Male,0,img_3518.bmp,0.04477907275302244,2.648556490835813,1.2224285924301777
3519,24.3897959184,Male,0,img_3519.bmp,0.05010230439583642,2.4771051095496346,1.2021586526556498
3520,27.4609375,Female,0,img_3520.bmp,0.0,0.0,0.0
3521,20.9389648438,Female,0,img_3521.bmp,0.051051668381548454,2.4474738674167806,1.1956650014188166
3522,36.9587881488,Female,0,img_3522.bmp,0.04246035811519478,2.161549993463697,1.1866944251676834
3523,26.1530407663,Female,0,img_3523.bmp,0.01960866881632652,2.0646185053538515,1.0832739048556355
3524,37.4933333333,Male,0,img_3524.bmp,0.019941614285615413,1.9830380237482241,1.1700058135279225
3525,29.9946666667,Male,0,img_3525.bmp,0.06839109433057057,2.6445760309394943,1.2079914085966188
3526,38.7327823691,Female,0,img_3526.bmp,0.08302042085653137,2.4074074074074074,1.2742648707389626
3527,30.6634527089,Female,0,img_3527.bmp,0.0,0.0,0.0
3528,53.2055664062,Female,0,img_3528.bmp,0.0643630604712693,2.0517471676000762,1.188086644339497
3529,29.1772460938,Female,0,img_3529.bmp,0.0,0.0,0.0
3530,35.2584876543,Male,0,img_3530.bmp,0.0,0.0,0.0
3531,28.7492283951,Male,0,img_3531.bmp,0.08656044801771798,2.145534042267941,1.2781904932660075
3532,25.5052405267,Female,0,img_3532.bmp,0.03890046282975199,2.5550541847077244,1.199306959226051
3533,21.1599032518,Female,0,img_3533.bmp,0.048604253277583456,2.474725854443663,1.142368089693477
3534,33.8304358781,Female,0,img_3534.bmp,0.05025479469747207,2.3868920904192747,1.1705415523479703
3535,26.7455278408,Female,0,img_3535.bmp,0.0,0.0,0.0
3536,34.9420118343,Female,0,img_3536.bmp,0.0,0.0,0.0
3537,29.7839053254,Female,0,img_3537.bmp,0.042225196601982116,2.4326106665038734,1.1722289925277531
3538,40.6059651334,Male,0,img_3538.bmp,0.07144746861403871,2.4044446450385135,1.2027230051213131
3539,25.8401596303,Male,0,img_3539.bmp,0.0,0.0,0.0
3540,29.4440686785,Female,0,img_3540.bmp,0.0,0.0,0.0
3541,21.7630072841,Female,0,img_3541.bmp,0.05786910174531906,2.503199172571167,1.2888536245000621
3542,38.6814435286,Female,0,img_3542.bmp,0.0500057953215511,2.0847431127488694,1.2250637738501617
3543,29.4417464914,Female,0,img_3543.bmp,0.04255054614507603,2.2661333293863364,1.2066772187500494
3544,45.4292052469,Male,0,img_3544.bmp,0.06109128744166845,2.336493098641637,1.3105700125768147
3545,32.8175154321,Male,0,img_3545.bmp,0.05813406787435629,2.3080127982580767,1.298832981286082
3546,49.9911111111,Male,0,img_3546.bmp,0.08212649874217459,1.966815403605129,1.2480720098007594
3547,26.8702222222,Male,0,img_3547.bmp,0.03778736044015602,2.2223468899689,1.2355002256579923
3548,36.045505528,Male,0,img_3548.bmp,0.07221183343412849,2.5110948965391797,1.1615954467331369
3549,29.8501842653,Male,0,img_3549.bmp,0.0736491357207987,2.4181030214244847,1.1453973905591814
3550,57.4897777778,Male,0,img_3550.bmp,0.008472032635813177,2.796398031018746,1.1507507355203064
3551,51.8657777778,Male,0,img_3551.bmp,0.06526804024416305,2.467252772729516,1.2591434144631637
3552,30.4651045603,Female,0,img_3552.bmp,0.06550942134456914,2.516535962332932,1.198128979896713
3553,24.7971781305,Female,0,img_3553.bmp,0.06633359352339908,2.2940139493908926,1.2494151512583611
3554,39.7450902599,Male,0,img_3554.bmp,0.0,0.0,0.0
3555,33.3300932355,Male,0,img_3555.bmp,0.05973091742354779,2.029177587989632,1.211003228243522
3556,33.084251607,Female,0,img_3556.bmp,0.023306570700549277,2.3534553144157533,1.207814645852349
3557,27.1129476584,Female,0,img_3557.bmp,0.02411901468308539,2.149459941832605,1.1925726517742838
3558,45.4154600134,Male,0,img_3558.bmp,0.041416677808176795,2.4693877551020407,1.2453068342071174
3559,38.3682334596,Male,0,img_3559.bmp,0.05778742188800993,2.1914303237623884,1.283712889132881
3560,34.6996429322,Male,0,img_3560.bmp,0.00982861029467599,2.5918316244471633,1.1912260530476906
3561,32.4847721067,Male,0,img_3561.bmp,0.009390549615347854,2.044008394524661,1.2741992940582996
3562,34.0202702703,Male,0,img_3562.bmp,0.03180975818157047,2.1998219215271355,1.2208645734424344
3563,24.3918918919,Male,0,img_3563.bmp,0.024601609597758728,2.206333406241801,1.1600959841530405
3564,29.2611862643,Female,0,img_3564.bmp,0.0,0.0,0.0
3565,23.7747138398,Female,0,img_3565.bmp,0.07399530141355005,2.5592031507430515,1.103331168533923
3566,40.3466483012,Male,0,img_3566.bmp,0.06765150256832335,2.3174154140299126,1.1037459098710387
3567,30.6634527089,Male,0,img_3567.bmp,0.05487777314572082,2.694982566638003,1.25724914879225
3568,38.3910943079,Male,0,img_3568.bmp,0.05186766868519895,2.178209189680146,1.3475367531667812
3569,28.0550304558,Male,0,img_3569.bmp,0.028443546771109662,2.4340370104907216,1.220809998222246
3570,39.4983623079,Female,0,img_3570.bmp,0.023258653765423586,2.5978257995405243,1.231245844832052
3571,36.664399093,Female,0,img_3571.bmp,0.03284062759533521,2.154964332204007,1.2079353487217144
3572,33.5075999249,Male,0,img_3572.bmp,0.03958562825750275,2.018830274113125,1.1709208888244051
3573,28.0988928504,Male,0,img_3573.bmp,0.08113336559979256,2.777416262624386,1.278520779891897
3574,31.6607243385,Male,0,img_3574.bmp,0.052951099393718504,2.8773444547205522,1.19475225473383
3575,25.0647401013,Male,0,img_3575.bmp,0.018808008189738903,2.313935902970807,1.1681235076682126
3576,32.2208333333,Female,0,img_3576.bmp,0.06623652120973464,2.117851297340552,1.199449559290852
3577,24.9955555556,Female,0,img_3577.bmp,0.06314210686501517,2.3133444404152184,1.2330988368328168
3578,37.9258494031,Male,0,img_3578.bmp,0.012742072243403308,2.4370678655264446,1.1423365057231134
3579,33.084251607,Male,0,img_3579.bmp,0.013572250691996513,2.115151967703584,1.289938755342678
3580,45.4797959184,Female,0,img_3580.bmp,0.044569182583755994,2.571465580784744,1.1950547160677216
3581,28.5504081633,Female,0,img_3581.bmp,0.0598242279345291,2.1551966678750096,1.2152387632235642
3582,27.1157142857,Male,0,img_3582.bmp,0.014739064936457798,2.227080888751933,1.1656355042619282
3583,24.2463265306,Male,0,img_3583.bmp,0.01485460965292325,2.0571882693712085,1.2507368924544824
3584,29.8138487521,Male,0,img_3584.bmp,0.031350953908993784,2.3877957508056875,1.2479451171254377
3585,25.0647401013,Male,0,img_3585.bmp,0.030571575580261193,2.230181211120502,1.2132965938697875
3586,38.7431111111,Male,0,img_3586.bmp,0.03505807098641886,2.29838991667542,1.1588027312245233
3587,27.4951111111,Male,0,img_3587.bmp,0.045322803762166006,2.2830227367757776,1.1752509424408912
3588,48.005787037,Male,0,img_3588.bmp,0.05117363254046451,2.095089419452132,1.2336308667181233
3589,43.9375,Male,0,img_3589.bmp,0.0,0.0,0.0
3590,36.9439878893,Male,0,img_3590.bmp,0.025895280554718087,2.6229212768096515,1.190248306917775
3591,27.8220155709,Male,0,img_3591.bmp,0.0145159722352751,2.032264871651634,1.2113565349567395
3592,37.9258494031,Female,0,img_3592.bmp,0.01900410875375697,2.0224117513060613,1.2589261026822953
3593,27.4357208448,Female,0,img_3593.bmp,0.0479262289685877,2.239023506705666,1.1840529996349476
3594,32.4847721067,Female,0,img_3594.bmp,0.04833946119423733,1.781616486051582,1.2726862085751816
3595,23.6252888049,Female,0,img_3595.bmp,0.01790911878317063,2.9011002879614383,1.2282420743121976
3596,31.0361842105,Male,0,img_3596.bmp,0.015301808769322144,2.4186192550965098,1.227676132938181
3597,22.5164473684,Male,0,img_3597.bmp,0.027861722473761428,2.7407318738274182,1.14934046136323
3598,44.0060147026,Female,0,img_3598.bmp,0.0,0.0,0.0
3599,30.5379817331,Female,0,img_3599.bmp,0.0,0.0,0.0
3600,45.2588549788,Male,0,img_3600.bmp,0.031529332972780905,2.724996072196583,1.1912142612934975
3601,38.211628425,Male,0,img_3601.bmp,0.03667000545432091,2.254217919195776,1.2573626581430382
3602,43.0663844954,Female,0,img_3602.bmp,0.06960381004022627,2.4815829125188062,1.1534236381342196
3603,38.3682334596,Female,0,img_3603.bmp,0.03740332471626047,2.5959329584040303,1.2717806248695873
3604,37.7587890625,Female,0,img_3604.bmp,0.0,0.0,0.0
3605,27.4609375,Female,0,img_3605.bmp,0.02673338420441122,2.2571704799331305,1.3344288594684257
3606,40.2341311134,Female,0,img_3606.bmp,0.059761324397891266,2.361111111111111,1.1642743272928617
3607,27.4323621228,Female,0,img_3607.bmp,0.06373374956814848,2.3711954987696,1.1498040725734517
3608,32.074985122,Male,0,img_3608.bmp,0.03803910901309193,2.3675488225146424,1.2614979998796951
3609,19.5239039873,Male,0,img_3609.bmp,0.016193508972898178,2.7117900315175683,1.153616623213232
3610,37.4378698225,Female,0,img_3610.bmp,0.02119397480247927,2.4991670497171623,1.2060222958398967
3611,28.2863905325,Female,0,img_3611.bmp,0.026200243218447647,2.657505005324047,1.194160697883049
3612,43.2315016862,Male,0,img_3612.bmp,0.027619777055894017,2.5662935726765816,1.2301311150694918
3613,34.1668319778,Male,0,img_3613.bmp,0.030814174911954522,2.9054012010872388,1.2031183839972335
3614,37.0621718126,Female,0,img_3614.bmp,0.0,0.0,0.0
3615,33.961352657,Female,0,img_3615.bmp,0.018338411509560473,2.4189542516476803,1.1169106314140194
3616,40.4391891892,Male,0,img_3616.bmp,0.01898938368212486,2.354295330377267,1.1777558464356999
3617,30.8108108108,Male,0,img_3617.bmp,0.019029300785402894,2.3555300201947023,1.1886491643995354
3618,31.5632653061,Male,0,img_3618.bmp,0.05466740544908747,2.726694406295121,1.1394304833282776
3619,27.9765306122,Male,0,img_3619.bmp,0.06531310710039322,2.1125761597915105,1.1393967053098784
3620,34.9379488653,Female,0,img_3620.bmp,0.03366595549182815,2.1440472885433763,1.229530384513922
3621,29.0812984774,Female,0,img_3621.bmp,0.034790693585522205,1.9905599129700386,1.2432608117255586
3622,63.0936418685,Female,0,img_3622.bmp,0.050481438238205896,2.7425391161190986,1.1707212457686575
3623,34.9675605536,Female,0,img_3623.bmp,0.019431573118025826,2.1472798631782517,1.3363122582355869
3624,46.2162162162,Male,0,img_3624.bmp,0.06318918374402223,1.9441620306385121,1.2268128961498146
3625,33.3783783784,Male,0,img_3625.bmp,0.08109701267983493,2.407692290836297,1.2480726017802057
3626,27.7872189349,Female,0,img_3626.bmp,0.015917559530032363,2.4338108411261308,1.23807129025975
3627,23.6274556213,Female,0,img_3627.bmp,0.016463692982956583,2.0739513783057393,1.2838093246254985
3628,46.1718896603,Male,0,img_3628.bmp,0.022073105024272607,2.1748931965605443,1.2339524587299064
3629,31.1330455995,Male,0,img_3629.bmp,0.03342116811301321,2.891860172010627,1.1959444647778419
3630,51.6796613945,Female,0,img_3630.bmp,0.04295146057519828,2.603934949922392,1.2356038246808272
3631,36.0191579416,Female,0,img_3631.bmp,0.034748509752513555,2.272312667162019,1.1699921646371167
3632,36.9375117283,Male,0,img_3632.bmp,0.025607477597960802,1.958896911819515,1.2497397939870611
3633,25.0647401013,Male,0,img_3633.bmp,0.05610434163554286,2.4615588157824524,1.208350189967955
3634,38.3505256893,Male,0,img_3634.bmp,0.05161676231659098,2.433561633125864,1.2362244819649104
3635,30.2620511803,Male,0,img_3635.bmp,0.07410395428636915,2.6651386677928675,1.2049271719883812
3636,26.4438657407,Male,0,img_3636.bmp,0.0,0.0,0.0
3637,23.7316743827,Male,0,img_3637.bmp,0.053729225000415486,2.6102520135807703,1.2207453560359365
3638,56.6305555556,Male,0,img_3638.bmp,0.05868976654950014,2.3588118140414323,1.1478849799775377
3639,43.9375,Male,0,img_3639.bmp,0.090188010038282,2.0454396909739883,1.2947926165446628
3640,46.0659602076,Female,0,img_3640.bmp,0.0206083499139927,2.5220581930250305,1.2254999999607847
3641,30.7106401384,Female,0,img_3641.bmp,0.054342949295141794,2.84375,1.1802267746908748
3642,25.8398306973,Female,0,img_3642.bmp,0.04047910615622896,2.5190675571461085,1.1582851177684255
3643,21.924704834,Female,0,img_3643.bmp,0.07360854816374715,2.5,1.2061796543922607
3644,42.9525887721,Male,0,img_3644.bmp,0.0,0.0,0.0
3645,23.4286847848,Male,0,img_3645.bmp,0.04628090741460817,2.8422175659230455,1.1846986457860926
3646,36.0191579416,Male,0,img_3646.bmp,0.04237077564693884,2.404087770662663,1.1395020751013634
3647,26.1530407663,Male,0,img_3647.bmp,0.04393550502733577,2.2244100341438853,1.2995142174540408
3648,68.618441358,Male,0,img_3648.bmp,0.03787543836667239,2.1544075201067523,1.2746373912737796
3649,29.2916666667,Male,0,img_3649.bmp,0.0,0.0,0.0
3650,35.3544755114,Male,0,img_3650.bmp,0.0,0.0,0.0
3651,27.1754550572,Male,0,img_3651.bmp,0.017841770473311577,2.0207733431076726,1.2630618644626987
3652,36.1757629762,Female,0,img_3652.bmp,0.0,0.0,0.0
3653,28.9719313878,Female,0,img_3653.bmp,0.019023999757648794,2.2553837981852474,1.2102142080265226
3654,29.0223306436,Male,0,img_3654.bmp,0.06324570095313801,2.58643677139299,1.2485513911477313
3655,23.7455432539,Male,0,img_3655.bmp,0.0,0.0,0.0
3656,62.3804012346,Male,0,img_3656.bmp,0.019919680939652913,2.4213389056614667,1.1723616513038688
3657,48.1413966049,Male,0,img_3657.bmp,0.01636595193375305,2.406446260891229,1.1911009197628943
3658,46.6407254362,Male,0,img_3658.bmp,0.03880266495791312,2.493966535402461,1.2358503231297997
3659,25.8218549128,Male,0,img_3659.bmp,0.06106413505092813,2.5126252123644894,1.1536894049083268
3660,35.5613965483,Male,0,img_3660.bmp,0.0,0.0,0.0
3661,29.9831382662,Male,0,img_3661.bmp,0.0,0.0,0.0
3662,33.1219450743,Female,0,img_3662.bmp,0.011854800576495763,2.179753516198627,1.1936414882331414
3663,23.3801965231,Female,0,img_3663.bmp,0.04443411376342033,2.434603024354483,1.1880838721771616
3664,45.7286700824,Male,0,img_3664.bmp,0.04794497597819903,2.1974470607743117,1.1882760622010358
3665,31.1644018712,Male,0,img_3665.bmp,0.05528737168059716,2.432895004349711,1.151086443322134
3666,49.7729492188,Female,0,img_3666.bmp,0.060924205678591394,2.316266839908331,1.2105123045064305
3667,40.6765136719,Female,0,img_3667.bmp,0.0,0.0,0.0
3668,41.9605142332,Female,0,img_3668.bmp,0.03894494534790814,2.2553454165129243,1.2396536669802207
3669,37.1189164371,Female,0,img_3669.bmp,0.0795516985583973,2.2444846431628838,1.2000619562692412
3670,37.1027777778,Female,0,img_3670.bmp,0.0,0.0,0.0
3671,26.3625,Female,0,img_3671.bmp,0.014452984963748179,2.4529270328805977,1.228489279286046
3672,41.3149678604,Male,0,img_3672.bmp,0.017556447452831123,2.334251214269609,1.2422282124784128
3673,24.2079889807,Male,0,img_3673.bmp,0.012169029293142581,2.076632408982013,1.2168734252431024
3674,34.4326530612,Male,0,img_3674.bmp,0.0278610617231499,2.259549717115043,1.2396986697896277
3675,28.693877551,Male,0,img_3675.bmp,0.014595350819183076,2.1397052169097672,1.2249153052758537
3676,31.0011259148,Male,0,img_3676.bmp,0.04840711124591113,2.3344263717797507,1.225191032791715
3677,26.3839369488,Male,0,img_3677.bmp,0.0,0.0,0.0
3678,52.7678738975,Male,0,img_3678.bmp,0.02163783130159746,2.2344138822294717,1.2063787317740617
3679,44.7207731282,Male,0,img_3679.bmp,0.027553062439362216,2.0242398113269755,1.1666368182800655
3680,53.2449704142,Female,0,img_3680.bmp,0.03332338269476016,2.3771846187053702,1.2090515107122424
3681,33.2781065089,Female,0,img_3681.bmp,0.028826152757109466,2.21142488002645,1.3651811279808705
3682,37.6532434041,Male,0,img_3682.bmp,0.024286009747402023,2.6431936370118114,1.1343423087543973
3683,28.8674866098,Male,0,img_3683.bmp,0.0,0.0,0.0
3684,27.365916955,Male,0,img_3684.bmp,0.08382146492775766,2.3709464952286448,1.147933219968294
3685,23.5650951557,Male,0,img_3685.bmp,0.009660271004401352,2.3648691548652634,1.1931716565922095
3686,50.853587963,Male,0,img_3686.bmp,0.07144606754498464,2.269324462987386,1.238296166473183
3687,38.6487268519,Male,0,img_3687.bmp,0.04245273263630462,2.212600347619258,1.2235805543003817
3688,27.4540186445,Female,0,img_3688.bmp,0.04502517655614737,2.225074717059399,1.2296851365085584
3689,23.9115646259,Female,0,img_3689.bmp,0.0,0.0,0.0
3690,36.1459936198,Male,0,img_3690.bmp,0.05650922017163255,2.1093555692908845,1.1660491407779963
3691,19.7879527116,Male,0,img_3691.bmp,0.04737619590969453,2.041330007511319,1.1666447361920531
3692,45.4578287197,Male,0,img_3692.bmp,0.030272967135745774,2.3112624717063146,1.2826895200149284
3693,25.9976211073,Male,0,img_3693.bmp,0.018322360633086225,1.9911516630382415,1.2183654490820552
3694,37.2719982179,Male,0,img_3694.bmp,0.020177953762900165,1.6645082098569113,1.278869286259733
3695,35.0795277345,Male,0,img_3695.bmp,0.07192007156694832,2.065708538771084,1.18628316216223
3696,46.5119628906,Female,0,img_3696.bmp,0.06175849900614391,2.246364584423875,1.1462857219884806
3697,27.2893066406,Female,0,img_3697.bmp,0.01704415548183446,2.6302482761887203,1.2855280005627079
3698,39.9928888889,Male,0,img_3698.bmp,0.023773451366459326,2.157392590089196,1.2316492283069687
3699,31.2444444444,Male,0,img_3699.bmp,0.07876524788789423,2.7746658342588355,1.2256423296997618
3700,48.2770061728,Male,0,img_3700.bmp,0.0,0.0,0.0
3701,29.8341049383,Male,0,img_3701.bmp,0.04983613362312583,2.3937360705998083,1.1377986371958817
3702,36.0191579416,Female,0,img_3702.bmp,0.06352520108568858,2.2360679774997894,1.1315590852840356
3703,28.0323011807,Female,0,img_3703.bmp,0.07297539974291348,2.173887676783665,1.1954394638141737
3704,48.7795918367,Male,0,img_3704.bmp,0.05322066203601165,2.2911051393475033,1.236958520048343
3705,32.9979591837,Male,0,img_3705.bmp,0.08027181019162843,2.1379134014316707,1.2557978574945394
3706,37.7302631579,Male,0,img_3706.bmp,0.07755700369405577,2.333627259559017,1.1869290491763047
3707,23.7335526316,Male,0,img_3707.bmp,0.0,0.0,0.0
3708,34.7663176654,Female,0,img_3708.bmp,0.018922600443082273,2.574588208755241,1.1372479171524839
3709,23.4907551793,Female,0,img_3709.bmp,0.016941092801361673,2.3823334497635895,1.218616539904185
3710,41.5547006943,Male,0,img_3710.bmp,0.038713004784076605,2.4902561356093487,1.1675162689227192
3711,36.9375117283,Male,0,img_3711.bmp,0.034875580881440944,2.2270514188257162,1.2310939641217586
3712,40.4328994083,Female,0,img_3712.bmp,0.0377283453265153,2.447298727868535,1.3278257514433156
3713,35.441183432,Female,0,img_3713.bmp,0.03583644537345474,2.297073937113556,1.3016694314474637
3714,28.4069387755,Male,0,img_3714.bmp,0.0,0.0,0.0
3715,23.5289795918,Male,0,img_3715.bmp,0.0803427954245565,2.4034054646430425,1.0926084985631344
3716,31.3210069058,Male,0,img_3716.bmp,0.0878200212462626,2.4907750593017437,1.1866296337275795
3717,21.2982846959,Male,0,img_3717.bmp,0.06492964365826535,2.3607535482831694,1.123564510417858
3718,43.9287839714,Male,0,img_3718.bmp,0.08853638800123899,2.3744013201470637,1.1637388423764246
3719,25.1021622694,Male,0,img_3719.bmp,0.07976024542389586,2.2304459682167637,1.1997150658869962
3720,31.8682484568,Male,0,img_3720.bmp,0.08498230621219545,2.0739986953311456,1.1504474832710556
3721,23.8672839506,Male,0,img_3721.bmp,0.0254267884700189,2.1210090692377332,1.2485006189822994
3722,39.4540816327,Male,0,img_3722.bmp,0.026639984629953564,2.012074279586714,1.2416287913554278
3723,35.0065306122,Male,0,img_3723.bmp,0.030364406768271787,2.859447211641506,1.2539505538776532
3724,40.3466483012,Male,0,img_3724.bmp,0.04355569118931546,2.3916995720826204,1.1578295542845831
3725,28.7268135904,Male,0,img_3725.bmp,0.01634297418771749,2.0485878178062857,1.2702292673036408
3726,33.8332466181,Female,0,img_3726.bmp,0.018212851375101632,2.3162499613339684,1.2485964271715269
3727,25.9693028096,Female,0,img_3727.bmp,0.02179951234973826,2.0287810952993466,1.2488573102094391
3728,31.3187716263,Female,0,img_3728.bmp,0.014398645575371663,2.446802709931118,1.1189738685886579
3729,23.7171280277,Female,0,img_3729.bmp,0.013670541358229189,2.1889007640122693,1.1554855628162823
3730,34.5389266818,Female,0,img_3730.bmp,0.0355622624950809,2.322182455557383,1.2301869776582746
3731,22.1403376165,Female,0,img_3731.bmp,0.0396927441007672,2.1597033430224104,1.2462692924940277
3732,35.4379332073,Male,0,img_3732.bmp,0.012370907461993335,2.328884884021133,1.2273887089703899
3733,23.6252888049,Male,0,img_3733.bmp,0.02690589653198686,2.240114552326994,1.2742710577164302
3734,45.9970703125,Male,0,img_3734.bmp,0.062357093482418295,2.6076809620810595,1.2298011675762608
3735,44.2807617188,Male,0,img_3735.bmp,0.03572654850945504,2.3740113832277117,1.3146317470170916
3736,43.0408163265,Male,0,img_3736.bmp,0.01245688041847355,2.1982848655612095,1.290067619062619
3737,30.1285714286,Male,0,img_3737.bmp,0.05438239603498161,2.156588235606211,1.2068398068536195
3738,44.7655227137,Male,0,img_3738.bmp,0.0,0.0,0.0
3739,33.6090061496,Male,0,img_3739.bmp,0.02066907756063671,2.8895583592155076,1.16562199848416
3740,25.7658179012,Male,0,img_3740.bmp,0.01716213584417515,2.3967406042030377,1.1788372094823527
3741,21.5619212963,Male,0,img_3741.bmp,0.07267444549395413,2.6853049398175073,1.1387509852366662
3742,28.4780092593,Male,0,img_3742.bmp,0.0,0.0,0.0
3743,26.5794753086,Male,0,img_3743.bmp,0.03630490844323845,2.31658473687002,1.2294457927749072
3744,50.9743652344,Female,0,img_3744.bmp,0.035078356083767116,2.1974045556748023,1.196770705329489
3745,28.1474609375,Female,0,img_3745.bmp,0.0,0.0,0.0
3746,36.1542857143,Male,0,img_3746.bmp,0.0,0.0,0.0
3747,31.4197959184,Male,0,img_3747.bmp,0.02550986126844993,2.467504179613155,1.200501153626624
3748,32.2806122449,Male,0,img_3748.bmp,0.0,0.0,0.0
3749,27.2591836735,Male,0,img_3749.bmp,0.07790004837528504,2.118763764934382,1.186587460010847
3750,35.1822773186,Female,0,img_3750.bmp,0.0,0.0,0.0
3751,29.8565197429,Female,0,img_3751.bmp,0.011506760703304844,1.85466239253966,1.3001512280195449
3752,32.2806122449,Male,0,img_3752.bmp,0.013753210010212168,2.095863442746473,1.2579661432801479
3753,26.3983673469,Male,0,img_3753.bmp,0.06945354153591667,2.3019940439160713,1.2055913234370925
3754,33.6351351351,Male,0,img_3754.bmp,0.060858584260599397,2.078893770243799,1.2151989309211841
3755,22.2094594595,Male,0,img_3755.bmp,0.04022480878512235,2.667037011320444,1.1757302627183603
3756,29.7042253521,Male,0,img_3756.bmp,0.0489277571897026,2.4199429047617587,1.1807610869753526
3757,26.9150962111,Male,0,img_3757.bmp,0.07820952217911803,2.313985955357081,1.178258667365432
3758,35.5890861275,Male,0,img_3758.bmp,0.07513242329593157,2.411844411244699,1.1589622427971498
3759,30.0427350427,Male,0,img_3759.bmp,0.0753360785699737,2.229910312097776,1.2073428695653785
3760,46.5122873346,Female,0,img_3760.bmp,0.01211085070325014,2.451585156424257,1.1575007766303975
3761,40.6059651334,Female,0,img_3761.bmp,0.01981611769162751,2.029446841191619,1.1994906003273427
3762,34.006987369,Female,0,img_3762.bmp,0.07949901731092392,2.2817208418209267,1.1386386847787615
3763,28.1502284332,Female,0,img_3763.bmp,0.07600866123944705,2.462434530100019,1.2955307792561317
3764,36.5764828304,Female,0,img_3764.bmp,0.04147467304578759,2.359867032490514,1.2292765169506805
3765,30.1755983351,Female,0,img_3765.bmp,0.04970271949687068,2.1522837038311047,1.2528270672875899
3766,53.0836734694,Male,0,img_3766.bmp,0.035178134876594186,2.2432502271858654,1.1906160796178733
3767,38.7367346939,Male,0,img_3767.bmp,0.03328423981134834,2.3133444404152184,1.2310510654167506
3768,53.0836734694,Male,0,img_3768.bmp,0.030802994145547442,3.0591066783636496,1.1747652776714124
3769,43.0408163265,Male,0,img_3769.bmp,0.029294763696378887,2.651600388906035,1.1986937856453752
3770,38.7689940828,Female,0,img_3770.bmp,0.03706277166781302,2.258285059860667,1.1688976242815088
3771,28.7855621302,Female,0,img_3771.bmp,0.00857782009662132,2.4081312910309403,1.1736051395971492
3772,34.4531075963,Male,0,img_3772.bmp,0.023747572975114827,2.0482037243217794,1.1993498523065038
3773,26.6228558699,Male,0,img_3773.bmp,0.023411051845871295,2.0754579387798353,1.2071308540280064
3774,35.5613965483,Male,0,img_3774.bmp,0.016011992418786414,2.1051133431841436,1.3238945005765994
3775,32.074985122,Male,0,img_3775.bmp,0.03248993784019914,2.6731538739823653,1.170124880276226
3776,28.2426538108,Female,0,img_3776.bmp,0.03223816029466182,2.1682223407233594,1.2037222303388866
3777,21.7871900826,Female,0,img_3777.bmp,0.0,0.0,0.0
3778,37.021412037,Male,0,img_3778.bmp,0.016395923074954473,2.009920403337781,1.2758824992976754
3779,23.0536265432,Male,0,img_3779.bmp,0.04975187529272109,2.5564249728821125,1.1572392106080363
3780,31.1902006173,Male,0,img_3780.bmp,0.033186172249824786,2.7357095610259177,1.2234465090300122
3781,28.4780092593,Male,0,img_3781.bmp,0.03202664222848883,2.4754062212179226,1.245984763805098
3782,45.6098615917,Male,0,img_3782.bmp,0.018010514909622955,2.2142110051724115,1.2008245176478953
3783,39.5285467128,Male,0,img_3783.bmp,0.016830291093571637,1.9536797608809917,1.2213672006572964
3784,34.951625907,Female,0,img_3784.bmp,0.018177135372882687,2.554280244069447,1.1370907305207631
3785,31.7398548777,Female,0,img_3785.bmp,0.019387525252296648,2.6266750779869823,1.1785743882907929
3786,35.5613965483,Male,0,img_3786.bmp,0.07636073183415289,2.065708538771084,1.2300752601346319
3787,25.7994445547,Male,0,img_3787.bmp,0.07182508748982588,2.339963108774869,1.2370560029739472
3788,33.891184573,Male,0,img_3788.bmp,0.013596717835192477,2.478998137476701,1.182177268633434
3789,29.0495867769,Male,0,img_3789.bmp,0.015228236408305085,2.2951028641512012,1.2148838944549256
3790,26.82773448,Female,0,img_3790.bmp,0.08821524603930644,2.431809215386257,1.1942547232024676
3791,20.9709755442,Female,0,img_3791.bmp,0.023047969280761915,2.032882519544458,1.1128531699069246
3792,43.4533727493,Female,0,img_3792.bmp,0.024057333619495885,1.8814237962836802,1.232335429377103
3793,40.6194571352,Female,0,img_3793.bmp,0.029916539910314635,2.2924156788526964,1.2234368819880328
3794,27.8220155709,Female,0,img_3794.bmp,0.029099905888879573,2.1921133881185177,1.292909928659127
3795,24.0211937716,Female,0,img_3795.bmp,0.07997629514318018,2.561440143699653,1.2309202430352821
3796,30.6634527089,Female,0,img_3796.bmp,0.09001821359469675,2.379872497309105,1.209649399776075
3797,23.4010560147,Female,0,img_3797.bmp,0.050147964654820174,2.7799991118215117,1.1900796581574615
3798,39.4540816327,Female,0,img_3798.bmp,0.06774730919512312,2.455635463611309,1.2278177318056545
3799,24.6767346939,Female,0,img_3799.bmp,0.010329509385191537,2.3745008332577777,1.1423215462074865
3800,42.8783783784,Male,0,img_3800.bmp,0.011728362697784543,2.0147578108325717,1.2708382915864371
3801,36.972972973,Male,0,img_3801.bmp,0.08875773680050665,2.5365330670030697,1.2303992656618323
3802,25.3285462333,Female,0,img_3802.bmp,0.022051470574805207,2.427143844766767,1.259249951889921
3803,21.0776014109,Female,0,img_3803.bmp,0.022410041186480833,1.986879290987953,1.3210178206582897
3804,42.8208359588,Female,0,img_3804.bmp,0.06102042028794394,2.317102828370243,1.232938232588943
3805,25.9878176854,Female,0,img_3805.bmp,0.05610965587149095,2.26560455263483,1.2297741335327488
3806,40.3466483012,Male,0,img_3806.bmp,0.012595998443758463,2.4468894944752333,1.1552703388276382
3807,27.7584940312,Male,0,img_3807.bmp,0.009234771599039534,2.136727166772697,1.2238861713599924
3808,30.3415274911,Male,0,img_3808.bmp,0.04397639138425727,2.059040607368449,1.18088099845231
3809,22.5582660912,Male,0,img_3809.bmp,0.08802677013063084,2.248049414457792,1.2
3810,41.1535812672,Female,0,img_3810.bmp,0.03358948888963317,2.583081046407118,1.254455050849121
3811,23.0782828283,Female,0,img_3811.bmp,0.029175602918352993,2.0477738310623095,1.3947380767733364
3812,37.7587890625,Female,0,img_3812.bmp,0.07891313641895104,2.313985955357081,1.1606894502837526
