count,image,BMI,PAR,FWHR,CJWR
0,img_0.bmp,34.20739619,0.0508240123548781,2.494119871642213,1.2350292164553531
1,img_1.bmp,26.45371972,0.0607136159150864,2.233904987172173,1.3071641727454668
2,img_2.bmp,34.96756055,0.0377027537829631,2.5235611184157647,1.2250021591545746
3,img_3.bmp,22.04476644,0.0710619798038686,2.193356061110647,1.2366938848016846
6,img_6.bmp,25.84558824,0.0865604480177179,2.145534042267941,1.2781904932660075
7,img_7.bmp,21.74070069,0.090188010038282,2.0454396909739883,1.2947926165446628
8,img_8.bmp,30.61585799,0.0255098612684499,2.467504179613155,1.200501153626624
9,img_9.bmp,26.78887574,0.0262964378057514,2.3832462289757994,1.2933744618456926
10,img_10.bmp,38.73278237,0.0650211360669323,2.5725292386055507,1.1670713522046443
11,img_11.bmp,30.8248393,0.071256587756385,2.5211434674690065,1.1943096973746634
12,img_12.bmp,41.39888889,0.0121342141024055,2.6726647006338986,1.173498742178142
13,img_13.bmp,31.04916667,0.0137353424144501,2.229655728952061,1.1606147359054932
14,img_14.bmp,35.56139655,0.0428386898912945,2.5075095444742765,1.1440375997215944
16,img_16.bmp,33.19952775,0.0366801101063147,2.3054905387365663,1.1328515157375914
17,img_17.bmp,23.59537865,0.0421015067966432,1.7204806361313545,1.1521813845954536
18,img_18.bmp,41.20945946,0.033520130137376,2.4152195571677706,1.0978726342884275
19,img_19.bmp,21.31081081,0.0385540332251224,2.1636180634096287,1.202859847325838
20,img_20.bmp,26.62248521,0.0544621891600931,2.5006172077615334,1.2290367044462296
21,img_21.bmp,21.63076923,0.0583312550980005,2.4290922988662023,1.197928516899432
22,img_22.bmp,41.80903979,0.0581122642875003,2.190199028060904,1.2438528093471328
23,img_23.bmp,22.34883218,0.0495264402958801,1.7224630564664427,1.3982450400502708
24,img_24.bmp,33.8112793,0.0343914899572205,2.4943628753343314,1.1898899604209865
27,img_27.bmp,30.8511918,0.0108389613729046,2.3857333883307006,1.2377756277119485
28,img_28.bmp,31.45116572,0.05126909730069,2.357865889947354,1.2987436608981977
29,img_29.bmp,20.37681159,0.0224713574185335,2.076642317732888,1.2112614026566428
30,img_30.bmp,33.90239198,0.0134929061615319,2.093987928584245,1.2926069618822134
31,img_31.bmp,27.79996142,0.0140003526317574,2.155494314706754,1.2989566974923823
32,img_32.bmp,31.47038567,0.0647512393699137,2.2113136948159875,1.2372265216298264
33,img_33.bmp,23.40105601,0.0680803187188752,2.198070026115765,1.2316714594115925
34,img_34.bmp,29.22524565,0.0269520780519439,2.64567646555584,1.2696178198756352
35,img_35.bmp,22.14033762,0.0237807008992518,2.2209018503900246,1.2087091693557104
36,img_36.bmp,31.16673875,0.0686946936478786,2.238035048896243,1.1421841039082228
37,img_37.bmp,22.04476644,0.0428954604601071,1.9620363852027576,1.2305707177108458
38,img_38.bmp,41.68662038,0.0654820763413508,2.571071000841976,1.1567379308369898
39,img_39.bmp,36.2779133,0.05898605731932,2.466666666666667,1.2326487186076236
41,img_41.bmp,28.89041096,0.0088907699134547,1.9781360744205736,1.1833440860491888
42,img_42.bmp,43.53349597,0.0156603513844724,2.3940707320901518,1.1608361010711483
43,img_43.bmp,35.61831488,0.0240811480229976,1.640341930660963,1.1757572980917288
44,img_44.bmp,36.48788927,0.0798852942117217,1.9977779534445357,1.1660643247743483
46,img_46.bmp,37.93215632,0.0292948253497168,2.543400292430732,1.1235218301674987
47,img_47.bmp,30.40150764,0.0183992976781206,2.1023340140684743,1.2018745582611987
48,img_48.bmp,44.07310957,0.0279068883009324,2.620499554205887,1.154251922995038
49,img_49.bmp,40.68287037,0.0335055268434628,2.207606332989525,1.231532855648275
52,img_52.bmp,36.48788927,0.0480749083156477,2.390841012075558,1.1576526311963733
53,img_53.bmp,27.36591696,0.0527709323777086,2.379818880952327,1.1964058096289356
55,img_55.bmp,21.28460208,0.0922854337859107,2.4854292366844883,1.292113133127913
56,img_56.bmp,37.9258494,0.0249465960640297,2.444277264403092,1.247567943759739
57,img_57.bmp,23.40105601,0.0252385495152254,2.3150412649441394,1.2910589235795438
58,img_58.bmp,38.27368164,0.0440280328058294,2.601852527870826,1.2285270123072731
60,img_60.bmp,30.24462222,0.0389004628297519,2.5550541847077244,1.199306959226051
61,img_61.bmp,21.99608889,0.042550546145076,2.2661333293863364,1.2066772187500494
62,img_62.bmp,33.29906778,0.066333593523399,2.2940139493908926,1.2494151512583611
64,img_64.bmp,37.58520829,0.0188080081897389,2.313935902970807,1.1681235076682126
65,img_65.bmp,26.62285587,0.0350580709864188,2.29838991667542,1.1588027312245233
66,img_66.bmp,51.48925781,0.0278617224737614,2.7407318738274182,1.14934046136323
67,img_67.bmp,25.74462891,0.0380391090130919,2.3675488225146424,1.2614979998796951
68,img_68.bmp,41.68662038,0.0190293007854028,2.3555300201947023,1.1886491643995354
69,img_69.bmp,29.55000938,0.0220731050242726,2.1748931965605443,1.2339524587299064
70,img_70.bmp,37.97368421,0.0206083499139927,2.5220581930250305,1.2254999999607847
71,img_71.bmp,31.88815789,0.0178417704733115,2.0207733431076726,1.2630618644626987
72,img_72.bmp,41.97014925,0.0118548005764957,2.179753516198627,1.1936414882331414
73,img_73.bmp,26.3096458,0.0121690292931425,2.076632408982013,1.2168734252431024
74,img_74.bmp,51.48925781,0.024286009747402,2.6431936370118114,1.1343423087543971
75,img_75.bmp,24.02832031,0.0302729671357457,2.3112624717063146,1.2826895200149284
76,img_76.bmp,31.94698225,0.0729753997429134,2.173887676783665,1.1954394638141737
78,img_78.bmp,39.9342838,0.0163429741877174,2.0485878178062857,1.2702292673036408
79,img_79.bmp,32.88705725,0.0124568804184735,2.198284865561209,1.290067619062619
81,img_81.bmp,26.93606594,0.0753360785699737,2.229910312097776,1.2073428695653785
82,img_82.bmp,46.25,0.037062771667813,2.258285059860667,1.1688976242815088
83,img_83.bmp,29.21052632,0.049751875292721,2.5564249728821125,1.1572392106080365
84,img_84.bmp,41.50033415,0.0882152460393064,2.431809215386257,1.1942547232024676
85,img_85.bmp,30.8511918,0.0887577368005066,2.5365330670030697,1.2303992656618323
87,img_87.bmp,38.00821799,0.011219470521217,2.585993067833252,1.201394399496817
88,img_88.bmp,53.69073597,0.0667858300709582,2.457328129994352,1.1722539959719525
89,img_89.bmp,34.16683198,0.067459581690063,2.235294117647059,1.1692307692307693
90,img_90.bmp,49.74115556,0.0393269856131619,2.3544196167355693,1.1121031461100572
91,img_91.bmp,40.36782222,0.0372643674180785,2.5515485494107297,1.195921599019667
92,img_92.bmp,35.1426171,0.0087512667657842,2.79854541621367,1.250022344687481
94,img_94.bmp,37.24389648,0.018221444211519,2.2159972116571387,1.2452479468919349
95,img_95.bmp,32.60986328,0.0175565238796413,2.236141876337409,1.2388303626556654
96,img_96.bmp,42.26319527,0.0240686920605975,2.5166797724770333,1.200789558138268
97,img_97.bmp,29.95029586,0.021175953080423,1.9565250629861215,1.2429723105463228
98,img_98.bmp,29.28585598,0.0302569839883832,2.204595629370204,1.241216937196015
99,img_99.bmp,25.10216227,0.0329064757545547,2.203125,1.2153366161845574
100,img_100.bmp,29.83410494,0.0310378176905049,2.5198416859032857,1.1687652997727895
101,img_101.bmp,24.40972222,0.0268139520725763,1.9031488873647984,1.2947759966340242
102,img_102.bmp,37.24389648,0.0523159156065324,2.005287129213229,1.2620343345948153
103,img_103.bmp,32.0949707,0.051020678889957,2.363546096095431,1.2123788953474168
104,img_104.bmp,42.24082679,0.0487447345889437,2.21697406837324,1.259223816699207
105,img_105.bmp,30.7513219,0.0565878551077077,2.339759053882396,1.2599387749179125
106,img_106.bmp,29.83410494,0.0316563827544172,2.524889366486648,1.1937323969198232
107,img_107.bmp,24.40972222,0.0216221912339567,2.150372060830404,1.2788737175175091
108,img_108.bmp,35.15,0.0157376223812752,2.5371100609732102,1.2063407941078368
109,img_109.bmp,25.68102041,0.018421261723978,2.376803066511412,1.2183847470326097
111,img_111.bmp,28.43014706,0.0561176629252158,2.254290101137705,1.267280864519612
114,img_114.bmp,34.07894737,0.023548458781538,2.572836041048408,1.1498270955893624
115,img_115.bmp,25.55921053,0.0570725929415041,2.049969150146449,1.1887592263426014
116,img_116.bmp,39.15540541,0.0679315398249938,2.2638462845343543,1.1707732740251622
117,img_117.bmp,28.24324324,0.0700424198477968,2.274635025018612,1.2014077799319776
120,img_120.bmp,35.80092593,0.0132546010007488,2.5671237660900017,1.155201139539941
121,img_121.bmp,23.86728395,0.0117291728659593,2.516342250128785,1.1807124282987134
122,img_122.bmp,38.00821799,0.0852768412825536,1.9646103627821525,1.2498838355935558
124,img_124.bmp,38.00821799,0.0777162619874441,2.030827504991397,1.233626386364758
125,img_125.bmp,29.79844291,0.0825473734959352,2.12779622579877,1.239062296864876
126,img_126.bmp,36.60591716,0.0196601646963682,2.3031448543417365,1.2673084029687856
127,img_127.bmp,29.61751479,0.0200235082673999,2.1182224195520005,1.275372257211073
128,img_128.bmp,43.23150169,0.0574816556654724,2.3458332806032023,1.1321333350471017
129,img_129.bmp,32.07498512,0.0529834802512679,2.423657750479207,1.2544483820746652
130,img_130.bmp,38.31228374,0.0774592214550785,2.399616685512235,1.198697305993377
131,img_131.bmp,26.90981834,0.0937702297260871,1.8892519622010149,1.2408243108571824
132,img_132.bmp,36.95878815,0.0382966927798456,2.383158578784156,1.2251370122112692
133,img_133.bmp,30.69458677,0.0394488077926233,2.139789294498893,1.2268474392422466
134,img_134.bmp,47.05652006,0.0396984871805488,2.3566203473426284,1.1707318262057151
135,img_135.bmp,37.29263117,0.0616526271977627,2.5967603013177785,1.1702547721133656
136,img_136.bmp,42.08254568,0.0378619383407474,2.1910258678619967,1.2175493237966848
137,img_137.bmp,37.80046209,0.033199518550754,2.547834192943704,1.16274948389099
138,img_138.bmp,54.02873691,0.009858348793238,2.2201240988393005,1.1952081949212945
139,img_139.bmp,46.51169526,0.0111206640342394,2.2713731123062586,1.3060352740183467
140,img_140.bmp,34.96756055,0.0226301401594411,2.012385408041151,1.2470839960496996
141,img_141.bmp,32.5350346,0.0229027062070035,1.9639802878658723,1.2038683599954705
142,img_142.bmp,43.32936851,0.0320678621662854,2.61460924360773,1.1580829285349823
143,img_143.bmp,24.32525952,0.0364153835082039,2.450715406979359,1.2458433086512652
144,img_144.bmp,31.63421697,0.0693218056099304,2.249942369017574,1.1833372063980372
146,img_146.bmp,37.59711015,0.0196772289121905,2.514185635899765,1.22327953298834
147,img_147.bmp,23.74554325,0.0125578725424959,2.105847050459235,1.267306547090987
148,img_148.bmp,47.46334877,0.016683115521661,2.544411784143384,1.194579360710499
149,img_149.bmp,31.86824846,0.0197102300538285,2.19653202769208,1.2120582384941645
150,img_150.bmp,29.5628858,0.0226006762188955,2.2900773051172423,1.1989594270276789
151,img_151.bmp,27.12191358,0.0213802643176696,2.2778582780275944,1.2195323559400082
152,img_152.bmp,38.24343625,0.0854354486021502,2.2294816068526147,1.2611852501889314
153,img_153.bmp,27.02142407,0.0727094225731085,1.81297690164592,1.2005390163224434
154,img_154.bmp,59.48942222,0.0253040508108765,2.692989979710997,1.2667429514788373
155,img_155.bmp,34.49386667,0.0294536084795739,2.5398169700367905,1.2286061304744484
156,img_156.bmp,37.75878906,0.0251745300696515,2.625850060442617,1.2244334182741077
157,img_157.bmp,25.74462891,0.0303330923915575,2.258435338778897,1.2495442365123568
158,img_158.bmp,28.64566268,0.0362796347168687,2.0299823295343438,1.2153159785081484
159,img_159.bmp,25.24952741,0.0358706022598631,1.8567820240885955,1.1841302405569674
160,img_160.bmp,25.82185491,0.0191775098975814,2.2849052670095364,1.1163152168936674
161,img_161.bmp,19.36639118,0.0196477742246773,1.991841452316218,1.231293381401602
162,img_162.bmp,34.40432682,0.0194600828336447,2.723085859711805,1.1734472003816423
163,img_163.bmp,28.05503046,0.0149798657557649,2.1262295009808714,1.216667361323169
164,img_164.bmp,29.52702703,0.0409447473847682,2.2499127113895905,1.2445810140173634
165,img_165.bmp,25.67567568,0.0570213414052601,2.368185908722096,1.199869715199016
166,img_166.bmp,36.48788927,0.0676118482057925,2.086491858565968,1.1960747889868166
167,img_167.bmp,25.84558824,0.0603987824131732,1.9308353114649628,1.2006321840483218
168,img_168.bmp,36.12638889,0.027034996896719,2.6346682437805677,1.2424350449289596
169,img_169.bmp,30.26805556,0.022235880518244,2.410894019300552,1.2721022274168898
170,img_170.bmp,26.57844991,0.0299852664235738,2.0651872130783016,1.2216348787212432
171,img_171.bmp,25.10186936,0.033678016899457,2.004718755258057,1.267895466934623
172,img_172.bmp,25.49908173,0.0400660814368732,2.23606797749979,1.1827313939757658
173,img_173.bmp,22.91689624,0.0390503420501255,2.339698720613316,1.1477427666547468
174,img_174.bmp,33.11911111,0.0857933700289468,2.2795801418250674,1.239600100082565
175,img_175.bmp,28.74488889,0.0841723653685426,2.594495125969152,1.1626982497264766
176,img_176.bmp,28.12,0.0199812854699616,2.264530674014755,1.2903880429891363
177,img_177.bmp,21.62115556,0.0214044205017919,1.981106636492503,1.2536961899932193
178,img_178.bmp,38.24343625,0.0497881382864506,2.37786844027018,1.2657825760400625
179,img_179.bmp,27.9073724,0.0493236000611911,1.9502355763904025,1.2893054542473197
180,img_180.bmp,34.40432682,0.0196078427254009,2.676132773528114,1.1806510651615827
181,img_181.bmp,25.98781769,0.0261393070957434,2.3345235059857505,1.1976486635892312
182,img_182.bmp,31.42098162,0.0351582212840993,2.2383198088634764,1.22617902645309
183,img_183.bmp,24.3067971,0.0279335308858368,2.0231912642983185,1.2614307832183411
184,img_184.bmp,29.53161101,0.0218279519176805,2.202007052479986,1.224365562420643
185,img_185.bmp,26.57844991,0.0226485500877486,2.127990030790353,1.227778145193222
186,img_186.bmp,25.10216227,0.0272303658168098,1.9702333542069976,1.292071860324364
187,img_187.bmp,24.40487998,0.0296872451219321,2.0783370180320846,1.2256202961807114
188,img_188.bmp,26.62285587,0.0750623057093532,1.934746299452009,1.1764078520144796
189,img_189.bmp,24.27378035,0.0755081730332797,2.1613236215232354,1.1896322597739226
190,img_190.bmp,31.89413989,0.0482051764120347,2.142480472610356,1.2047515997048222
191,img_191.bmp,24.65889519,0.0484456341997475,2.0422715252964827,1.2471847637387257
192,img_192.bmp,30.68042055,0.049409886957042,2.0960232984511293,1.2226259931681034
193,img_193.bmp,25.10216227,0.0500955634781937,2.141566401914511,1.2320851567105784
194,img_194.bmp,29.83410494,0.0253803763148092,1.9294954226965395,1.1879879458467264
195,img_195.bmp,23.46045525,0.0299777811895646,1.8041835568240332,1.2174877882823218
196,img_196.bmp,27.6699827,0.0233203818827143,2.529347152327376,1.312002694415899
197,img_197.bmp,24.62932526,0.0245366200444988,2.3617762311376347,1.242020348714011
198,img_198.bmp,24.36357908,0.0191269125150219,1.7814081651150224,1.2318045416789327
199,img_199.bmp,23.6252888,0.0215466169799714,2.316582379537374,1.1924913243731432
200,img_200.bmp,31.03618421,0.0216407999603846,2.8780846131974616,1.2433715312406315
201,img_201.bmp,26.16776316,0.0277026756522279,2.461301328832312,1.2207633925601626
202,img_202.bmp,23.67244898,0.0557407876550949,2.2326792602803702,1.214866544348169
203,img_203.bmp,22.95510204,0.0512824363951094,2.0890550359902504,1.2306448808330437
204,img_204.bmp,24.32525952,0.0306126632608672,2.186159749729744,1.2722180443919338
205,img_205.bmp,23.10899654,0.0278881221188137,2.190263531007197,1.1864009313091932
206,img_206.bmp,24.02119377,0.0280083563126061,2.459003966571468,1.3357776675898858
207,img_207.bmp,22.65289792,0.0335121873635216,2.089605543030129,1.2809908785029929
208,img_208.bmp,37.50514598,0.0308179839645366,2.3113844723822345,1.1812970669530574
209,img_209.bmp,31.00819156,0.020736430623947,2.1253504911666266,1.228182993785664
210,img_210.bmp,23.74554325,0.0313930537927392,2.2497830175027502,1.2534060151167774
211,img_211.bmp,22.42634641,0.0336046622347626,2.078354640346474,1.2246822165829334
212,img_212.bmp,30.12857143,0.0255418836289978,1.998068113179191,1.2071621662041672
213,img_213.bmp,25.8244898,0.0252443422689717,1.872841846681765,1.1871436026226427
214,img_214.bmp,28.12608131,0.0210331955395768,2.065342989361387,1.2307210588372528
215,img_215.bmp,26.45371972,0.0224038181667825,1.9803263167045269,1.3587918491338404
216,img_216.bmp,26.11142857,0.0198625967756643,2.1284123950228477,1.207553544275633
217,img_217.bmp,21.52040816,0.0175194694759662,2.101739206540072,1.3369923852185157
218,img_218.bmp,26.75778547,0.0184841610294424,2.175049999389985,1.3733035947492815
220,img_220.bmp,35.86734694,0.0447053181612652,2.3995104798566222,1.1850765600442807
221,img_221.bmp,31.27632653,0.0196765865825888,2.11907547029886,1.2212757302337245
222,img_222.bmp,28.24265381,0.021915775492682,2.342338195767266,1.185375695029444
223,img_223.bmp,23.40105601,0.0347599305387683,2.1411789265864245,1.2177283759494053
224,img_224.bmp,32.97992119,0.0612167199159849,2.4493278626162773,1.2051116572145448
225,img_225.bmp,24.40514168,0.065143682081046,2.172233197338981,1.2889536428415882
226,img_226.bmp,34.66216216,0.0740002447869787,2.5451799890126803,1.1579912276910551
228,img_228.bmp,35.25848765,0.0528727883711284,2.363515791475006,1.2742633592442392
229,img_229.bmp,27.12191358,0.0356969522991858,1.9674068351951035,1.3674280413257804
230,img_230.bmp,27.89129141,0.0358168345618284,2.285042810042996,1.2021663368228468
231,img_231.bmp,24.40487998,0.0351452038835137,2.4556314946473226,1.206269014089333
232,img_232.bmp,36.25867883,0.0379486045499876,2.5599052748049957,1.1201778881879818
233,img_233.bmp,24.40487998,0.0418257199198978,2.019139192062567,1.228202134532983
234,img_234.bmp,47.20142857,0.0836543370009929,2.457612937754796,1.2232540067228488
236,img_236.bmp,33.49556327,0.0302490909550399,2.273198349352582,1.0910644006248926
237,img_237.bmp,24.40972222,0.0291143223849511,2.1142744381032896,1.1855036762415958
240,img_240.bmp,36.17622348,0.084945781416961,2.410801902265264,1.2954472637010748
241,img_241.bmp,28.79332073,0.0854017174224961,2.274216089893265,1.286490895237666
242,img_242.bmp,41.62383472,0.0298072904234741,2.257944898248902,1.2369725665024245
243,img_243.bmp,35.77878559,0.0287624910475251,1.98398255295454,1.1688202948230833
244,img_244.bmp,44.34715334,0.0461613222318666,2.645013476615365,1.1265389699204549
245,img_245.bmp,33.05118032,0.0588968863212722,2.442770563864249,1.1367692317482612
246,img_246.bmp,32.88705725,0.0423240834036425,2.353598781942938,1.3057978705505888
247,img_247.bmp,28.97193139,0.0401209727693002,2.1542597339758727,1.3691060493808995
248,img_248.bmp,31.19020062,0.0491906073358542,2.1538874502510432,1.228010689336212
249,img_249.bmp,25.08777006,0.0392947062050267,2.1058759165240906,1.268203102164282
250,img_250.bmp,39.76733728,0.0156988239605711,1.97973809763916,1.1142295165953804
251,img_251.bmp,27.28804734,0.0169620050483285,2.049084833720307,1.2140677771993975
253,img_253.bmp,34.98726852,0.080928615394391,2.2112426164103844,1.191721041876541
254,img_254.bmp,44.75115741,0.0232669139758451,2.169393917215386,1.185966559223567
255,img_255.bmp,38.64872685,0.0206680097418723,1.9012535603309573,1.2276487570737025
256,img_256.bmp,42.06295525,0.0209532162591898,2.300782475593901,1.1677744875836713
257,img_257.bmp,35.66207076,0.0222025987557386,2.323374439460636,1.2322786234571266
258,img_258.bmp,31.92690311,0.0373207218222889,2.7920919310165275,1.2065964416972033
260,img_260.bmp,37.1184,0.0685567699834628,2.3653550385933038,1.1424537602693776
262,img_262.bmp,35.72772491,0.0503813060991305,2.0198809034439043,1.2935910110336093
263,img_263.bmp,27.97404844,0.0439115477323974,2.095253802186079,1.2792886978499245
266,img_266.bmp,26.3096458,0.0540171123283592,2.46224036963268,1.217318183850103
267,img_267.bmp,19.57562932,0.0582734478760481,2.162914860100028,1.2576392677722696
268,img_268.bmp,35.43693878,0.0515570529453629,2.2196462034055524,1.246533655320286
269,img_269.bmp,24.38979592,0.0355380820896036,2.3880190285680327,1.1954164940497465
272,img_272.bmp,37.59711015,0.0321171536748528,2.3661758595047973,1.1543656418621957
273,img_273.bmp,26.51585663,0.0351172704983753,2.5271166519123667,1.1870736878975796
274,img_274.bmp,46.37002595,0.0451472437663784,2.264508776754906,1.199790822807899
275,img_275.bmp,30.25454152,0.0449613731905093,1.9985223492626285,1.117698192379879
276,img_276.bmp,34.36888889,0.0541150532810067,2.261404491956956,1.1786881759545589
277,img_277.bmp,30.99448889,0.0421174927354084,2.135048587329788,1.2494696298436938
278,img_278.bmp,33.77143929,0.0697561173994432,2.4324394519846257,1.248302150225761
279,img_279.bmp,30.47344718,0.0746502169685801,2.03097981113147,1.2532302530199342
280,img_280.bmp,48.81028336,0.0291257873543669,2.878425357998309,1.1422896247591972
282,img_282.bmp,44.62402344,0.0090611166145814,2.880623401417431,1.0781845770976164
283,img_283.bmp,32.953125,0.0096525598878284,2.2133225139468187,1.22174717769065
285,img_285.bmp,26.12009758,0.0296465227500381,2.145645276742528,1.2891755635627928
286,img_286.bmp,25.84015963,0.0320382292021607,2.2704847935742998,1.25326153905544
287,img_287.bmp,17.7189666,0.038608882491316,2.4678198571633043,1.24742912703098
289,img_289.bmp,24.11717532,0.033603834577414,2.2107757488638926,1.2525029694747878
291,img_291.bmp,29.36977778,0.0529787437904426,2.4277587170397354,1.2848083357146989
292,img_292.bmp,31.79607221,0.0486966854504957,2.455372163036877,1.10741013610608
294,img_294.bmp,32.00385802,0.0430212033409795,2.3923822277162827,1.20435633570422
295,img_295.bmp,23.73167438,0.0465651477037797,2.0641828151703145,1.1923604274080302
296,img_296.bmp,40.77302632,0.0147015824218597,2.272681521662946,1.216008761896057
297,img_297.bmp,37.0,0.0158352034845021,2.200276356579665,1.2538424278243423
298,img_298.bmp,40.05405405,0.0597784830605266,2.417390076491403,1.23582113835715
299,img_299.bmp,25.41891892,0.0811453554752214,2.45937529935651,1.229687649678255
302,img_302.bmp,37.07226563,0.0183733190854609,2.438132174675838,1.2061689102306117
303,img_303.bmp,31.75170898,0.0241003254738184,2.525770589168596,1.1478248148349026
304,img_304.bmp,51.71251642,0.0648024137360656,2.6726717439357213,1.196184834873716
305,img_305.bmp,35.4863952,0.0686319331653955,2.4328951708447373,1.1778611632425655
306,img_306.bmp,33.90239198,0.0366325569659203,2.174367978561745,1.1525900182185913
307,img_307.bmp,28.47800926,0.0364517161460076,2.159361189346173,1.2373928452294547
310,img_310.bmp,51.48925781,0.0384560613121288,2.7784450908448406,1.1577868531835658
311,img_311.bmp,38.61694336,0.0511381030653735,2.375,1.217548537646163
312,img_312.bmp,27.31674018,0.0264600540469426,2.203222450942759,1.1619873460045416
313,img_313.bmp,24.51123714,0.0226485396682756,1.8470478193811135,1.138216737102081
314,img_314.bmp,38.61694336,0.0219481721875984,2.421596270013539,1.1793484038545108
315,img_315.bmp,30.03540039,0.0145852008852027,2.380512583522323,1.2418402227380938
316,img_316.bmp,44.67567568,0.0189249755272902,2.6670143609409944,1.1295325645864391
317,img_317.bmp,26.7027027,0.0170808387630791,2.348015920502524,1.2149687530282145
318,img_318.bmp,34.05536332,0.0349737101708413,2.5356691098001933,1.185838520686628
319,img_319.bmp,29.49437716,0.0296289726584101,1.9732475375818657,1.219089848045922
320,img_320.bmp,32.77226741,0.0198864010254234,2.648045891436545,1.1906535190099767
321,img_321.bmp,27.89129141,0.0317765285031926,2.38601784543334,1.1976051696365413
322,img_322.bmp,40.82432432,0.0146202761942269,2.1096822384189298,1.2994393599930023
323,img_323.bmp,36.97297297,0.0157143885694621,2.123415956609253,1.2676773765908893
325,img_325.bmp,23.29467456,0.0854782236930673,1.965399087287744,1.1972828565264393
326,img_326.bmp,43.74222222,0.050745979460767,2.5129513309746905,1.202539218535858
327,img_327.bmp,33.744,0.0548481899504467,2.142857142857143,1.228733350941807
328,img_328.bmp,36.87163265,0.0514549832562988,2.455457516093978,1.1799035015077153
329,img_329.bmp,26.68530612,0.033838086879192,1.9711122877266225,1.2605717337345033
330,img_330.bmp,43.8917794,0.0200216206619575,2.718619630643948,1.2070599270004336
332,img_332.bmp,30.40657439,0.019747726365431,2.3381023241133563,1.2206625715240391
333,img_333.bmp,26.6057526,0.0247080968387878,2.636547566021911,1.2330094831030352
334,img_334.bmp,36.93751173,0.0315559883069859,2.4063159381365486,1.2208173460618503
335,img_335.bmp,23.87746294,0.0244830481988608,1.9340063694707668,1.3364949754718856
336,img_336.bmp,42.08237943,0.0250595118248958,2.785897050447236,1.1978600302404383
337,img_337.bmp,26.91161569,0.0217464941092439,2.669030032803629,1.2074765906942255
338,img_338.bmp,26.62878788,0.0396084463009494,2.722355508047236,1.1738504609917493
339,img_339.bmp,20.17332415,0.0760865059136525,2.2098892396014813,1.2822411407620546
340,img_340.bmp,32.97992119,0.0398445254425287,2.38349547024122,1.2761200202646512
341,img_341.bmp,25.72433853,0.0781617092638122,2.0,1.3178415104910608
342,img_342.bmp,29.64243549,0.0175213243635422,2.209855146707211,1.2588068991602184
343,img_343.bmp,23.71394839,0.0199464433099471,2.294660227838642,1.2910596060502406
344,img_344.bmp,31.74648183,0.0286113641814535,2.544126544811274,1.160112144750934
345,img_345.bmp,25.10186936,0.0351501733377539,2.346280792455792,1.162031367266033
346,img_346.bmp,32.60986328,0.0431946528841132,2.461612168340737,1.278247517876862
347,img_347.bmp,24.02832031,0.0526372453541308,2.433561633125864,1.2663794116137912
348,img_348.bmp,42.21429912,0.0613299938515807,2.786577794735273,1.2575096310179912
349,img_349.bmp,27.7031338,0.0723619738358721,2.3538352832219465,1.2570583405351727
350,img_350.bmp,43.84940967,0.0159692991899869,2.2093151469882035,1.2013098515471468
351,img_351.bmp,28.18890622,0.017226786760472,2.1100893873226743,1.2812756648168298
352,img_352.bmp,30.12857143,0.0478112790440788,2.523451647877978,1.1595960514780193
353,img_353.bmp,23.67244898,0.0490989689400709,2.165906926673768,1.1982946468733902
354,img_354.bmp,37.58520829,0.074903883114941,2.743542787533489,1.148191271202787
355,img_355.bmp,27.40588104,0.0709291445843333,2.162123669234012,1.1724999011587618
356,img_356.bmp,42.49244444,0.0429181809982172,2.4047856037124915,1.1851325236588388
357,img_357.bmp,32.49422222,0.0389340922743564,2.294783217134587,1.171774163810487
358,img_358.bmp,47.20142857,0.0126108989121842,2.4738258836323768,1.1832281833145477
359,img_359.bmp,40.31489796,0.0128791224319723,2.3621178890036405,1.1875455816464304
360,img_360.bmp,33.10526316,0.0100069803990561,2.451631826474189,1.1692935204120716
361,img_361.bmp,25.4375,0.0107156498280467,2.057292969184206,1.1881094742180662
362,img_362.bmp,49.17013233,0.019150266095715,2.4320020860068072,1.25591568673179
363,img_363.bmp,35.58559126,0.0173257232219121,1.993390382451781,1.2768509934331955
364,img_364.bmp,42.56445313,0.0143560229063502,2.95054346657112,1.1979057320807678
365,img_365.bmp,35.01269531,0.0132341682298554,2.1733609898322115,1.1749483589963063
366,img_366.bmp,37.1957672,0.0385546625466756,2.732408286817978,1.230294316373508
367,img_367.bmp,26.03703704,0.0615774190549878,2.40625,1.202978161041743
368,img_368.bmp,36.74346667,0.0302604129428081,2.372916974230752,1.1953772183594753
369,img_369.bmp,27.12017778,0.0258032874041617,1.901473905151956,1.110734296259949
370,img_370.bmp,46.1168,0.028665641312497,2.7898135487864097,1.1650229652806534
371,img_371.bmp,41.49262222,0.0198359265213437,2.5154297419933096,1.1654626433882704
372,img_372.bmp,37.6532434,0.0224666736238066,2.4764301957533994,1.1548607430616602
373,img_373.bmp,35.56139655,0.0280946378411272,2.381032801045437,1.214994613073985
374,img_374.bmp,41.17571429,0.0705076113362398,2.42807359881736,1.1528751860959108
375,img_375.bmp,33.28489796,0.0504286154066372,2.0286665359431315,1.3457012877601984
377,img_377.bmp,37.36513158,0.0625947542386473,2.281464031055497,1.1586929142449307
378,img_378.bmp,38.40530697,0.0366566216061529,2.428338475126078,1.3013403052385315
380,img_380.bmp,45.18918919,0.0162839034377462,1.8494326900646296,1.164033545146551
381,img_381.bmp,38.12837838,0.017660517676446,2.0623870555675228,1.237885166395699
382,img_382.bmp,52.75540657,0.0130317855985175,2.388413610761497,1.181539043145166
383,img_383.bmp,39.52854671,0.0120590026881533,2.291781658262763,1.1994954597941914
384,img_384.bmp,28.69387755,0.0336753797456793,2.531599270954837,1.163900242462158
385,img_385.bmp,22.84882842,0.0573802307997373,2.1836130815612456,1.3605716786899928
386,img_386.bmp,39.32677469,0.0863851560723502,2.197926830661379,1.2433351732100142
387,img_387.bmp,33.22434414,0.0711324763365032,2.2283806841230653,1.2436347332706947
388,img_388.bmp,29.59835153,0.0604362977235892,2.2706878301653357,1.1507929111375008
389,img_389.bmp,25.99643573,0.0532015237921477,2.211954519459645,1.1495922798611695
390,img_390.bmp,45.83603395,0.0219641645607439,2.6407053493845245,1.198064309703647
391,img_391.bmp,33.76678241,0.0223434592354341,2.190399939217783,1.1826726378109722
392,img_392.bmp,30.66345271,0.0186769292650609,2.4719625104885323,1.1734955382963386
393,img_393.bmp,26.62878788,0.0219919860483924,2.6407066539095254,1.3202269874287302
394,img_394.bmp,37.9258494,0.0726420689483599,2.702913843104002,1.2301609696282194
395,img_395.bmp,30.66345271,0.0187005755796618,2.236820510447989,1.2921217721721918
396,img_396.bmp,34.4531076,0.0300695204065073,2.1959783034232285,1.1923714680766364
397,img_397.bmp,26.62285587,0.0273376066908392,2.099378083687517,1.2492659649692812
398,img_398.bmp,39.57590542,0.0776184019719565,2.148871112659745,1.1198185612962674
399,img_399.bmp,33.63951961,0.065954534507127,2.3228046486960894,1.1798077422719484
400,img_400.bmp,43.84940967,0.0130600071554178,2.2273227298150866,1.1766940977582538
401,img_401.bmp,39.9342838,0.0135590911900646,2.066275426537873,1.1973656350396882
402,img_402.bmp,38.01938776,0.026052114412989,2.6195778476327174,1.185822509729894
403,img_403.bmp,25.8244898,0.0287312504685376,2.6404719418655413,1.2585217869589171
404,img_404.bmp,30.03540039,0.085366309920443,2.374364512371013,1.165950001685466
405,img_405.bmp,24.88647461,0.0654498919570623,2.468896413492259,1.1207924265054547
406,img_406.bmp,28.79332073,0.0149321325581049,2.090598586317641,1.1743328686294316
407,img_407.bmp,22.88699853,0.0222218520172894,2.0197695478813102,1.242228881748725
408,img_408.bmp,44.69766436,0.0626989534557853,2.5327548561935584,1.1016116015235669
409,img_409.bmp,25.84558824,0.0610364137879743,2.249383685025153,1.1667650489805124
410,img_410.bmp,40.16447368,0.0174065296509104,2.264840545816168,1.1724289536680224
411,img_411.bmp,36.39144737,0.0206760018193963,2.1281019330874247,1.267695633764997
412,img_412.bmp,24.68912591,0.0405637167848782,2.661749469380743,1.1387219516432665
414,img_414.bmp,55.90799733,0.0682818244595975,2.536720122439966,1.182325739170524
415,img_415.bmp,32.41724215,0.0853158184988745,2.4784247251427414,1.2712167803586256
416,img_416.bmp,44.33204082,0.039728115795471,2.6655529283420925,1.2317326046622064
417,img_417.bmp,36.44122449,0.0714179969948269,2.620018825311462,1.267767132614689
418,img_418.bmp,47.13811539,0.0163748684245276,2.890113226406821,1.20155733021788
419,img_419.bmp,40.87391401,0.0186077919626796,2.327433628318584,1.2169537135252362
421,img_421.bmp,24.40487998,0.0797035698685537,2.1722171429013466,1.256619990164901
422,img_422.bmp,37.93041992,0.0589508063601738,2.249584530041299,1.0946759644182558
423,img_423.bmp,19.90917969,0.0695397060238895,2.642233986163368,1.2479908187642228
426,img_426.bmp,28.95195266,0.0099248881885755,2.321070495989864,1.2597344026651307
427,img_427.bmp,25.79053254,0.0124034275487249,1.8800493004985932,1.2555767391056607
428,img_428.bmp,33.96135266,0.0346881595376256,2.5665693262619804,1.2014308055610416
429,img_429.bmp,26.57844991,0.0355515807416654,2.551403191707802,1.222792641048928
432,img_432.bmp,44.70408632,0.0865054034347756,2.248371057853464,1.2834293947217956
433,img_433.bmp,37.60307622,0.0754288292547474,2.3686455172529013,1.2532273958186726
434,img_434.bmp,61.7023534,0.020278022643801,2.66092862907099,1.158543415491605
435,img_435.bmp,35.66531636,0.0150245224459069,2.1251581142605653,1.3340253604978287
438,img_438.bmp,31.00112591,0.0768207849508563,2.6390029673934725,1.2571582026618249
439,img_439.bmp,27.83505348,0.0609839109283801,2.67883665106867,1.1679017445539013
440,img_440.bmp,54.87144169,0.0645620410103385,3.071692386559413,1.213496135651729
441,img_441.bmp,32.27731864,0.0684131115173132,2.670778722565918,1.2003509231045515
442,img_442.bmp,35.98921028,0.0566054956161706,2.60286983568498,1.2090101271553324
443,img_443.bmp,20.98025712,0.0564725479131235,2.243887194632113,1.2321260954244524
444,img_444.bmp,50.17084775,0.0807657402952726,2.4644674881198982,1.171062459152796
445,img_445.bmp,25.84558824,0.07533656947848,2.2131627079757425,1.192462769071346
448,img_448.bmp,33.71530612,0.0828008423146466,2.3464690834876376,1.2641640625953492
449,img_449.bmp,30.84591837,0.0631664308638777,2.3827686012067035,1.2091034643773737
450,img_450.bmp,32.23096886,0.0474049113335404,2.73541451732683,1.2332349801577476
451,img_451.bmp,24.78135813,0.0563262740009272,2.1211732084567387,1.2504229219472185
452,img_452.bmp,36.48788927,0.0447855133920629,2.785826782219979,1.166338443870681
453,img_453.bmp,30.40657439,0.0506293448622435,2.501518875619945,1.1594662641940705
454,img_454.bmp,30.66345271,0.0413425683059118,2.273100649839207,1.133941560213473
455,img_455.bmp,24.20798898,0.0486420364348212,2.1976706071568084,1.1571770375531114
456,img_456.bmp,29.04958678,0.0344676771703683,2.501895997646809,1.2183245721155902
457,img_457.bmp,28.24265381,0.0364847116429275,2.4365714375173937,1.228838699360489
458,img_458.bmp,32.27731864,0.0152976447782784,2.5372048228234227,1.1858650308015135
459,img_459.bmp,25.17630854,0.0142161491226774,2.0339173401531943,1.2174486780917422
460,img_460.bmp,38.48998215,0.0339364558774178,1.9925395063681244,1.18745196186953
461,img_461.bmp,35.28248363,0.0326724852963108,1.8961671070429151,1.200094929198788
462,img_462.bmp,27.40588104,0.0189010925280353,2.1898019551651378,1.2420229810434522
463,img_463.bmp,25.37001559,0.0193059583800901,2.096649490566894,1.2319499445860818
464,img_464.bmp,26.95526627,0.0298076476282522,2.32547964605358,1.247252172656294
465,img_465.bmp,23.62745562,0.0299605702390186,2.3513891352836294,1.180385430016006
466,img_466.bmp,36.25867883,0.0716213875978003,2.360084744241189,1.232794272765397
467,img_467.bmp,22.31303313,0.0801222766600597,2.150224456064937,1.258135598611385
470,img_470.bmp,40.41165123,0.0672312219242175,2.1899440454677817,1.1128461463100991
472,img_472.bmp,42.49244444,0.0371984158807309,2.7613202064503364,1.2136404991535714
473,img_473.bmp,29.99466667,0.0514429108572953,2.556159348961631,1.223048972840596
474,img_474.bmp,38.30632653,0.039065609748763,2.327188222331097,1.153364397363893
475,img_475.bmp,34.14571429,0.0474034734986358,2.416439469256509,1.1303767226864274
476,img_476.bmp,25.49249452,0.0321354154949742,2.329506331620279,1.2639120186543908
477,img_477.bmp,23.12109968,0.0243001383859031,2.206354459283458,1.2402482063614928
478,img_478.bmp,33.3599537,0.0691894140744945,2.3635958550170244,1.2548975900442223
479,img_479.bmp,27.25752315,0.0724071554846616,2.2413793103448274,1.1816228883884723
480,img_480.bmp,35.97976592,0.0487348027423731,2.305612466085232,1.2041594578792296
481,img_481.bmp,26.77563975,0.0747398391020912,2.5890349399412007,1.2229943693339491
482,img_482.bmp,51.69117647,0.0608660612896305,2.5529445299880447,1.220936590869805
484,img_484.bmp,32.49335449,0.0286830159914936,2.454937689020733,1.213367030530128
485,img_485.bmp,21.47629439,0.0312508053385839,2.2211270574655124,1.237972766960415
486,img_486.bmp,37.78554152,0.0141173699341396,2.5109466074083597,1.2228738163762185
487,img_487.bmp,24.56060199,0.0140655578727978,1.901424762729432,1.2860697289796852
488,img_488.bmp,29.67479191,0.056209213055028,2.3157894736842106,1.263736648012146
489,img_489.bmp,22.77853746,0.0564774134168745,2.1985068752829204,1.244270405283118
490,img_490.bmp,36.74346667,0.0382078207881374,2.3704427072295773,1.1962459474590612
491,img_491.bmp,26.24533333,0.0401758737163077,2.4508230119326444,1.1683738222068325
492,img_492.bmp,34.40432682,0.0371667102991796,2.790248906278889,1.168957375957741
493,img_493.bmp,28.94097879,0.0479151120772986,2.3112099101489885,1.2992922488963992
494,img_494.bmp,38.94736842,0.0576034547376142,2.0695485227659924,1.1850452016543076
495,img_495.bmp,27.99342105,0.0550859662310521,1.8949487976087211,1.1571036638473189
496,img_496.bmp,33.71530612,0.0306316477894986,2.421030472866484,1.1311499162106524
497,img_497.bmp,29.98510204,0.0322498865962136,2.903373014507064,1.2477908098263346
498,img_498.bmp,50.98919753,0.0459300719821426,2.560678603577664,1.205841637220267
500,img_500.bmp,28.05503046,0.0220106816538482,2.319705651212756,1.3155109031613592
501,img_501.bmp,23.6252888,0.0139056403262072,2.085875789444032,1.2565395760869833
502,img_502.bmp,38.07161278,0.0401766661939641,2.8840959996144178,1.1791823541419206
503,img_503.bmp,26.49672684,0.031955113704083,2.393054827912635,1.204434738697945
504,img_504.bmp,44.08953287,0.0224573944429382,2.7697260257269405,1.1163785975603149
505,img_505.bmp,31.16673875,0.0170110802674992,2.1830216164139147,1.1863754315871429
506,img_506.bmp,44.07310957,0.0545159978679965,2.316332861200098,1.1894456784140293
507,img_507.bmp,27.79996142,0.0505235303250031,2.1909937276813984,1.1796689088864138
508,img_508.bmp,38.83804856,0.0358788740675,2.257810094321121,1.3064972067450524
509,img_509.bmp,24.43038539,0.0321540842618309,1.8889063193304052,1.3303472748860763
510,img_510.bmp,29.53161101,0.0300289885808605,2.3203217831909857,1.180023852224842
511,img_511.bmp,25.84015963,0.0316933238646482,2.4991239340929465,1.2816542990873074
512,img_512.bmp,32.13946759,0.0291682912773908,2.418675318622659,1.21411825189491
513,img_513.bmp,23.73167438,0.0428728834684587,2.2439219963335955,1.1563392269268904
514,img_514.bmp,24.36357908,0.0622278515757941,2.002188583547412,1.2147225111732285
515,img_515.bmp,22.88699853,0.0535765301081523,2.0063351441521178,1.2596448715063062
517,img_517.bmp,21.63076923,0.0401769018847423,2.170775368865164,1.2262432926632785
518,img_518.bmp,37.58520829,0.0269445631939255,2.136613687653097,1.2247142232709831
519,img_519.bmp,25.05680552,0.0288407069791584,1.9753426768588247,1.2216631486663805
520,img_520.bmp,34.4531076,0.0709625334528704,2.7120484596262124,1.2597419698958765
521,img_521.bmp,24.43038539,0.0436231824198297,2.4886712717661434,1.2033805048087334
523,img_523.bmp,31.62283737,0.0079984375938671,2.123607095897616,1.1799567404725892
524,img_524.bmp,35.86734694,0.019385545127063,2.0578473441549003,1.2085490411590505
525,img_525.bmp,24.38979592,0.021851329787082,2.3972051949286164,1.2056907468577407
526,img_526.bmp,32.97992119,0.035300163798327,2.3144316609722546,1.147815629704677
527,img_527.bmp,26.38393695,0.0484390925221193,2.2784537193788577,1.1907909843725788
528,img_528.bmp,32.94482237,0.06789882788841,2.870692584100353,1.2236615055259772
532,img_532.bmp,38.48998215,0.0332329640739571,1.989768680349021,1.182747028127477
533,img_533.bmp,34.16683198,0.0353453004136925,1.9990823582907629,1.18592112348623
534,img_534.bmp,36.77230769,0.0273864096716846,2.866416953942004,1.127306941306012
535,img_535.bmp,30.11668639,0.0295686313682182,2.710575331681316,1.1808480683684943
536,img_536.bmp,44.70408632,0.0881856716944339,2.248371057853464,1.2538412828051595
538,img_538.bmp,42.95258877,0.0341254341338218,2.673283801056621,1.1771492705269953
539,img_539.bmp,39.6056338,0.0365100881432759,2.008524668727398,1.2411100463902058
540,img_540.bmp,39.45408163,0.0190913368327163,2.667660163619133,1.193414819794065
541,img_541.bmp,25.8244898,0.0299508213754724,2.362407629489088,1.1567884345401451
542,img_542.bmp,30.16891892,0.0426887166398647,2.605569194185423,1.1921190222529594
543,img_543.bmp,24.39189189,0.046185278809678,2.50844726719692,1.212855929108006
544,img_544.bmp,57.3877551,0.0439193506266956,2.2036227835520856,1.1244510855979637
545,img_545.bmp,53.08367347,0.0505509832333762,2.0014165979818825,1.191022513206841
546,img_546.bmp,38.36823346,0.0262376107048808,2.2640022107183517,1.2004267525583587
547,img_547.bmp,27.40588104,0.0255671159469139,2.0619953485685287,1.2469013595550344
548,img_548.bmp,31.28142012,0.0286195412552379,2.3206101173454314,1.1969388964744572
549,img_549.bmp,22.12994083,0.0270158604410469,2.0584381550769737,1.2525639704012532
550,img_550.bmp,39.7972973,0.0476550082828298,2.671568905417858,1.2914850786508063
551,img_551.bmp,35.94594595,0.0524773599266832,2.371072313154771,1.24283450054994
552,img_552.bmp,37.23487403,0.0662176576343636,2.158849038408824,1.2712978986482428
553,img_553.bmp,29.28585598,0.0400223161648511,2.034822084682178,1.2222678618168834
554,img_554.bmp,51.58106509,0.0197371412306188,1.9967293518589757,1.2186996641233112
555,img_555.bmp,31.61420118,0.0222417525943433,1.8997757602757688,1.2814670297400832
556,img_556.bmp,37.49333333,0.0246734520143622,2.1076916177490364,1.1625881387427708
557,img_557.bmp,28.74488889,0.0233941153595103,1.9186757740636244,1.2688730868395928
558,img_558.bmp,24.62005543,0.0262722364787951,2.3911440852739934,1.21532333809808
559,img_559.bmp,22.14033762,0.0299024264782046,2.0783470901701997,1.2758324846767044
560,img_560.bmp,40.3466483,0.0113913186892469,2.821428627877364,1.1762616513213018
561,img_561.bmp,33.89118457,0.0105836755099911,2.1830990067400955,1.2066999555241644
562,img_562.bmp,34.69487709,0.0151529947217208,1.9122009287731696,1.154760320738505
563,img_563.bmp,27.04353537,0.0143886274557004,1.9048227061156413,1.158354545147515
564,img_564.bmp,32.86184211,0.048165056944101,2.279188416465417,1.13890146912752
565,img_565.bmp,30.30592105,0.0471166869088448,2.5890195710012693,1.1477094262267389
566,img_566.bmp,34.96756055,0.0465668538883583,2.375277324706235,1.2506211474454882
567,img_567.bmp,25.08542388,0.0516556855048044,2.1149928482996967,1.2467025505598055
570,img_570.bmp,32.76769967,0.011010895853195,2.139868763427441,1.176688270620552
571,img_571.bmp,28.33963215,0.011564026166985,2.262010163111723,1.2637391872761845
572,img_572.bmp,28.18890622,0.0352624052741796,2.0948814809944367,1.1714354427758549
573,img_573.bmp,27.56248608,0.0377897664590242,2.271113206813341,1.2175127946285351
574,img_574.bmp,30.26805556,0.0230428405346903,1.910493146076419,1.321020175348163
575,img_575.bmp,20.89472222,0.0258446270499838,1.8522550968487876,1.2651462432204608
576,img_576.bmp,29.75495656,0.0245802374713738,2.325540460731757,1.2438586760322068
577,img_577.bmp,22.70773001,0.0203722509113152,2.1018100715146537,1.2890839204746458
578,img_578.bmp,29.28514146,0.0174149336854459,1.954306276006671,1.2897435235141368
580,img_580.bmp,41.80903979,0.047537844206289,2.2036227835520856,1.2272727272727273
581,img_581.bmp,31.77487024,0.0781587043791921,2.0652091316369026,1.2727039250740433
582,img_582.bmp,41.55470069,0.0171394644431042,1.9924742247759413,1.205115413412419
583,img_583.bmp,34.29911803,0.0193238422497332,2.3062303144458385,1.1906552441600482
584,img_584.bmp,25.68279164,0.0708790990947375,1.917253783140228,1.295548712345538
586,img_586.bmp,29.75495656,0.0394844922396295,2.4639028228853848,1.2108169989407511
587,img_587.bmp,25.05680552,0.0491494610418235,2.6994855476964905,1.1744913850987837
588,img_588.bmp,30.17929293,0.0447790727530224,2.648556490835813,1.2224285924301777
589,img_589.bmp,25.98324151,0.0501023043958364,2.4771051095496346,1.2021586526556498
590,img_590.bmp,35.36871111,0.0510516683815484,2.4474738674167806,1.1956650014188166
591,img_591.bmp,24.12071111,0.0424603581151947,2.161549993463697,1.1866944251676834
592,img_592.bmp,36.84459459,0.0196086688163265,2.0646185053538515,1.0832739048556357
593,img_593.bmp,33.63513514,0.0199416142856154,1.983038023748224,1.1700058135279223
594,img_594.bmp,42.21429912,0.0683910943305705,2.6445760309394943,1.2079914085966188
595,img_595.bmp,26.12009758,0.0830204208565313,2.4074074074074074,1.2742648707389626
597,img_597.bmp,32.21444158,0.0643630604712693,2.051747167600076,1.188086644339497
600,img_600.bmp,35.18432617,0.0486042532775834,2.474725854443663,1.142368089693477
601,img_601.bmp,26.25952148,0.050254794697472,2.3868920904192747,1.1705415523479703
604,img_604.bmp,31.75170898,0.0422251966019821,2.4326106665038734,1.1722289925277531
605,img_605.bmp,25.57299805,0.0714474686140387,2.404444645038513,1.2027230051213131
608,img_608.bmp,30.34152749,0.057869101745319,2.503199172571167,1.288853624500062
609,img_609.bmp,25.0647401,0.0500057953215511,2.0847431127488694,1.2250637738501615
610,img_610.bmp,26.18918919,0.0610912874416684,2.336493098641637,1.3105700125768147
611,img_611.bmp,21.69594595,0.0581340678743562,2.3080127982580767,1.298832981286082
612,img_612.bmp,40.23413111,0.0821264987421745,1.966815403605129,1.2480720098007594
613,img_613.bmp,32.91883455,0.037787360440156,2.2223468899689,1.2355002256579923
614,img_614.bmp,33.27810651,0.0722118334341284,2.51109489653918,1.1615954467331369
615,img_615.bmp,25.95692308,0.0736491357207987,2.4181030214244847,1.1453973905591814
616,img_616.bmp,48.86077077,0.0084720326358131,2.796398031018746,1.1507507355203064
618,img_618.bmp,32.07498512,0.065268040244163,2.467252772729516,1.2591434144631637
619,img_619.bmp,27.89129141,0.0655094213445691,2.516535962332932,1.198128979896713
621,img_621.bmp,36.65197528,0.0597309174235477,2.029177587989632,1.211003228243522
622,img_622.bmp,31.56326531,0.0233065707005492,2.3534553144157533,1.207814645852349
623,img_623.bmp,22.2377551,0.0241190146830853,2.149459941832605,1.1925726517742838
624,img_624.bmp,29.64641003,0.0414166778081767,2.4693877551020407,1.2453068342071174
625,img_625.bmp,24.78135813,0.0577874218880099,2.1914303237623884,1.283712889132881
626,img_626.bmp,49.37825182,0.0098286102946759,2.5918316244471638,1.1912260530476906
627,img_627.bmp,22.31165453,0.0093905496153478,2.044008394524661,1.2741992940582996
628,img_628.bmp,39.83261246,0.0318097581815704,2.1998219215271355,1.2208645734424344
629,img_629.bmp,29.95047578,0.0246016095977587,2.206333406241801,1.1600959841530405
630,img_630.bmp,35.7739645,0.07399530141355,2.5592031507430515,1.103331168533923
631,img_631.bmp,31.61420118,0.0676515025683233,2.3174154140299126,1.1037459098710387
632,img_632.bmp,29.75661376,0.0548777731457208,2.694982566638003,1.25724914879225
633,img_633.bmp,23.91156463,0.0518676686851989,2.178209189680146,1.3475367531667812
634,img_634.bmp,39.55592105,0.0284435467711096,2.4340370104907216,1.220809998222246
635,img_635.bmp,29.21052632,0.0232586537654235,2.5978257995405243,1.231245844832052
636,img_636.bmp,32.07498512,0.0328406275953352,2.154964332204007,1.2079353487217144
637,img_637.bmp,27.89129141,0.0395856282575027,2.018830274113125,1.1709208888244051
638,img_638.bmp,41.72297297,0.0811333655997925,2.777416262624386,1.278520779891897
639,img_639.bmp,26.31756757,0.0529510993937185,2.877344454720552,1.19475225473383
640,img_640.bmp,24.32525952,0.0662365212097346,2.117851297340552,1.199449559290852
641,img_641.bmp,21.74070069,0.0631421068650151,2.3133444404152184,1.2330988368328168
642,img_642.bmp,34.2764497,0.0127420722434033,2.4370678655264446,1.1423365057231134
643,img_643.bmp,28.28639053,0.0135722506919965,2.115151967703584,1.289938755342678
644,img_644.bmp,32.31255386,0.0445691825837559,2.571465580784744,1.1950547160677216
645,img_645.bmp,24.2344154,0.0598242279345291,2.1551966678750096,1.2152387632235642
646,img_646.bmp,43.84940967,0.0147390649364577,2.227080888751933,1.1656355042619282
647,img_647.bmp,36.80218311,0.0148546096529232,2.0571882693712085,1.2507368924544824
648,img_648.bmp,41.73654917,0.0313509539089937,2.3877957508056875,1.2479451171254377
649,img_649.bmp,29.64243549,0.0305715755802611,2.230181211120502,1.2132965938697875
650,img_650.bmp,35.9936,0.045322803762166,2.2830227367757776,1.1752509424408912
651,img_651.bmp,27.49511111,0.0511736325404645,2.095089419452132,1.2336308667181233
653,img_653.bmp,39.32677469,0.025895280554718,2.6229212768096515,1.190248306917775
654,img_654.bmp,30.24093364,0.0145159722352751,2.032264871651634,1.2113565349567397
655,img_655.bmp,24.81655093,0.0190041087537569,2.0224117513060613,1.258926102682295
656,img_656.bmp,56.52693878,0.0479262289685877,2.239023506705666,1.1840529996349476
657,img_657.bmp,38.30632653,0.0483394611942373,1.781616486051582,1.2726862085751816
658,img_658.bmp,48.57736455,0.0179091187831706,2.9011002879614383,1.2282420743121976
659,img_659.bmp,36.47337006,0.0153018087693221,2.4186192550965098,1.227676132938181
662,img_662.bmp,32.41345427,0.0315293329727809,2.724996072196583,1.1912142612934975
663,img_663.bmp,24.62005543,0.0366700054543209,2.254217919195776,1.2573626581430382
664,img_664.bmp,33.89118457,0.0696038100402262,2.4815829125188062,1.1534236381342196
665,img_665.bmp,28.24265381,0.0374033247162604,2.5959329584040303,1.271780624869587
667,img_667.bmp,21.90789474,0.0267333842044112,2.2571704799331305,1.3344288594684257
668,img_668.bmp,35.61831488,0.0597613243978912,2.361111111111111,1.1642743272928615
669,img_669.bmp,22.03058735,0.0637337495681484,2.3711954987696,1.1498040725734515
672,img_672.bmp,40.3466483,0.0161935089728981,2.7117900315175683,1.153616623213232
673,img_673.bmp,25.49908173,0.0211939748024792,2.4991670497171623,1.2060222958398967
674,img_674.bmp,38.21162843,0.0262002432184476,2.657505005324047,1.194160697883049
675,img_675.bmp,28.81532635,0.027619777055894,2.5662935726765816,1.2301311150694918
676,img_676.bmp,45.462805,0.0308141749119545,2.9054012010872388,1.2031183839972337
678,img_678.bmp,46.15656566,0.0183384115095604,2.4189542516476803,1.1169106314140194
679,img_679.bmp,29.53374656,0.0189893836821248,2.354295330377267,1.1777558464357
680,img_680.bmp,39.52854671,0.0546674054490874,2.726694406295121,1.1394304833282776
681,img_681.bmp,27.36591696,0.0653131071003932,2.1125761597915105,1.1393967053098784
682,img_682.bmp,31.09001041,0.0336659554918281,2.1440472885433763,1.229530384513922
683,img_683.bmp,26.51795005,0.0347906935855222,1.9905599129700384,1.2432608117255586
684,img_684.bmp,38.35052569,0.0504814382382058,2.7425391161190986,1.1707212457686575
685,img_685.bmp,23.7075977,0.0194315731180258,2.147279863178252,1.3363122582355869
686,img_686.bmp,32.35371466,0.0631891837440222,1.944162030638512,1.2268128961498146
687,img_687.bmp,27.73175542,0.0810970126798349,2.407692290836297,1.2480726017802055
688,img_688.bmp,60.51997245,0.0159175595300323,2.4338108411261308,1.23807129025975
689,img_689.bmp,38.73278237,0.0164636929829565,2.0739513783057397,1.2838093246254985
690,img_690.bmp,61.56449704,0.0334211681130132,2.891860172010627,1.195944464777842
691,img_691.bmp,46.58934911,0.0429514605751982,2.603934949922392,1.2356038246808272
692,img_692.bmp,43.84940967,0.0347485097525135,2.272312667162019,1.1699921646371167
693,img_693.bmp,23.49075518,0.0256074775979608,1.958896911819515,1.2497397939870611
694,img_694.bmp,30.17929293,0.0561043416355428,2.4615588157824524,1.208350189967955
695,img_695.bmp,24.69214876,0.0516167623165909,2.433561633125864,1.2362244819649104
696,img_696.bmp,33.61088757,0.0741039542863691,2.6651386677928675,1.2049271719883812
698,img_698.bmp,38.00821799,0.0537292250004154,2.6102520135807703,1.2207453560359365
699,img_699.bmp,28.88624567,0.0586897665495001,2.3588118140414323,1.1478849799775377
700,img_700.bmp,38.74311111,0.0543429492951417,2.84375,1.1802267746908748
701,img_701.bmp,34.99377778,0.0404791061562289,2.5190675571461085,1.1582851177684257
702,img_702.bmp,38.51351351,0.0736085481637471,2.5,1.2061796543922607
704,img_704.bmp,42.56445313,0.0462809074146081,2.842217565923045,1.1846986457860926
705,img_705.bmp,32.60986328,0.0423707756469388,2.404087770662663,1.1395020751013634
706,img_706.bmp,39.32677469,0.0439355050273357,2.2244100341438853,1.2995142174540408
707,img_707.bmp,30.51215278,0.0378754383666723,2.1544075201067523,1.2746373912737796
711,img_711.bmp,25.72433853,0.0190239997576487,2.255383798185248,1.2102142080265226
712,img_712.bmp,48.5475607,0.063245700953138,2.58643677139299,1.2485513911477313
714,img_714.bmp,37.93215632,0.0199196809396529,2.4213389056614667,1.1723616513038688
715,img_715.bmp,29.28585598,0.016365951933753,2.406446260891229,1.1911009197628943
716,img_716.bmp,47.89035467,0.0388026649579131,2.493966535402461,1.2358503231297997
717,img_717.bmp,31.92690311,0.0610641350509281,2.512625212364489,1.1536894049083268
720,img_720.bmp,32.99795918,0.0444341137634203,2.434603024354483,1.1880838721771616
721,img_721.bmp,28.69387755,0.047944975978199,2.197447060774312,1.1882760622010358
722,img_722.bmp,38.25670858,0.0552873716805971,2.432895004349711,1.151086443322134
723,img_723.bmp,27.96697317,0.0609242056785913,2.316266839908331,1.2105123045064303
725,img_725.bmp,25.84015963,0.0389449453479081,2.2553454165129243,1.2396536669802207
726,img_726.bmp,22.62911243,0.0795516985583973,2.244484643162884,1.2000619562692412
728,img_728.bmp,32.83910035,0.0144529849637481,2.4529270328805977,1.228489279286046
729,img_729.bmp,23.71712803,0.0175564474528311,2.334251214269609,1.2422282124784128
730,img_730.bmp,38.78857422,0.0278610617231499,2.259549717115043,1.2396986697896275
731,img_731.bmp,35.35595703,0.014595350819183,2.1397052169097672,1.2249153052758537
732,img_732.bmp,30.69458677,0.0484071112459111,2.3344263717797507,1.225191032791715
736,img_736.bmp,35.25848765,0.0216378313015974,2.234413882229472,1.2063787317740615
737,img_737.bmp,24.40972222,0.0275530624393622,2.0242398113269755,1.1666368182800655
738,img_738.bmp,43.57438017,0.0333233826947601,2.3771846187053702,1.2090515107122424
739,img_739.bmp,29.04958678,0.0288261527571094,2.21142488002645,1.3651811279808703
741,img_741.bmp,32.189456,0.0838214649277576,2.3709464952286448,1.147933219968294
743,img_743.bmp,33.89118457,0.0096602710044013,2.3648691548652634,1.1931716565922097
744,img_744.bmp,34.07894737,0.0714460675449846,2.269324462987386,1.238296166473183
745,img_745.bmp,23.00328947,0.0424527326363046,2.212600347619258,1.2235805543003817
746,img_746.bmp,37.72902984,0.0450251765561473,2.225074717059399,1.2296851365085584
748,img_748.bmp,32.32032276,0.0565092201716325,2.1093555692908845,1.1660491407779965
749,img_749.bmp,22.69018578,0.0473761959096945,2.041330007511319,1.1666447361920531
750,img_750.bmp,37.65280403,0.0183223606330862,1.991151663038241,1.2183654490820552
751,img_751.bmp,23.92060491,0.0201779537629001,1.6645082098569113,1.278869286259733
752,img_752.bmp,39.52854671,0.0719200715669483,2.065708538771084,1.18628316216223
753,img_753.bmp,31.92690311,0.0617584990061439,2.246364584423875,1.1462857219884806
754,img_754.bmp,37.07226563,0.0170441554818344,2.6302482761887203,1.285528000562708
755,img_755.bmp,33.29638672,0.0237734513664593,2.157392590089196,1.2316492283069689
756,img_756.bmp,44.70408632,0.0787652478878942,2.7746658342588355,1.2256423296997618
758,img_758.bmp,39.48589089,0.0498361336231258,2.3937360705998083,1.1377986371958817
759,img_759.bmp,30.22843322,0.0635252010856885,2.2360679774997894,1.1315590852840356
760,img_760.bmp,31.14761249,0.0532206620360116,2.2911051393475037,1.236958520048343
761,img_761.bmp,25.17630854,0.0802718101916284,2.1379134014316707,1.2557978574945394
762,img_762.bmp,36.01915794,0.0775570036940557,2.333627259559017,1.1869290491763047
764,img_764.bmp,29.41122449,0.0189226004430822,2.574588208755241,1.137247917152484
765,img_765.bmp,25.8244898,0.0169410928013616,2.382333449763589,1.218616539904185
766,img_766.bmp,52.41860954,0.0387130047840766,2.4902561356093487,1.1675162689227192
767,img_767.bmp,45.77399706,0.0348755808814409,2.227051418825716,1.2310939641217586
768,img_768.bmp,43.0663845,0.0377283453265153,2.447298727868535,1.3278257514433156
769,img_769.bmp,40.24749387,0.0358364453734547,2.297073937113556,1.3016694314474635
770,img_770.bmp,43.57438017,0.0803427954245565,2.4034054646430425,1.0926084985631344
771,img_771.bmp,27.43572084,0.0878200212462626,2.490775059301744,1.1866296337275797
772,img_772.bmp,41.19140625,0.0649296436582653,2.3607535482831694,1.123564510417858
773,img_773.bmp,27.4609375,0.0885363880012389,2.374401320147064,1.1637388423764246
774,img_774.bmp,31.11502959,0.0797602454238958,2.230445968216764,1.1997150658869962
775,img_775.bmp,23.29467456,0.0849823062121954,2.0739986953311456,1.1504474832710556
776,img_776.bmp,21.66387755,0.0254267884700189,2.121009069237733,1.2485006189822994
777,img_777.bmp,18.65102041,0.0266399846299535,2.012074279586714,1.2416287913554278
778,img_778.bmp,33.67008242,0.0303644067682717,2.859447211641506,1.2539505538776532
779,img_779.bmp,25.05680552,0.0435556911893154,2.3916995720826204,1.1578295542845831
780,img_780.bmp,29.08863684,0.0182128513751016,2.3162499613339684,1.2485964271715269
781,img_781.bmp,21.70573409,0.0217995123497382,2.0287810952993466,1.2488573102094391
782,img_782.bmp,47.46334877,0.0143986455753716,2.446802709931118,1.118973868588658
783,img_783.bmp,40.81847994,0.0136705413582291,2.1889007640122693,1.1554855628162823
784,img_784.bmp,33.90239198,0.0355622624950809,2.322182455557383,1.2301869776582746
785,img_785.bmp,23.05362654,0.0396927441007672,2.1597033430224104,1.2462692924940275
786,img_786.bmp,24.68912591,0.0123709074619933,2.328884884021133,1.22738870897039
787,img_787.bmp,20.11706556,0.0269058965319868,2.240114552326994,1.2742710577164302
788,img_788.bmp,40.28871107,0.0623570934824182,2.6076809620810595,1.2298011675762608
789,img_789.bmp,27.36591696,0.035726548509455,2.374011383227712,1.3146317470170916
790,img_790.bmp,36.7501929,0.0543823960349816,2.156588235606211,1.2068398068536197
792,img_792.bmp,42.5342194,0.0206690775606367,2.889558359215508,1.16562199848416
793,img_793.bmp,27.19400913,0.0171621358441751,2.3967406042030377,1.1788372094823527
794,img_794.bmp,34.43265306,0.0726744454939541,2.6853049398175077,1.1387509852366662
796,img_796.bmp,40.68287037,0.0363049084432384,2.31658473687002,1.2294457927749072
797,img_797.bmp,29.83410494,0.0350783560837671,2.1974045556748023,1.196770705329489
800,img_800.bmp,40.68287037,0.077900048375285,2.118763764934382,1.186587460010847
802,img_802.bmp,29.53161101,0.0115067607033048,1.85466239253966,1.3001512280195449
803,img_803.bmp,21.41041798,0.0137532100102121,2.095863442746473,1.257966143280148
804,img_804.bmp,26.77631579,0.0694535415359166,2.3019940439160718,1.2055913234370923
805,img_805.bmp,23.125,0.0608585842605993,2.078893770243799,1.215198930921184
806,img_806.bmp,41.55470069,0.0402248087851223,2.667037011320444,1.1757302627183603
807,img_807.bmp,32.97992119,0.0489277571897026,2.4199429047617587,1.1807610869753526
808,img_808.bmp,42.49244444,0.078209522179118,2.313985955357081,1.178258667365432
809,img_809.bmp,29.36977778,0.0751324232959315,2.411844411244699,1.1589622427971498
810,img_810.bmp,45.57432432,0.0121108507032501,2.451585156424257,1.1575007766303975
811,img_811.bmp,25.67567568,0.0198161176916275,2.029446841191619,1.199490600327343
812,img_812.bmp,36.61458333,0.0794990173109239,2.2817208418209267,1.1386386847787615
813,img_813.bmp,25.7658179,0.076008661239447,2.462434530100019,1.2955307792561317
814,img_814.bmp,36.31198347,0.0414746730457875,2.359867032490514,1.2292765169506803
815,img_815.bmp,26.62878788,0.0497027194968706,2.1522837038311047,1.25282706728759
816,img_816.bmp,27.4609375,0.0351781348765941,2.2432502271858654,1.1906160796178733
817,img_817.bmp,24.02832031,0.0332842398113483,2.3133444404152184,1.2310510654167506
818,img_818.bmp,37.94231742,0.0308029941455474,3.0591066783636496,1.1747652776714124
819,img_819.bmp,24.89964581,0.0292947636963788,2.651600388906035,1.1986937856453752
821,img_821.bmp,29.09486697,0.0085778200966213,2.4081312910309403,1.1736051395971492
822,img_822.bmp,25.39718547,0.0237475729751148,2.0482037243217794,1.1993498523065038
823,img_823.bmp,22.14870825,0.0234110518458712,2.0754579387798358,1.2071308540280064
825,img_825.bmp,26.45609467,0.0160119924187864,2.105113343184144,1.3238945005765994
826,img_826.bmp,44.98907388,0.0324899378401991,2.6731538739823653,1.170124880276226
827,img_827.bmp,35.84495317,0.0322381602946618,2.1682223407233594,1.2037222303388866
829,img_829.bmp,25.84015963,0.0163959230749544,2.009920403337781,1.2758824992976754
830,img_830.bmp,27.43572084,0.0331861722498247,2.7357095610259177,1.2234465090300122
831,img_831.bmp,24.20798898,0.0320266422284888,2.475406221217922,1.245984763805098
832,img_832.bmp,33.67008242,0.0180105149096229,2.2142110051724115,1.200824517647895
833,img_833.bmp,29.75495656,0.0168302910935716,1.953679760880992,1.2213672006572964
834,img_834.bmp,40.17142857,0.0181771353728826,2.554280244069447,1.1370907305207631
835,img_835.bmp,35.15,0.0193875252522966,2.6266750779869823,1.1785743882907929
836,img_836.bmp,54.76973684,0.0763607318341528,2.065708538771084,1.230075260134632
837,img_837.bmp,30.42763158,0.0718250874898258,2.339963108774869,1.2370560029739472
838,img_838.bmp,35.58040816,0.0135967178351924,2.478998137476701,1.182177268633434
839,img_839.bmp,29.41122449,0.015228236408305,2.295102864151201,1.2148838944549256
840,img_840.bmp,38.24189815,0.0230479692807619,2.032882519544458,1.1128531699069246
841,img_841.bmp,26.98630401,0.0240573336194958,1.88142379628368,1.232335429377103
842,img_842.bmp,22.67132491,0.0299165399103146,2.2924156788526964,1.2234368819880328
843,img_843.bmp,20.97097554,0.0290999058888795,2.1921133881185177,1.292909928659127
844,img_844.bmp,44.70408632,0.0799762951431801,2.561440143699653,1.230920243035282
845,img_845.bmp,31.79315886,0.0900182135946967,2.379872497309105,1.209649399776075
846,img_846.bmp,31.00112591,0.0501479646548201,2.779999111821512,1.1900796581574615
847,img_847.bmp,27.04353537,0.0677473091951231,2.455635463611309,1.2278177318056545
848,img_848.bmp,39.74509026,0.0103295093851915,2.3745008332577777,1.1423215462074865
849,img_849.bmp,33.46954969,0.0117283626977845,2.014757810832572,1.2708382915864371
850,img_850.bmp,27.09267097,0.0220514705748052,2.427143844766767,1.259249951889921
851,img_851.bmp,20.82846959,0.0224100411864808,1.986879290987953,1.3210178206582897
852,img_852.bmp,35.61831488,0.0610204202879439,2.317102828370243,1.232938232588943
853,img_853.bmp,26.38393695,0.0561096558714909,2.26560455263483,1.2297741335327488
854,img_854.bmp,34.16719835,0.0125959984437584,2.4468894944752333,1.1552703388276382
855,img_855.bmp,26.12009758,0.0092347715990395,2.136727166772697,1.2238861713599924
856,img_856.bmp,50.85358796,0.0439763913842572,2.059040607368449,1.18088099845231
857,img_857.bmp,34.58043981,0.0880267701306308,2.248049414457792,1.2
858,img_858.bmp,27.4609375,0.0335894888896331,2.583081046407118,1.254455050849121
859,img_859.bmp,21.45385742,0.0291756029183529,2.047773831062309,1.3947380767733364
862,img_862.bmp,29.37235996,0.078913136418951,2.313985955357081,1.1606894502837526
863,img_863.bmp,25.82185491,0.0744774087163577,2.173272867528768,1.1781088356443643
864,img_864.bmp,42.5342194,0.0487046658267628,2.5352595495543566,1.1343233312399168
865,img_865.bmp,32.07498512,0.0482107727113467,2.2306310893253656,1.1289539003168558
866,img_866.bmp,33.49556327,0.0501241143220218,2.4972111078710597,1.1737460514177642
867,img_867.bmp,28.7492284,0.0471021475524107,2.174219461377056,1.2268680593198191
868,img_868.bmp,44.70408632,0.079896688143474,2.1735927234063546,1.2143246365945064
869,img_869.bmp,31.47038567,0.0778520736584094,2.265282951270121,1.298702292754141
870,img_870.bmp,39.52854671,0.076192767861921,2.9047558998316605,1.1880637893772357
871,img_871.bmp,28.12608131,0.0752871008648184,2.427286498381048,1.2585325222611614
872,img_872.bmp,35.86734694,0.044995520367603,2.1011030784665143,1.2074529767819426
873,img_873.bmp,27.97653061,0.0430004772599409,2.2122908419172127,1.1854035461444017
874,img_874.bmp,30.46510456,0.020758072751818,2.052573342134396,1.2888973568798066
875,img_875.bmp,24.44293273,0.022341073374424,2.0007436633940814,1.3472572572802717
876,img_876.bmp,37.07226563,0.0455120377597378,2.316810146407926,1.1877755725770802
877,img_877.bmp,31.75170898,0.0363313683406986,2.4013092466511643,1.282508318182341
878,img_878.bmp,41.59763314,0.0295050216049661,2.498859937751836,1.1841880991909148
879,img_879.bmp,23.29467456,0.0578391278005861,2.198108998279392,1.2049235797441384
880,img_880.bmp,34.20739619,0.0582818030230216,2.098717100119538,1.2180395427051818
881,img_881.bmp,30.71064014,0.0551122702557581,2.1820288724029298,1.1756170599723847
882,img_882.bmp,31.86933333,0.0167519657624799,2.6526131334296683,1.1769618206993238
883,img_883.bmp,25.62044444,0.023593762164649,2.34921991393192,1.1854772056628329
884,img_884.bmp,50.02984389,0.0491711410624326,2.248137831926728,1.2644082377735253
885,img_885.bmp,22.59412305,0.0643582825962315,2.0419769023350067,1.313945667553717
886,img_886.bmp,28.5885737,0.0294654534646824,2.469323991623974,1.1373922194221613
887,img_887.bmp,22.31303313,0.0224456693286029,2.312249025894326,1.1758412269959977
888,img_888.bmp,34.9229227,0.0193776364706856,2.185214725992118,1.2790460914719175
889,img_889.bmp,23.96057028,0.020907552433948,2.407345199018519,1.2931038810006037
890,img_890.bmp,33.90239198,0.0204935621004889,2.7098487739806747,1.213288590138769
891,img_891.bmp,25.7658179,0.0205368413291597,2.2864631661127204,1.190757785668729
892,img_892.bmp,38.00821799,0.019902887791863,2.14577681461888,1.231974850692506
893,img_893.bmp,27.36591696,0.0137378902579361,2.190386600393313,1.3595744225704312
894,img_894.bmp,39.45408163,0.0619104175022396,2.857142857142857,1.2307692307692308
895,img_895.bmp,35.15,0.0486694828113418,2.3408942669596216,1.2627892453615102
896,img_896.bmp,42.59656939,0.0183314155417915,2.3513860888184053,1.2397139642620183
897,img_897.bmp,38.83804856,0.0172448363859504,2.2019297626106384,1.2118675113710429
898,img_898.bmp,25.49908173,0.0228243543309906,2.204129637397346,1.2084906393151085
899,img_899.bmp,21.4644169,0.0233751290854223,2.0217577216928206,1.396451088640488
900,img_900.bmp,40.90128124,0.0236001128838263,2.387835172878812,1.166774790253113
901,img_901.bmp,31.30350767,0.0205543887465414,1.811898275034319,1.2193487941392376
902,img_902.bmp,40.26650888,0.0174596309824553,2.87942631272463,1.1758367425578915
903,img_903.bmp,32.94532544,0.0157277253748112,2.590698388795531,1.2369270839397708
906,img_906.bmp,28.12,0.0212030545456005,2.483562887698511,1.2582168189843916
907,img_907.bmp,22.45694444,0.0375741646951711,2.103515809558356,1.2859613128140652
908,img_908.bmp,34.16683198,0.0364624183764487,2.194130605793899,1.2252225809408468
909,img_909.bmp,24.40487998,0.0433201405062711,1.8765572625185052,1.2708041855977428
910,img_910.bmp,51.36558327,0.0470049890060712,3.1222585572784483,1.2367807305939007
911,img_911.bmp,40.56109851,0.0674225366886899,3.339822115728004,1.192592299268496
912,img_912.bmp,43.5361996,0.0391871078826296,2.5768111469127426,1.1658519737528017
913,img_913.bmp,34.76631767,0.039964560912967,2.261500333297883,1.308048951567097
914,img_914.bmp,31.06518555,0.0315572719990651,1.9760917184406877,1.2348735922289005
915,img_915.bmp,27.4609375,0.0266752921409456,2.1333173887401515,1.3252502064727616
916,img_916.bmp,32.5462963,0.010282986592926,2.284043898750537,1.187958314266665
917,img_917.bmp,23.05362654,0.0111182139748512,2.060114970318283,1.2256382645381778
918,img_918.bmp,32.68706747,0.056423163776496,2.5951575965746603,1.2150642389947568
919,img_919.bmp,26.6057526,0.0555158420385727,2.459607955125072,1.197337071881132
920,img_920.bmp,39.04780797,0.0275096129712624,2.309246890150839,1.2079878347835398
921,img_921.bmp,24.40487998,0.0238060216199879,2.2015812880097987,1.2677008566026011
922,img_922.bmp,40.44237255,0.0139307393188989,2.6222823378764057,1.1442278940321269
923,img_923.bmp,29.28585598,0.0357706475328967,2.4216088477245523,1.1297110461874975
924,img_924.bmp,31.52784077,0.0570598310099318,2.177694936733702,1.1511002616617485
926,img_926.bmp,35.1426171,0.022389888743857,2.5016917352986434,1.18363035798059
927,img_927.bmp,29.97458517,0.0241786766689333,2.342537222791818,1.2329204989533444
929,img_929.bmp,27.61205629,0.0914940531418708,2.0837499583416643,1.1102373213902452
930,img_930.bmp,30.34152749,0.029122141908336,2.4726725386559547,1.2097818756253589
931,img_931.bmp,25.0647401,0.0236014728138008,2.284150435992825,1.199029374800154
932,img_932.bmp,40.3466483,0.0246440974660311,2.666446218769407,1.1586772705419626
933,img_933.bmp,24.36937557,0.0215983938759794,2.010339803032787,1.1736325017701903
934,img_934.bmp,30.17929293,0.0520038735978673,2.542137380721676,1.236947494503813
935,img_935.bmp,23.40105601,0.0747373188232114,2.377900705392444,1.192462769071346
936,img_936.bmp,28.36273222,0.0177610453394484,1.9600561750131664,1.2491494658610671
937,img_937.bmp,22.42634641,0.0200782044986139,1.901493893926379,1.2584052666088543
938,img_938.bmp,33.63513514,0.0386303565112656,2.466330844009777,1.2173310701423663
939,img_939.bmp,22.85135135,0.037539789553285,2.398099694628553,1.263006134754508
940,img_940.bmp,25.0647401,0.0230690391302326,2.640193857312701,1.1510563028127243
941,img_941.bmp,21.76674798,0.0351086722133173,2.511711148480457,1.1799627117499485
942,img_942.bmp,31.05459105,0.0725386861931944,2.3491046555926003,1.2353696936271938
943,img_943.bmp,26.98630401,0.0569923261447459,1.9507511025893056,1.1887592263426014
944,img_944.bmp,36.91451376,0.03639261089091,2.4244007883593075,1.1649694112171087
945,img_945.bmp,28.05503046,0.0244516406725912,1.8944503972636253,1.3564576100822117
946,img_946.bmp,41.65693918,0.0103215493272238,2.1676752387339544,1.2460240265760316
947,img_947.bmp,34.9229227,0.0152550865463275,2.060528952127595,1.343006686235244
950,img_950.bmp,35.72387755,0.0335000032892354,2.1898674475258457,1.1655520998058695
951,img_951.bmp,26.82877551,0.0247129790485534,2.043643085321563,1.2148402630875512
952,img_952.bmp,27.63256836,0.0216626431283311,2.4877207478707515,1.210121142505417
953,img_953.bmp,21.96875,0.0212477499384057,2.520370502280262,1.2660575348131944
954,img_954.bmp,34.00698737,0.0304596291426512,2.8725814414792548,1.1945787327019737
955,img_955.bmp,27.3945176,0.030490600357259,2.3162358372169805,1.1581179186084902
956,img_956.bmp,59.6144,0.0529618486411626,1.8902880105786544,1.1662869032587762
957,img_957.bmp,38.74311111,0.0545854777731176,2.267331961541299,1.166445976597078
958,img_958.bmp,29.1560571,0.0716193885858989,2.4133437443728494,1.273036245446591
959,img_959.bmp,25.08777006,0.0698407214970066,2.029371484931532,1.2641509433962264
960,img_960.bmp,44.70408632,0.0870220165889614,2.328607694117549,1.269317939992532
961,img_961.bmp,30.50206612,0.0860342917627913,2.244258730117012,1.1994495592908518
962,img_962.bmp,25.01492195,0.0316685538709695,2.3719073153351653,1.2712329574340275
963,img_963.bmp,20.98025712,0.0194846903883207,2.290255168274096,1.190939395007489
964,img_964.bmp,32.77226741,0.0108582067279846,2.633423065364199,1.1984216746028713
965,img_965.bmp,29.98313827,0.0120484200529037,2.2503002802629144,1.173114730564582
966,img_966.bmp,41.53466797,0.0314916740451186,2.5801298540372475,1.203191685076709
968,img_968.bmp,32.07893599,0.0258394787027562,2.2982779442281487,1.10427876592003
969,img_969.bmp,24.47729239,0.0246184521334502,2.0332966403171406,1.1661368126917606
970,img_970.bmp,36.31015369,0.0176104119493486,2.397121304707873,1.185483796104719
971,img_971.bmp,30.99647266,0.0201579803415195,2.391609153786004,1.286631651531137
972,img_972.bmp,36.31015369,0.0538148716144376,2.6465678757922406,1.184502887887042
973,img_973.bmp,24.44293273,0.0690550937135894,2.1239333443574973,1.3212221542655491
974,img_974.bmp,40.23413111,0.0088955758169062,2.1475544431283176,1.2928010203282043
975,img_975.bmp,33.6503642,0.0092458319274795,1.984816398826532,1.2936932208709415
976,img_976.bmp,33.27810651,0.0509561137242802,2.2414829220083683,1.150492843447841
977,img_977.bmp,26.62248521,0.0689648612705914,2.1867957087250085,1.2130160087342512
978,img_978.bmp,28.26346939,0.0467266106037653,2.3884509596341266,1.2656672541171274
979,img_979.bmp,25.39408163,0.0394652151700097,1.803655684471124,1.215027043201167
980,img_980.bmp,33.22306238,0.0486197070949211,2.573711338890856,1.196480174761109
981,img_981.bmp,23.6252888,0.041393363813574,2.4470871039089817,1.2213349877857185
982,img_982.bmp,40.23413111,0.0174428304560972,2.5502229654280573,1.1933999794927583
983,img_983.bmp,27.43236212,0.0196515502808411,2.43580010919322,1.1991373688791749
984,img_984.bmp,62.40918367,0.080355283790606,2.4617664628569176,1.233607432248233
985,img_985.bmp,38.01938776,0.081679219714092,1.99806322151431,1.1770355423462189
986,img_986.bmp,37.30204082,0.0384209942932136,2.420579865641997,1.2622911841593527
987,img_987.bmp,26.54183673,0.0379572198201104,2.112682642423668,1.2765318949233022
988,img_988.bmp,44.28067523,0.0140714461839418,2.687545557221912,1.1775772469473678
989,img_989.bmp,35.42454019,0.0144925706435569,2.57122827664428,1.3121030422138429
990,img_990.bmp,32.44615385,0.0425104302156911,2.834215781726433,1.1858135798488083
991,img_991.bmp,24.45940828,0.0475333164475295,2.144192383068683,1.1850307988695237
992,img_992.bmp,40.17142857,0.0627516054914916,2.735064375204902,1.1563028592548616
993,img_993.bmp,34.43265306,0.0500819473523696,2.4364371871639534,1.1873921266628655
994,img_994.bmp,34.69811754,0.0595235910221029,2.469323991623974,1.1716318887222077
995,img_995.bmp,26.62878788,0.0777919566640784,2.133974262695348,1.2366938848016846
996,img_996.bmp,32.07498512,0.0601685053366342,2.485370036872475,1.2055164948792108
997,img_997.bmp,26.49672684,0.0359407777061311,2.1275204133604704,1.1790654336935875
998,img_998.bmp,40.84814453,0.0194186361038122,2.564851172770369,1.1910563769590292
999,img_999.bmp,33.98291016,0.0205706337618282,2.133686253674391,1.173272043874916
1000,img_1000.bmp,42.24082679,0.0340963116287349,2.476281648544791,1.2245845348987443
1001,img_1001.bmp,36.04550553,0.0450490875542617,2.534626667620628,1.129837607299352
1002,img_1002.bmp,31.16673875,0.0307123189038386,2.5695896422345714,1.289300628408306
1003,img_1003.bmp,23.56509516,0.034029124932711,2.07320121196813,1.229820964623278
1004,img_1004.bmp,43.22298953,0.0152590305827705,2.3297026392875604,1.236857372307529
1005,img_1005.bmp,29.12853642,0.0139862093206992,2.0583249504731174,1.2266327910132404
1006,img_1006.bmp,29.28585598,0.0202354250242803,2.260774205884128,1.1591007107005629
1007,img_1007.bmp,22.31303313,0.0296720088108707,2.4282526831006117,1.2503121738102685
1008,img_1008.bmp,46.62755102,0.0364670930283781,2.394814217248414,1.1781774913041978
1009,img_1009.bmp,37.30204082,0.0357532950350197,2.1028601297729246,1.173967390858946
1010,img_1010.bmp,56.27797068,0.0105098507216757,2.3794504465682023,1.1658687849297171
1011,img_1011.bmp,29.5628858,0.0090988325461851,2.2541839912401427,1.282001857453974
1012,img_1012.bmp,40.76318259,0.0939635535013836,1.8278006201137915,1.2041594578792296
1013,img_1013.bmp,26.25201726,0.0897037762766109,2.238210147536808,1.1912197634722477
1014,img_1014.bmp,38.73278237,0.0645196607483838,2.353478298949651,1.1603221996725293
1015,img_1015.bmp,29.04958678,0.0481994479566637,2.1465946447706568,1.2438263861835654
1016,img_1016.bmp,39.74509026,0.0110424182007175,2.3609499427036487,1.1555533652017664
1017,img_1017.bmp,29.98313827,0.0093735275166902,1.9151921586688287,1.1600492824341038
1018,img_1018.bmp,26.63880677,0.0209766641693096,2.223541802229109,1.1977802862390388
1019,img_1019.bmp,22.48239721,0.0202974162827334,2.201140468548209,1.222341174133333
1020,img_1020.bmp,35.25848765,0.0116815956674217,2.3193711936016195,1.275830906606186
1021,img_1021.bmp,24.40972222,0.0114467832430615,1.8233467097402365,1.3691550167226891
1022,img_1022.bmp,31.24444444,0.0229756033615048,2.1958593111830007,1.1453085932114742
1023,img_1023.bmp,26.24533333,0.0255941292332936,2.2498589585886566,1.1386880646708275
1024,img_1024.bmp,40.82432432,0.0239570613406382,2.0950275109156,1.2779400412438977
1025,img_1025.bmp,36.2027027,0.0219892958602255,2.086737469419297,1.121077414965587
1026,img_1026.bmp,34.16683198,0.0189557549886505,2.4985139275335064,1.1505900801046984
1027,img_1027.bmp,29.84368181,0.0228745434600212,1.9870602786701976,1.2336530909170604
1028,img_1028.bmp,41.83693712,0.0474944139961592,2.364103468891901,1.2020637055806258
1029,img_1029.bmp,27.89129141,0.056808369555134,2.372009149687037,1.1065044725055708
1030,img_1030.bmp,28.20679012,0.0165704320193066,2.202888387690508,1.192100166832508
1031,img_1031.bmp,27.12191358,0.018777370823431,2.177143070900946,1.19322213384428
1032,img_1032.bmp,40.28871107,0.0387220499074583,2.4845607045015767,1.086095392784463
1033,img_1033.bmp,25.08542388,0.0304288360013762,2.2093411051288308,1.2012657727322822
1034,img_1034.bmp,28.05503046,0.0591953110475423,2.284781911910159,1.1934982256750604
1035,img_1035.bmp,25.84015963,0.0519203614505886,2.48780810939855,1.1785653963368443
1038,img_1038.bmp,45.15376298,0.0215235870203162,2.2618920532106213,1.0702844445806676
1039,img_1039.bmp,25.38948962,0.0228604880691394,2.1848968774366644,1.1841863261718908
1040,img_1040.bmp,29.37235996,0.0308177567850721,2.44326511555088,1.099322315856513
1041,img_1041.bmp,27.43572084,0.0329504977631927,2.503205387475344,1.129390496812577
1042,img_1042.bmp,40.89510227,0.0472295202085175,2.9106181668517683,1.213657200738733
1043,img_1043.bmp,31.00112591,0.0404667142794719,2.064792629214509,1.220475070021142
1044,img_1044.bmp,29.04958678,0.0136883931402316,2.751712985339632,1.1827328902843055
1045,img_1045.bmp,24.53076217,0.0145514194551769,2.554970149172022,1.2208281844464015
1046,img_1046.bmp,38.35052569,0.0181374714251033,2.4204354903856022,1.1843297761196518
1047,img_1047.bmp,35.28248363,0.0154686337067869,2.308586237129043,1.1943369003853648
1048,img_1048.bmp,52.10827547,0.032284823287274,2.1919659059556498,1.273544505746844
1049,img_1049.bmp,41.68662038,0.0414075141718101,2.620630511948535,1.246352001309266
1052,img_1052.bmp,29.2677551,0.0275271474799691,2.7965336470970388,1.15882488097981
1053,img_1053.bmp,22.95510204,0.059967162841705,2.179849889138621,1.2191348307308307
1054,img_1054.bmp,36.80218311,0.0165524471882691,2.6455057619006346,1.1411291183676202
1055,img_1055.bmp,26.62285587,0.0212516764775222,2.1268926471876988,1.2192312608597733
1056,img_1056.bmp,33.05118032,0.0169433877082613,2.0771912366354712,1.223419622716755
1057,img_1057.bmp,31.51715929,0.0212492521374668,2.122568021893361,1.2096194404652418
1058,img_1058.bmp,35.54055556,0.0211265207465583,1.96171986470704,1.385378992754965
1059,img_1059.bmp,32.80666667,0.0199114723747028,2.024948132115817,1.3446586804556393
1060,img_1060.bmp,30.70244898,0.0182300322261744,2.042631113275905,1.21371704957668
1061,img_1061.bmp,24.96367347,0.0243950732092163,2.175298868193192,1.1630771050832327
1063,img_1063.bmp,39.24302222,0.0175751041260779,2.2539102359423597,1.3085199714763174
1064,img_1064.bmp,29.98313827,0.057272140858057,2.289747940217785,1.1916140658841887
1065,img_1065.bmp,24.26542353,0.0678528360409986,2.3126823205907234,1.174532074065557
1066,img_1066.bmp,41.19140625,0.0176402542453964,2.3599208054770253,1.218284694027555
1067,img_1067.bmp,38.61694336,0.0156487063880538,2.3777752546172817,1.1520491178243906
1068,img_1068.bmp,63.90909091,0.0127168586450686,2.4160278519930096,1.1949255538841677
1069,img_1069.bmp,44.70408632,0.0126779575422866,2.1354228771364068,1.300849005199106
1071,img_1071.bmp,23.10810811,0.0116583275296128,2.330970130796002,1.171731509367261
1072,img_1072.bmp,30.68042055,0.0775369800911538,2.5929462835262864,1.2024192138401506
1074,img_1074.bmp,44.18092105,0.0663443797151317,2.534758371127315,1.176805194720538
1075,img_1075.bmp,29.81907895,0.0336416969315565,2.1057003801821,1.2281933536080665
1078,img_1078.bmp,47.12488522,0.0454074227901729,2.4717044674622426,1.1512720798656415
1079,img_1079.bmp,31.63177227,0.047870010016331,2.3100146753762223,1.156894404744071
1080,img_1080.bmp,37.11891644,0.0190066391243105,2.7659779049979907,1.170882897915899
1081,img_1081.bmp,30.66345271,0.0170116918218295,2.0906596793926213,1.2857747581598813
1082,img_1082.bmp,33.08425161,0.0138692385975619,2.004961109909478,1.2888191723830429
1083,img_1083.bmp,26.79017447,0.0183968423579714,2.244770672792718,1.3209927116022264
1084,img_1084.bmp,38.94736842,0.0189994043711342,2.5039517308663024,1.2686746924883492
1085,img_1085.bmp,32.86184211,0.0157362933770547,2.556544132601357,1.2303701806447993
1086,img_1086.bmp,38.11822222,0.0125290851329973,2.492952615393116,1.1482439029983418
1087,img_1087.bmp,27.49511111,0.0125105159343494,2.1775292475895363,1.192927878405448
1088,img_1088.bmp,42.96111111,0.0334531217943456,2.3517853981323924,1.1352643810583125
1089,img_1089.bmp,31.24444444,0.0344957261914678,2.255868257460809,1.1593817378652884
1090,img_1090.bmp,42.87389754,0.0291891203068787,2.781744314351901,1.2139700633361223
1091,img_1091.bmp,36.2779133,0.0304531904072773,2.323121189727036,1.188933812439728
1092,img_1092.bmp,48.86077077,0.0507299577463414,2.697699032726664,1.1883172036750964
1093,img_1093.bmp,30.06816663,0.0603062368605689,2.064982068541087,1.2129331433411006
1094,img_1094.bmp,32.18840308,0.0229242726650568,1.867739846166744,1.121292029360504
1095,img_1095.bmp,28.89041096,0.0210160816040707,1.7386146971335417,1.0584061942126992
1096,img_1096.bmp,39.32677469,0.0489204068276668,2.387315089605855,1.200725647867973
1097,img_1097.bmp,33.22434414,0.0560867599713406,2.3762910011335863,1.182987102108266
1098,img_1098.bmp,24.44293273,0.0087561444893652,2.5750637725867245,1.189451591586691
1100,img_1100.bmp,37.10135135,0.0344807009353061,2.099483445826523,1.254714033071239
1101,img_1101.bmp,25.5472973,0.0289974947160749,1.94680068940664,1.239491132445417
1102,img_1102.bmp,36.01407394,0.0309288521506227,2.093897618865,1.3677574973331494
1103,img_1103.bmp,25.0647401,0.0350773202366497,2.039628673682406,1.2229042193417197
1104,img_1104.bmp,34.40540541,0.0686292714645926,2.412605455339806,1.2068403356863429
1105,img_1105.bmp,28.37162162,0.0667780543475954,2.398377032365956,1.221519152014182
1106,img_1106.bmp,41.53466797,0.036742106544132,2.665346581251685,1.266662391369387
1107,img_1107.bmp,35.01269531,0.0269619264729904,2.331219763750835,1.2768429866782225
1109,img_1109.bmp,23.74577778,0.0213102447640646,2.106977854967504,1.182203126514273
1112,img_1112.bmp,40.72128546,0.0379705830711901,2.1659457427873603,1.2248161292750757
1113,img_1113.bmp,28.17020432,0.037426163361899,2.085424929042157,1.1614283225026896
1114,img_1114.bmp,37.27199822,0.0239605813037304,2.837091396349592,1.228552659437387
1115,img_1115.bmp,32.57384718,0.0234035744678137,2.120995792417642,1.2565100004951837
1116,img_1116.bmp,47.54942768,0.0197732856989573,2.1519137512108943,1.3194546617543388
1117,img_1117.bmp,41.14854318,0.0194420605998315,2.1821213802378203,1.3094108976143006
1118,img_1118.bmp,44.20908358,0.0273629269138606,2.3381007611205336,1.1854148154263502
1119,img_1119.bmp,40.80838484,0.0245713082623069,1.9631272898417589,1.2793373144176616
1120,img_1120.bmp,31.63177227,0.0088858279849106,2.6858312894301117,1.2386993694134043
1122,img_1122.bmp,56.52693878,0.0114441467999976,2.169370240544194,1.1325578655350417
1123,img_1123.bmp,37.01510204,0.0117359214531932,1.9737317479281609,1.1792685973152846
1126,img_1126.bmp,24.40972222,0.0096999948581375,2.376729497746158,1.2370726291153575
1128,img_1128.bmp,40.82432432,0.0235256879574324,2.1044134545983373,1.2973106770591485
1129,img_1129.bmp,33.12162162,0.0251458579453524,1.8582585934148133,1.225385550907011
1130,img_1130.bmp,24.20798898,0.0788978712278979,2.4421409229570887,1.1917354836686789
1131,img_1131.bmp,20.98025712,0.0659692393099211,2.235170678917312,1.2117983283860585
1132,img_1132.bmp,41.53466797,0.0367888814258534,2.701851217221259,1.247901588687238
1133,img_1133.bmp,34.66943359,0.0201506936246761,2.3428019920608296,1.2954022211259877
1134,img_1134.bmp,42.24082679,0.0087211833245107,2.722558102184333,1.1656743620422894
1135,img_1135.bmp,33.79266143,0.0100544462999308,2.599816691415242,1.260609593194836
1136,img_1136.bmp,31.00112591,0.0479309051346782,2.560788798773727,1.2466425498348848
1137,img_1137.bmp,24.14130231,0.0535466555376553,2.268765403788363,1.2129753877019611
1138,img_1138.bmp,34.74765869,0.0205971909288988,2.621533202317716,1.266011772515238
1139,img_1139.bmp,30.17559834,0.0118473456458055,2.2361932808509883,1.220456720148014
1140,img_1140.bmp,46.02063083,0.0586232324861501,2.806659736651181,1.2080033514248736
1141,img_1141.bmp,27.05455267,0.0577195581500486,2.7947367735115938,1.1151200078327397
1143,img_1143.bmp,28.30966078,0.0957980988504379,2.5458603572618994,1.2446428413280397
1144,img_1144.bmp,38.00821799,0.0177672838163797,1.8140942187956373,1.213781718807159
1145,img_1145.bmp,29.79844291,0.017961097402777,1.8059379452589377,1.2364751844067257
1146,img_1146.bmp,31.70673469,0.0359774156252231,2.3370248639298623,1.2359301532482792
1147,img_1147.bmp,29.69816327,0.0323658767008595,2.359615484543897,1.1802831197980306
1149,img_1149.bmp,30.03540039,0.0862498749213578,2.1795277158412216,1.3244456090321848
1150,img_1150.bmp,28.77169625,0.074328431408977,2.7925725663734395,1.180726222051981
1151,img_1151.bmp,23.68754109,0.0385622238407723,2.101287905435548,1.258484717342163
1152,img_1152.bmp,29.03827855,0.0720121293606431,2.4023665727431185,1.222045253173603
1153,img_1153.bmp,25.84558824,0.0666593960467111,2.5006103583449244,1.2106447745029163
1154,img_1154.bmp,41.31918367,0.0234722960974945,2.6751970479355385,1.1736456033266407
1155,img_1155.bmp,34.57612245,0.0288566942338446,2.4913785768354746,1.1911346764389557
1156,img_1156.bmp,40.44237255,0.0137288743277954,2.3925896928958674,1.240563767665505
1157,img_1157.bmp,27.89129141,0.0172589323841405,2.455377686957726,1.2757453111936798
1158,img_1158.bmp,44.19309439,0.0496882637847497,2.53419852461526,1.1473048602171367
1159,img_1159.bmp,39.57590542,0.0463890872077916,2.224120292184061,1.2336014514354328
1160,img_1160.bmp,56.24,0.0466224635680094,2.6563847277754133,1.1597511045195814
1161,img_1161.bmp,32.49422222,0.041714176696749,2.291187302565372,1.169099921187137
1162,img_1162.bmp,37.76446281,0.0322885724396768,2.3945149106778523,1.1502388728255095
1163,img_1163.bmp,32.11593205,0.0323166427180769,2.3885333899645294,1.2129868734021791
1165,img_1165.bmp,23.88521579,0.009063281811494,2.311885626232986,1.251117870468105
1166,img_1166.bmp,26.75778547,0.0316598553297864,2.200867835437905,1.2515033939169615
1167,img_1167.bmp,25.99762111,0.0293425298700084,2.32424643795348,1.212258132430231
1168,img_1168.bmp,28.28639053,0.0409066725831215,2.3310890718991404,1.2220991585583247
1169,img_1169.bmp,19.96686391,0.0323804801670982,2.1668977169029238,1.1771172819823017
1170,img_1170.bmp,33.46954969,0.0564357816187157,2.179374103931747,1.249805516417559
1171,img_1171.bmp,26.49672684,0.0616190730960424,2.411753076296139,1.2368699999468022
1174,img_1174.bmp,40.61777778,0.0421175034469607,2.35661373979362,1.1526818616837615
1175,img_1175.bmp,30.11964444,0.0324954685522384,2.024263430522152,1.1573950331173233
1176,img_1176.bmp,47.82312925,0.0530230874037927,2.616680750567202,1.151170001359825
1178,img_1178.bmp,39.15125863,0.0654963153253687,2.6215969391376843,1.2463329710654565
1179,img_1179.bmp,32.26063711,0.0414858594699869,2.313499007405625,1.2621008851461266
1180,img_1180.bmp,47.46710526,0.0421405159222794,2.472802883037921,1.1360710538722334
1181,img_1181.bmp,41.38157895,0.0519717407836615,2.7104586324589777,1.071967586208073
1182,img_1182.bmp,44.94564491,0.0100733325191653,2.792527133029816,1.1934159704224514
1183,img_1183.bmp,36.80218311,0.0116282873976246,2.3003551196351784,1.1573395491324507
1184,img_1184.bmp,32.8480015,0.0655955897013685,2.5810197243632143,1.2547942993273655
1186,img_1186.bmp,32.28061224,0.0724990678255245,2.3322760672180496,1.249928273364494
1187,img_1187.bmp,21.52040816,0.0588465979645952,2.1606731097722345,1.2625227474423892
1188,img_1188.bmp,23.77471384,0.0362809270887249,2.0961998754564037,1.245854642959938
1190,img_1190.bmp,28.33915614,0.0383027501933877,2.242590501401997,1.2511567021415584
1191,img_1191.bmp,21.15990325,0.037950949115607,2.4964840140550533,1.331858158305964
1192,img_1192.bmp,40.02400317,0.022380510355812,2.680831082016091,1.1323454997678328
1193,img_1193.bmp,29.84368181,0.0245036502721313,2.154553885960081,1.1812674462666066
1194,img_1194.bmp,38.61634948,0.0428960112740296,2.3790282219635133,1.2359349404796742
1196,img_1196.bmp,28.47800926,0.0256844080772217,2.174110566819626,1.1265692168217076
1197,img_1197.bmp,26.44386574,0.0260705584836677,2.1536121920631706,1.1667589403430627
1198,img_1198.bmp,25.10714286,0.0488867353265006,2.021300295763815,1.2236867762727808
1199,img_1199.bmp,22.2377551,0.0479800166114568,1.9433191719937064,1.245557150427185
1200,img_1200.bmp,45.13891602,0.0188183919667454,2.580022566444285,1.14544845076392
1201,img_1201.bmp,41.70629883,0.0184745728949838,2.2692588070931823,1.1812478392190704
1202,img_1202.bmp,31.37770284,0.020029524886393,2.3764364767199013,1.230527220048343
1203,img_1203.bmp,24.40487998,0.0191023087536182,1.8265535610561576,1.235782197793978
1204,img_1204.bmp,42.37527778,0.0447555188533201,2.5027134595541463,1.208299141804039
1205,img_1205.bmp,22.8475,0.0655364646013396,2.2891318747780214,1.1451612903225807
1206,img_1206.bmp,32.99324324,0.0550915248139446,2.251249652970545,1.2158929329633694
1207,img_1207.bmp,26.57432432,0.0595528343499382,2.1024983574238,1.1787741376427383
1208,img_1208.bmp,33.89118457,0.021487668837445,2.580394152099107,1.2400343916806065
1209,img_1209.bmp,21.78719008,0.0224859423217196,2.5804093557881305,1.181285892975262
1210,img_1210.bmp,40.3466483,0.0161385648543471,2.784263910213787,1.1809656033838034
1211,img_1211.bmp,23.88521579,0.0180140844757447,2.4903837638927926,1.2020651144161385
1212,img_1212.bmp,40.10011834,0.0300736473467234,2.89262010914061,1.2133793944475846
1213,img_1213.bmp,35.60757396,0.0212824625476148,2.755395982364635,1.1943933107423714
1216,img_1216.bmp,29.19031142,0.0222347451506259,2.126871351743431,1.2997744797612367
1217,img_1217.bmp,22.95696367,0.020172839792799,1.7121563473579642,1.311903474142474
1218,img_1218.bmp,30.40657439,0.025388822693789,2.551248695838132,1.2598911655689444
1219,img_1219.bmp,25.84558824,0.0201306406410956,2.139208619753238,1.3441816424937498
1220,img_1220.bmp,49.33058588,0.0405149611614669,2.4423076923076925,1.1759259259259258
1221,img_1221.bmp,37.27199822,0.0436407323417679,2.076473879499088,1.2155496598698696
1222,img_1222.bmp,27.75183495,0.0316422819410125,2.475037575757273,1.1765009575665788
1223,img_1223.bmp,23.56814124,0.0210125747079037,2.027121134153407,1.17216803426492
1224,img_1224.bmp,30.51215278,0.0529346551635318,2.4500547271622253,1.2094345256516004
1225,img_1225.bmp,24.81655093,0.0636032180313972,2.611544814887602,1.2631602946424056
1226,img_1226.bmp,35.82018409,0.0581663303955956,2.3582248598884537,1.3050383136138188
1227,img_1227.bmp,25.42077581,0.0587518225806851,2.472608562520213,1.2203647873466836
1228,img_1228.bmp,28.3190918,0.0520304495480024,2.428145467421362,1.1668737858662035
1229,img_1229.bmp,25.57299805,0.039158362346518,2.447382136443756,1.260589799218292
1230,img_1230.bmp,44.58885344,0.0250932279967246,2.3156926463657546,1.1615803700723288
1231,img_1231.bmp,34.82679677,0.0380155420100688,2.323728266375845,1.201059963703902
1232,img_1232.bmp,32.28061224,0.0520820007763945,2.252545000823152,1.2724773988807956
1233,img_1233.bmp,24.82020408,0.05846791992489,2.1347538666967085,1.1972668377895388
1234,img_1234.bmp,33.90239198,0.0615015322966355,2.605336403955884,1.2018941462949575
1235,img_1235.bmp,23.73167438,0.0694139864483894,2.192407992745147,1.2590433924094244
1236,img_1236.bmp,24.36357908,0.024229004216961,2.445254455764426,1.194122743713025
1237,img_1237.bmp,21.41041798,0.025885344719158,2.2129299183501976,1.2466992593139143
1238,img_1238.bmp,28.20679012,0.0144454047925766,2.293848428202314,1.233532519594183
1239,img_1239.bmp,26.44386574,0.0124801202026376,2.1806944368203567,1.260412650670118
1240,img_1240.bmp,41.83693712,0.0551841035458239,2.3658560378485367,1.1428602972677089
1241,img_1241.bmp,25.10216227,0.0571234581449217,2.2263100539809044,1.1433838955806872
1242,img_1242.bmp,38.916307,0.0732350237465442,2.280048396340563,1.141994855126304
1243,img_1243.bmp,31.66072434,0.0770516851578606,2.0,1.1854979567276382
1244,img_1244.bmp,32.94482237,0.0148255582003859,2.455971932482507,1.2168271322482591
1245,img_1245.bmp,30.81934996,0.0156093923167565,2.280089941138124,1.274516308605091
1246,img_1246.bmp,28.18890622,0.0273233312413805,2.132921991816852,1.1736008168618823
1247,img_1247.bmp,24.27378035,0.0298969457996871,2.098638812210015,1.2002357238845451
1248,img_1248.bmp,42.47813849,0.0492517196504777,2.390368339219828,1.177711174315801
1250,img_1250.bmp,36.15428571,0.0151414716211034,2.350798810840242,1.1987564517177471
1251,img_1251.bmp,31.13285714,0.0139012849285671,2.0687441925234062,1.329235852654652
1252,img_1252.bmp,33.46801758,0.03300484157693,2.482885275892935,1.2335581578329944
1253,img_1253.bmp,24.88647461,0.0310789461210617,2.093836417535101,1.2286640649971758
1254,img_1254.bmp,32.09459459,0.0296465496052437,2.6355456583848427,1.190952687026276
1255,img_1255.bmp,21.82432432,0.0374323310911126,2.3496814060691507,1.152557426651515
1256,img_1256.bmp,34.4531076,0.0682955661594504,2.8861612926687363,1.199016982096588
1257,img_1257.bmp,26.62285587,0.0620247762633175,2.718748410639348,1.18468842421367
1258,img_1258.bmp,61.95874023,0.0188864749951703,2.546772425764258,1.1729990042662293
1259,img_1259.bmp,46.51196289,0.0163722504575244,2.004161426154629,1.2428863400061507
1262,img_1262.bmp,39.16714286,0.0723928797904316,2.550076503442672,1.1761540956903134
1263,img_1263.bmp,31.99367347,0.0833660264108514,2.0815378930012303,1.1069504806068955
1264,img_1264.bmp,26.39836735,0.0473122571261509,2.0216356804115505,1.2701619666516348
1265,img_1265.bmp,24.53326531,0.0494196207271847,2.086004576778206,1.2133553018030874
1266,img_1266.bmp,38.92041522,0.0223553308850684,2.384546236610247,1.206772310841851
1267,img_1267.bmp,26.6057526,0.0343793204674779,2.39002810612675,1.2366938848016849
1268,img_1268.bmp,35.89626445,0.0199856663023056,2.553591341906358,1.2147267582698826
1269,img_1269.bmp,24.56060199,0.0209866273670971,2.3537687740751068,1.195877693073219
1270,img_1270.bmp,52.41301775,0.0105431065825107,2.2934791734098883,1.283394814253703
1271,img_1271.bmp,39.93372781,0.0135809859840166,2.1284298771434758,1.3978314690360345
1272,img_1272.bmp,39.9342838,0.0363464606231015,2.6492674688748195,1.1832717594806432
1273,img_1273.bmp,32.10403208,0.0370546102095241,2.2335836539261957,1.1755042293933342
1274,img_1274.bmp,29.98313827,0.0278893669540009,2.3205188411878264,1.217150774398408
1275,img_1275.bmp,26.07835747,0.027900385914269,2.301317022385976,1.2190789646962554
1276,img_1276.bmp,29.95029586,0.0460242312566105,2.2876909734855277,1.1591921030331471
1277,img_1277.bmp,20.79881657,0.0544073284153364,2.364173747299127,1.3103612060910692
1278,img_1278.bmp,39.68057958,0.0434294972561049,2.284631834572612,1.191916716672742
1279,img_1279.bmp,30.25454152,0.0463655386597759,2.0196951088386914,1.188293533808608
1280,img_1280.bmp,48.81944444,0.0301034576401145,2.503614231327129,1.2143791660913552
1281,img_1281.bmp,38.07916667,0.0153411694569202,2.255439708520889,1.2180903907320206
1282,img_1282.bmp,39.53971534,0.0350025720027862,2.1994522562791183,1.162363712714659
1283,img_1283.bmp,28.72681359,0.0358710244037108,2.207699722612509,1.2161422938957756
1284,img_1284.bmp,36.31015369,0.0110970342991126,2.690529846446516,1.226232134844498
1286,img_1286.bmp,31.70673469,0.0783766656591322,2.036986761982795,1.169927446663422
1287,img_1287.bmp,25.25061224,0.0593604767327346,2.2088783684052955,1.217656049110315
1288,img_1288.bmp,29.64641003,0.0155472667199833,2.2479640139143577,1.176363137147176
1289,img_1289.bmp,26.30168685,0.0149419120504997,2.243507839125053,1.1526050508753416
1290,img_1290.bmp,36.48788927,0.0392729395272875,2.5625846869474924,1.2299791523145778
1291,img_1291.bmp,25.84558824,0.0461565851688907,2.318585544286537,1.229357862754772
1292,img_1292.bmp,53.89519009,0.0214425071691422,2.8509199931112867,1.1630064001619294
1293,img_1293.bmp,46.51228733,0.0187352379271463,2.4730581998514465,1.1376546047799436
1294,img_1294.bmp,36.2779133,0.0193499076089044,2.437792633761396,1.2252303919064274
1295,img_1295.bmp,24.40514168,0.0202517094152876,2.2732585920511816,1.2481446603663453
1296,img_1296.bmp,45.1882461,0.0426642535910545,2.578733400672242,1.1830538010289748
1297,img_1297.bmp,33.08425161,0.0501013419824053,2.1980931528128598,1.3176574425922989
1298,img_1298.bmp,41.35294118,0.0300990509442546,2.530989285051335,1.168760961882233
1299,img_1299.bmp,30.40657439,0.0249490444052627,2.5363066856764065,1.1297600010154345
1302,img_1302.bmp,44.98916604,0.0225268592151451,2.4166080259488414,1.1949417464566263
1303,img_1303.bmp,28.16250945,0.0414315871674113,1.9063361841655375,1.2188649795622444
1304,img_1304.bmp,38.96699421,0.0752855902734038,2.254437248992456,1.2061412053890912
1305,img_1305.bmp,21.25472411,0.0853551569754656,2.14795219456509,1.3176048247584722
1306,img_1306.bmp,36.60591716,0.0304648631330021,2.627221455534195,1.1285132472681674
1307,img_1307.bmp,29.95029586,0.0702490828372691,2.575121356363618,1.1509101864083604
1308,img_1308.bmp,40.99219467,0.0301030575197793,2.4476375763612186,1.194067002506972
1309,img_1309.bmp,23.07828283,0.0268770331761875,2.32544074261749,1.1974665608200914
1310,img_1310.bmp,36.2779133,0.0352101999927342,2.3480055565459765,1.1948315040054347
1311,img_1311.bmp,27.04353537,0.0366398007715546,1.9723522531243307,1.228621234622843
1312,img_1312.bmp,37.11891644,0.0359739874917051,2.457180467335805,1.157280692004577
1313,img_1313.bmp,26.62878788,0.03102261929507,2.0997270532234684,1.260780412453593
1314,img_1314.bmp,34.43265306,0.0317013904922824,2.498590993519368,1.209439907955007
1315,img_1315.bmp,26.9722449,0.0341047282619236,2.732142857142857,1.186046511627907
1316,img_1316.bmp,33.71530612,0.016599298280761,2.6602450376000566,1.1631368125254058
1317,img_1317.bmp,25.8244898,0.0202577838226862,2.1723197597012054,1.280492454815472
1320,img_1320.bmp,22.86433504,0.0404804339239553,2.0779765385542914,1.2175395389792774
1321,img_1321.bmp,20.35865449,0.0498622757766767,2.22183345670832,1.2595592241670368
1322,img_1322.bmp,47.49108651,0.0493654284574782,2.3867211379626068,1.129231899464845
1323,img_1323.bmp,36.93751173,0.0530261555273217,2.358974358974359,1.135715921913584
1328,img_1328.bmp,40.3466483,0.0321080045207724,2.285481085256023,1.1586600241441127
1330,img_1330.bmp,47.29472043,0.0309088259917349,2.1021893349553458,1.35111517916233
1331,img_1331.bmp,33.67008242,0.0251996233089249,1.864838889722553,1.342300478556936
1332,img_1332.bmp,40.71730898,0.0341865848144007,2.523377265919096,1.1257586216533295
1333,img_1333.bmp,27.71909111,0.0447350731881191,2.1773536016943718,1.1919974782547489
1334,img_1334.bmp,37.30204082,0.0659305103755509,2.450361912916846,1.2908030627072191
1335,img_1335.bmp,31.56326531,0.035688090606683,2.26359298704718,1.1151482896017288
1336,img_1336.bmp,23.67244898,0.0349170570153238,2.391450365896586,1.1769047809064943
1338,img_1338.bmp,30.68042055,0.0277379560645397,2.2403626062531923,1.2372980342684985
1339,img_1339.bmp,23.7075977,0.0307008610445467,2.1021983879746067,1.2307243486873876
1340,img_1340.bmp,43.57438017,0.0688947077115907,2.604418346552233,1.1242295909157372
1341,img_1341.bmp,27.43572084,0.0504312442302094,2.2600094306175107,1.1593932182658766
1342,img_1342.bmp,36.84152179,0.0459888807382963,2.5318421038648404,1.1792315134874694
1343,img_1343.bmp,30.99647266,0.0380439061484009,2.094735720273372,1.3767724934105423
1344,img_1344.bmp,40.05405405,0.058616276930661,2.437353214183511,1.2429418064593514
1345,img_1345.bmp,27.60135135,0.0637248599742653,2.0300365941606717,1.1753696976181964
1346,img_1346.bmp,38.36817778,0.0288558590706549,2.477089592783986,1.1665388313113931
1347,img_1347.bmp,30.3696,0.0283610390821506,2.14155976519259,1.2155842622310171
1348,img_1348.bmp,45.05650194,0.0629122969386623,2.495349657163185,1.1722915926189184
1349,img_1349.bmp,29.64243549,0.0687660650763948,2.3329897744007324,1.18083453619743
1350,img_1350.bmp,30.99647266,0.0358680934601941,2.374705121052229,1.2227477601486711
1351,img_1351.bmp,23.91156463,0.0359180943447553,2.143395281834308,1.2219468547686974
1352,img_1352.bmp,30.68042055,0.0458116060332757,2.064435736720025,1.2362597942713136
1353,img_1353.bmp,23.7075977,0.0525027052797401,1.9813486755887832,1.252123542213942
1354,img_1354.bmp,43.8917794,0.0154328712939015,2.5618382822917187,1.2193488650983664
1355,img_1355.bmp,32.91883455,0.0148393172649902,2.437690531147193,1.2321505879357737
1356,img_1356.bmp,25.4375,0.0237768405026313,2.246487480052678,1.2230333456872808
1357,img_1357.bmp,22.75986842,0.0121196381359211,1.998592656186844,1.3259196115107696
1358,img_1358.bmp,27.97653061,0.013083587875243,2.378518136360449,1.18433976588087
1359,img_1359.bmp,23.52897959,0.0126838457790935,2.1178908558646463,1.3081237129782708
1360,img_1360.bmp,58.23668639,0.0419970647286545,2.790102776319986,1.237989472714383
1361,img_1361.bmp,34.60923077,0.0687566306827755,2.000816160001325,1.2959367479913984
1362,img_1362.bmp,35.23613277,0.0470703786218456,2.615962237297452,1.2512718465358206
1363,img_1363.bmp,25.8398307,0.0391042302649809,2.511658638982206,1.197334145211565
1364,img_1364.bmp,35.50505051,0.0295707519416241,2.5821231976926318,1.252025386151402
1365,img_1365.bmp,26.46740129,0.0267888900975091,2.506360977447497,1.2645088372963815
1366,img_1366.bmp,38.36823346,0.0229402193391858,2.614002566649122,1.1557546322250645
1367,img_1367.bmp,28.97193139,0.0438738333995692,2.350566764375256,1.207415501803493
1368,img_1368.bmp,46.96349862,0.0754786514036259,2.2755542771835944,1.136933528229949
1369,img_1369.bmp,31.47038567,0.0463790046857574,2.717176589814606,1.2470280196594083
1370,img_1370.bmp,37.58520829,0.0324060150801973,2.167139559338389,1.191291114982809
1371,img_1371.bmp,29.75495656,0.0299216568597018,1.972151443315045,1.1939077855579132
1372,img_1372.bmp,32.27731864,0.0184512959884408,2.605296604646388,1.207377850223181
1373,img_1373.bmp,25.82185491,0.0145395592964781,1.9211279912126336,1.2498328896710484
1374,img_1374.bmp,43.00675676,0.0225419804368269,2.307288379637243,1.1896167772228612
1375,img_1375.bmp,28.62837838,0.0298946623125422,2.1475019687726373,1.3399888272294775
1376,img_1376.bmp,48.80975997,0.0741979419738118,2.5540727615384955,1.206022354928149
1377,img_1377.bmp,41.69748066,0.0809351817453176,2.5013885033006056,1.1762199123249495
1378,img_1378.bmp,25.60353798,0.0591422872837309,2.3177448678469053,1.1913843006033518
1379,img_1379.bmp,21.76300728,0.0512910868906588,2.114643073539162,1.308030702384379
1380,img_1380.bmp,25.10216227,0.0269804408520195,2.2047909306543105,1.2199644211067968
1381,img_1381.bmp,22.59194604,0.0293810146538981,2.3163937553822262,1.2707184771578344
1383,img_1383.bmp,31.95454545,0.0613067362188569,2.4562283792920536,1.2864337677435755
1384,img_1384.bmp,32.09459459,0.027000912266865,2.2368360138607466,1.31110312954741
1385,img_1385.bmp,27.47297297,0.0343295337131129,2.1764258012375897,1.2201514838500944
1386,img_1386.bmp,37.23487403,0.0480872806146451,2.2745447278539643,1.1476185214932813
1387,img_1387.bmp,27.75183495,0.0692537977122596,2.23362552130663,1.2064054097768515
1388,img_1388.bmp,51.24828402,0.0278759358472993,2.313379920838763,1.18288887995723
1389,img_1389.bmp,45.25822485,0.0273874639640254,2.140824182383633,1.254712618351721
1390,img_1390.bmp,38.96699421,0.0232653449451627,2.2133805880960127,1.193834730655906
1391,img_1391.bmp,27.45401864,0.0272190251235084,1.9290225395406424,1.2090207375768616
1392,img_1392.bmp,36.54175267,0.0813549613729905,2.142681218134833,1.1525704857660763
1393,img_1393.bmp,33.77143929,0.0764170249618404,2.1711233779060697,1.2079698574346085
1394,img_1394.bmp,31.95454545,0.0419966047600638,2.206421657337612,1.1598160372909905
1395,img_1395.bmp,28.72681359,0.0482634565029945,2.234090225474325,1.235243225371354
1396,img_1396.bmp,28.35034657,0.0602206956692782,2.516956026210472,1.1816641973206083
1397,img_1397.bmp,24.65889519,0.0706025073223991,2.3876484803589078,1.2405128800374756
1398,img_1398.bmp,32.48477211,0.0583251756100384,2.039125495619445,1.2245035090591918
1399,img_1399.bmp,25.84015963,0.0490963621249903,1.9555187168922248,1.178244467788082
1401,img_1401.bmp,22.7314025,0.0741140522680026,2.539205146686097,1.2232744628175465
1402,img_1402.bmp,36.9756739,0.0322554404975604,2.961766166247668,1.2138682767981492
1404,img_1404.bmp,37.346875,0.0317999361987058,2.642729766464347,1.1699839299937953
1405,img_1405.bmp,24.71484375,0.0397464429899232,2.4579552716937423,1.153706372090309
1406,img_1406.bmp,55.90799733,0.0168486555699261,2.2326681255861964,1.2655238188148608
1407,img_1407.bmp,46.51169526,0.0181531382849436,2.0284824797139343,1.2808703526082972
1408,img_1408.bmp,26.62285587,0.0153525936107874,2.088914775630585,1.244497448349757
1409,img_1409.bmp,24.90020049,0.0213457748432804,2.183662821340211,1.2937968830009063
1410,img_1410.bmp,50.02984389,0.0542375983779104,2.70541805862996,1.218420961078638
1411,img_1411.bmp,20.17332415,0.0733656497321381,2.341889076033373,1.2295494013965975
1412,img_1412.bmp,25.98781769,0.0247923142717914,2.2894419606572,1.2336859538253502
1414,img_1414.bmp,39.9342838,0.0163492098544564,2.0308544804564512,1.252529136488404
1416,img_1416.bmp,40.16447368,0.0286074888722149,2.5893428604621573,1.2113361101371642
1417,img_1417.bmp,29.45394737,0.0243342533118383,2.247728074140057,1.2466685020100874
1418,img_1418.bmp,39.31061224,0.0137131026432251,2.167740134766072,1.1093483004768996
1419,img_1419.bmp,32.56755102,0.013732177760421,2.0750625173195614,1.167553709351476
1420,img_1420.bmp,44.62402344,0.0400098697955719,2.859786421811667,1.2393710538563727
1421,img_1421.bmp,32.43823242,0.0474601845839346,2.233428744639515,1.260925569930593
1422,img_1422.bmp,28.05503046,0.0592363031015378,2.257323681726135,1.16135556952172
1423,img_1423.bmp,25.54484352,0.0515972416596971,2.489246947364504,1.0965436297801066
1424,img_1424.bmp,36.2779133,0.0217918903723112,2.334393900048282,1.2070929170630678
1426,img_1426.bmp,36.87163265,0.0529396933728408,2.6112588610680043,1.1604710601206858
1427,img_1427.bmp,32.28061224,0.0335837934764286,1.9935904118889185,1.1563982325193929
1428,img_1428.bmp,30.61585799,0.0167766903050838,2.529220171163626,1.2566038277670264
1429,img_1429.bmp,27.45443787,0.0158648729179506,2.4617333623975166,1.1736115688932172
1430,img_1430.bmp,31.56326531,0.0404256065295756,2.5739734587823238,1.1626416465220373
1431,img_1431.bmp,21.52040816,0.0289178294504646,2.086260769602127,1.3069007134986148
1432,img_1432.bmp,37.5534188,0.0217987696173161,2.151508594059808,1.1871118192272687
1433,img_1433.bmp,22.87869822,0.0211518973487988,1.9790070789862613,1.290904875229183
1434,img_1434.bmp,33.44723183,0.0312768751294464,2.312948739646274,1.221422351919487
1435,img_1435.bmp,28.88624567,0.0188471239208845,2.2193084925712445,1.2452422871619964
1436,img_1436.bmp,36.2779133,0.0372125859502812,2.3985870071872912,1.222435894564045
1437,img_1437.bmp,26.38393695,0.0385351660693177,1.8792485538178212,1.1912825474773654
1438,img_1438.bmp,31.61420118,0.0775467912531605,2.445240274492468,1.13713657261346
1439,img_1439.bmp,25.62414201,0.0812105828432298,2.157738298370324,1.232788936989203
1440,img_1440.bmp,31.00819156,0.0559633193014626,2.3642306409774405,1.1248928609833386
1441,img_1441.bmp,25.10186936,0.0357011845224085,2.0637166176427315,1.1703824627252657
1443,img_1443.bmp,34.60923077,0.0598072866773405,2.241631882091636,1.253110317221923
1445,img_1445.bmp,25.98781769,0.0904346681452598,2.1183060324901937,1.2325581395348837
1446,img_1446.bmp,38.00821799,0.0147235554063922,1.98427986277037,1.2570034967645611
1447,img_1447.bmp,24.62932526,0.0139728005494075,2.260378316037785,1.3061457850024605
1448,img_1448.bmp,41.86755556,0.0231826281834091,2.4092818795769277,1.0883882974966
1449,img_1449.bmp,24.7456,0.0121711205667367,2.2390103836006,1.2413698417167214
1450,img_1450.bmp,32.5462963,0.0572243082590614,2.563425829726917,1.1763902353083553
1451,img_1451.bmp,25.3589892,0.0416668305796814,2.185969931475328,1.3596334324837007
1452,img_1452.bmp,31.79082201,0.0646476067723352,2.2060784226587264,1.1904320490796902
1455,img_1455.bmp,20.31563145,0.064568882137638,2.075413915831916,1.2785099773319395
1456,img_1456.bmp,45.57432432,0.0182168651469831,2.4484735294534814,1.1587981390715656
1457,img_1457.bmp,25.67567568,0.0158309909434012,2.252756287813972,1.2765016616603946
1458,img_1458.bmp,44.75115741,0.0178410759253887,2.7777095368978357,1.225953118713998
1459,img_1459.bmp,33.22434414,0.0193188169512501,2.492032643271478,1.1468119332888425
1460,img_1460.bmp,29.99466667,0.0210750122297697,2.109866592974026,1.291603839588122
1461,img_1461.bmp,28.12,0.02136475752065,2.365016532883382,1.2302452578931935
1462,img_1462.bmp,22.34883218,0.0245813758491815,2.480062804362712,1.210514987372509
1463,img_1463.bmp,19.76427336,0.0282119297817677,2.319271417518093,1.2490973976105222
1464,img_1464.bmp,33.49556327,0.040509948170657,2.200676742003386,1.1879861337509694
1465,img_1465.bmp,28.47800926,0.0349199718169236,2.1922159681186963,1.1161420754066589
1466,img_1466.bmp,32.91883455,0.0274050224240811,2.231674604132771,1.2041170869909923
1467,img_1467.bmp,25.23777315,0.0236177727197477,1.9050197705293788,1.323124833644205
1468,img_1468.bmp,36.3358564,0.0176641596209072,2.0764764836510823,1.2633546073636737
1469,img_1469.bmp,26.90981834,0.0218663749769729,2.0629493882254404,1.3431533470551988
1470,img_1470.bmp,32.25328947,0.0210206546071317,2.638487897273859,1.1573827259491838
1471,img_1471.bmp,26.77631579,0.0185257286044037,2.352256142701099,1.2509074419992294
1474,img_1474.bmp,38.51351351,0.0378206694003485,2.297611018741559,1.1636851646047903
1475,img_1475.bmp,23.62162162,0.066690629775312,2.058773413682294,1.2072096447179954
1476,img_1476.bmp,26.93606594,0.0235505961261304,2.651583887825948,1.2727513233931282
1479,img_1479.bmp,21.41041798,0.0132531749099654,2.339271747294937,1.257320784666966
1480,img_1480.bmp,32.00442248,0.0181767877179441,2.449043977387772,1.2240409770480547
1481,img_1481.bmp,22.49453694,0.0156339568664265,2.601604782966451,1.2906478921929545
1482,img_1482.bmp,28.75849127,0.0558469261045356,2.012323146128485,1.274121383804601
1483,img_1483.bmp,25.19665979,0.0780085227573629,2.008859401060648,1.2494739124786844
1484,img_1484.bmp,27.51794983,0.0609224925354891,2.3431895936121805,1.3266535743674557
1486,img_1486.bmp,40.16447368,0.0268828401056356,2.6293004041373016,1.195603616977508
1487,img_1487.bmp,29.08881579,0.0266631725673734,2.424886561531405,1.213550625889553
1488,img_1488.bmp,25.93890101,0.0607268526375102,2.555072908142333,1.2143660874187088
1489,img_1489.bmp,24.26542353,0.0571859295281044,2.555334552501072,1.2223067996609458
1490,img_1490.bmp,36.17622348,0.0502097631056399,2.3052328213557387,1.2498265107053816
1491,img_1491.bmp,17.7189666,0.0483013175636034,2.1395604298292783,1.3062724206454397
1492,img_1492.bmp,39.86248852,0.0501228626474602,2.713779712184516,1.168743199192232
1495,img_1495.bmp,29.1183432,0.0531863128441807,2.420263534182019,1.259113121867347
1496,img_1496.bmp,31.74648183,0.0393051328058576,2.7069514600185483,1.1698931007405993
1497,img_1497.bmp,27.46439824,0.0342074628260701,2.4648361783895933,1.1646573466983794
1498,img_1498.bmp,34.30922068,0.0550183911537932,2.412865062165553,1.175015399307915
1500,img_1500.bmp,29.53161101,0.0734598074674797,2.409055893053955,1.206671872186425
1501,img_1501.bmp,24.36357908,0.0703578683454862,2.0605512756621778,1.2815223381563643
1502,img_1502.bmp,39.15540541,0.0275974458328286,2.5260101372392616,1.1843635593212396
1503,img_1503.bmp,34.91891892,0.0293781865913234,2.4731973732222787,1.148816161625677
1504,img_1504.bmp,51.64370983,0.0355063153107189,2.3657314054796936,1.224342061029965
1505,img_1505.bmp,35.50505051,0.0299574335714054,2.095645668816837,1.1714311466656675
1506,img_1506.bmp,36.47337006,0.0244770252077474,2.314906342737284,1.2099898073710196
1507,img_1507.bmp,30.01790634,0.0291870187582792,2.6692636873061817,1.2184421640724448
1508,img_1508.bmp,36.25867883,0.0315820441029693,2.3153608703196595,1.2404908100529173
1509,img_1509.bmp,27.89129141,0.0391632479853475,2.025057767991288,1.2647743390965078
1510,img_1510.bmp,34.02027027,0.0302507137464767,2.221755819298324,1.1335551665466557
1511,img_1511.bmp,26.31756757,0.0296660962409263,1.9872273429699872,1.108443223558652
1512,img_1512.bmp,25.21341056,0.0278059347872301,2.2597997544526685,1.2298820588212096
1513,img_1513.bmp,21.92470483,0.0293493703997169,2.2931260249476333,1.190527552487712
1514,img_1514.bmp,27.11767578,0.0148386097933019,2.572188871374934,1.2452892469667045
1515,img_1515.bmp,23.68505859,0.0157837443031626,2.3215165621202423,1.2321405781050403
1516,img_1516.bmp,25.72433853,0.0184777773613789,2.1056371637033147,1.1988774603333907
1517,img_1517.bmp,23.08594483,0.0186083194583908,2.209382060582997,1.163159006888406
1518,img_1518.bmp,32.68190586,0.0126085029131058,2.4809647226806666,1.0827162726479884
1520,img_1520.bmp,25.84015963,0.0640129471094041,2.392615966246906,1.2133570348902452
1521,img_1521.bmp,24.36357908,0.078109593109298,2.9587148578772577,1.2129059895957788
1522,img_1522.bmp,34.14571429,0.0162351463603286,2.224768093318266,1.247238975881091
1523,img_1523.bmp,26.25489796,0.0154294505650643,2.201638827183072,1.3001108525701597
1526,img_1526.bmp,44.70408632,0.0941805434241252,2.2107531846696964,1.241539414736075
1528,img_1528.bmp,40.28871107,0.0420883441386369,2.37457611241795,1.1983874985517344
1529,img_1529.bmp,26.6057526,0.0583953197275598,2.0402186088114496,1.2877861002193325
1530,img_1530.bmp,36.91451376,0.0490931930299415,2.3835339169313183,1.2156748965324218
1532,img_1532.bmp,33.96135266,0.0166145749178676,2.046197787831222,1.202781294637703
1533,img_1533.bmp,24.51123714,0.0166946935241836,2.0535654538710624,1.2000071561257928
1534,img_1534.bmp,39.15125863,0.0517072662847536,2.3675737381136424,1.1376413183032534
1535,img_1535.bmp,34.76631767,0.0512482177752257,2.1115276987995983,1.2030938530205273
1536,img_1536.bmp,38.46431661,0.0284044237147444,2.686242941816217,1.1450417133504065
1537,img_1537.bmp,27.6699827,0.0378719583346163,2.2241379310344827,1.194239688388351
1538,img_1538.bmp,34.4531076,0.0568237777157875,2.372124098843827,1.2935254891676005
1539,img_1539.bmp,23.33415014,0.043674406518603,2.1808904879979085,1.269902880036749
1540,img_1540.bmp,39.99288889,0.0340128129589732,2.637595374781704,1.1590824055931157
1541,img_1541.bmp,27.49511111,0.0328274401231502,2.296928145643655,1.1221306751303628
1542,img_1542.bmp,43.57438017,0.0192343278048488,2.655845093516754,1.1597246745223715
1543,img_1543.bmp,27.43572084,0.0316112566317151,2.384382853099765,1.1832307310907262
1544,img_1544.bmp,37.93041992,0.0128587223262537,2.3763428112719462,1.2056462495127844
1545,img_1545.bmp,30.72192383,0.0154845633110426,2.1692711560220785,1.299725817838013
1546,img_1546.bmp,32.5462963,0.0121747349493974,2.086656583532695,1.3602569346891764
1547,img_1547.bmp,23.73167438,0.0104805574917537,1.946159765174148,1.347003487156616
1548,img_1548.bmp,38.64872685,0.0361765852676896,2.4792342888054715,1.183628467379941
1549,img_1549.bmp,33.22434414,0.0349057854193251,2.341687879177978,1.1775957111656432
1550,img_1550.bmp,42.90771484,0.0199080600592672,2.314867583094372,1.3381552277519122
1551,img_1551.bmp,27.4609375,0.0217759796343731,2.206242453765295,1.31589726173639
1552,img_1552.bmp,28.18890622,0.0144419847393187,2.1307578622270253,1.1645318564365716
1553,img_1553.bmp,23.49075518,0.0122402890355358,1.9449904071601627,1.3705671998461864
1554,img_1554.bmp,28.05503046,0.0233145133653158,2.033987709473331,1.2538433620916387
1555,img_1555.bmp,19.93383743,0.0137912548565323,1.9263005444241952,1.2490136612101628
1556,img_1556.bmp,37.87162162,0.084744817729521,2.33725015810456,1.2366708059112217
1559,img_1559.bmp,28.3190918,0.0134890104461198,1.8624355039859195,1.346663343094897
1560,img_1560.bmp,34.11005917,0.0611333809038509,2.010088438714417,1.375141893924549
1561,img_1561.bmp,29.1183432,0.0178984122637695,2.2698984612511293,1.1701353305351436
1562,img_1562.bmp,32.60986328,0.0605049108534271,2.47721322575463,1.203041092109953
1563,img_1563.bmp,24.88647461,0.0746431029797255,2.133189969285681,1.206205859832908
1564,img_1564.bmp,40.23413111,0.0195963331679428,1.9912291786752296,1.1187914259959502
1565,img_1565.bmp,32.00442248,0.0187539481655019,1.8705195645774075,1.2633251875984546
1566,img_1566.bmp,40.84814453,0.0398591820806882,2.43374938093324,1.21687469046662
1567,img_1567.bmp,30.03540039,0.0461405213799603,2.334625062692272,1.2329662327412247
1568,img_1568.bmp,32.07893599,0.0213185576658206,2.3450022771514973,1.1735625780084638
1569,img_1569.bmp,20.52443772,0.0423426206747676,2.171811488210927,1.2416528785658798
1572,img_1572.bmp,38.61634948,0.0319753260862601,2.585639687082278,1.1829628051363688
1573,img_1573.bmp,29.49437716,0.037869409275694,2.5813190339508107,1.2814132939187357
1574,img_1574.bmp,31.92690311,0.066945414218916,2.488553677999336,1.2253889962997508
1575,img_1575.bmp,26.30168685,0.0380641814018972,2.309377219186131,1.2322337440599491
1576,img_1576.bmp,31.62283737,0.014523264462979,2.548486378167236,1.2028120205405153
1577,img_1577.bmp,24.02119377,0.0160065008621102,2.3390827804483547,1.3305114414368444
1578,img_1578.bmp,39.68057958,0.0300652822297375,2.218362348654704,1.1743487208242869
1579,img_1579.bmp,29.03827855,0.031973868319983,2.074874778983129,1.2120910951776065
1580,img_1580.bmp,30.68042055,0.0233027940060001,1.978357654958225,1.2230137134430688
1581,img_1581.bmp,23.7075977,0.0181074348396687,1.9800679039017903,1.2616400342488918
1582,img_1582.bmp,34.2764497,0.0441364526978097,2.5844650238413864,1.2052963299070372
1583,img_1583.bmp,27.6208284,0.0556528229527282,2.4316946120208818,1.244210748230318
1584,img_1584.bmp,33.51837849,0.0290549264763005,2.1419922174851944,1.2065538491369177
1585,img_1585.bmp,24.65889519,0.0323655558946644,2.043098175083614,1.201945084619774
1586,img_1586.bmp,69.72822853,0.0227212930966386,1.8901503317161223,1.2707352503170606
1587,img_1587.bmp,56.20095219,0.0275768570954863,2.4796918988668923,1.2233054750074095
1588,img_1588.bmp,33.99395556,0.0172045537194002,2.4886831694658964,1.1538018666591028
1589,img_1589.bmp,26.9952,0.0182965251566572,2.190372961631913,1.2420132459629627
1590,img_1590.bmp,26.77631579,0.0357926532785896,2.520124480508904,1.2491477953213397
1591,img_1591.bmp,19.47368421,0.0344212507936405,1.8464868029621857,1.1481540908861751
1592,img_1592.bmp,32.38300173,0.0180586977364012,2.7315469809931883,1.305723265696033
1593,img_1593.bmp,22.50086505,0.0230375911218577,2.4083189157584592,1.3171300090249851
1594,img_1594.bmp,49.32501265,0.0261492218056494,2.5204603647511354,1.137322262674246
1595,img_1595.bmp,33.9109462,0.0225095291043466,2.076289049371248,1.217154475024749
1596,img_1596.bmp,33.37837838,0.0162718240609639,2.315057535961299,1.1999580170131614
1597,img_1597.bmp,25.93243243,0.0277903726813444,2.2857828630723054,1.2329729890804697
1598,img_1598.bmp,31.85020408,0.0559719299222413,2.500553955247216,1.2502769776236078
1599,img_1599.bmp,25.53755102,0.0602512539205436,2.1511720023295577,1.1999625920850996
1600,img_1600.bmp,31.61420118,0.0549062657303245,2.5607096095208703,1.1848401385191818
1601,img_1601.bmp,21.63076923,0.0524330332246172,2.470624171081731,1.2360425763839074
1602,img_1602.bmp,27.43236212,0.0450556877976677,2.4616720049245107,1.1971527855350743
1603,img_1603.bmp,22.12877211,0.0236691014430508,2.3286638141293965,1.309896535245624
1604,img_1604.bmp,28.79332073,0.0307016259529996,1.8641975308641976,1.1983749572912878
1605,img_1605.bmp,27.16908213,0.0319834798235999,2.1124665382082584,1.1904386992959812
1606,img_1606.bmp,41.60612245,0.0377268231221939,2.584974520498589,1.2340668103854542
1607,img_1607.bmp,33.71530612,0.0352690475259232,2.2335882783976557,1.208069112252658
1608,img_1608.bmp,36.33108108,0.0246981542690973,2.545012391482246,1.2651015101396563
1609,img_1609.bmp,26.95945946,0.0238528305742037,2.332667891474665,1.34456868660627
1610,img_1610.bmp,29.28672626,0.034816282385186,2.1611426007136383,1.2225268704605958
1611,img_1611.bmp,25.84820374,0.0202783520290997,2.1831490830913545,1.27426136222597
1614,img_1614.bmp,40.17142857,0.0254824736839722,2.336851169424832,1.2374197453766849
1615,img_1615.bmp,27.25918367,0.0654498201534318,2.6678787823193253,1.190428446609871
1616,img_1616.bmp,33.29638672,0.0315590087914387,2.203027504191211,1.1635580946886053
1617,img_1617.bmp,24.54321289,0.0193670188480082,2.056693396380425,1.3600560722007329
1620,img_1620.bmp,39.50260146,0.0163583094115609,2.3869679476964643,1.2044023890222395
1621,img_1621.bmp,36.210718,0.0175324101352582,2.043234086331545,1.2232342510385503
1622,img_1622.bmp,35.47918835,0.0641786164995245,3.117992761825077,1.2076307232165764
1623,img_1623.bmp,33.28459938,0.044741884515627,2.736088062291743,1.1990090157019522
1624,img_1624.bmp,37.24805363,0.0178705415391736,2.0339007194925065,1.4040627798694731
1626,img_1626.bmp,28.24265381,0.0324334588937328,2.44518197444404,1.2456664956366472
1627,img_1627.bmp,21.94857668,0.0383419326112619,2.3116308013014994,1.2724664963982188
1628,img_1628.bmp,37.35748792,0.0322666939256982,2.7942560491803974,1.19034570943603
1629,img_1629.bmp,25.24952741,0.044038610371524,2.0576218868347738,1.2675240236673766
1630,img_1630.bmp,30.49457778,0.0260011542993965,2.522545256668953,1.216843032943378
1631,img_1631.bmp,25.62044444,0.0420060688335913,1.9868183105418091,1.298215933461345
1632,img_1632.bmp,32.57384718,0.0150407873119343,2.169439371377078,1.2667959865922638
1633,img_1633.bmp,26.93606594,0.0130918131030538,2.1476992275761937,1.2815416769414905
1634,img_1634.bmp,38.77027027,0.0512346960435345,2.26337372868398,1.1669954811560643
1636,img_1636.bmp,51.97635579,0.0209483891031391,2.37876787126568,1.1847188353618805
1637,img_1637.bmp,36.67367236,0.0217795626335701,2.115159298510408,1.1924453269014017
1638,img_1638.bmp,30.84591837,0.0234025610817251,2.1305867736377224,1.2819981236310305
1639,img_1639.bmp,27.97653061,0.0226973302126397,2.561128612958209,1.2823732269426904
1640,img_1640.bmp,40.60596513,0.0653472920755246,2.374663005616566,1.1866081816916192
1641,img_1641.bmp,24.36357908,0.0712663239300011,2.1696352396591303,1.285456051475107
1642,img_1642.bmp,44.07310957,0.0125116436060419,2.242630186700052,1.2494012248883726
1643,img_1643.bmp,26.44386574,0.0110677869910883,1.8123123823792509,1.3327826666207454
1644,img_1644.bmp,41.19140625,0.0233567586218279,2.0474621220415528,1.184867808631498
1645,img_1645.bmp,28.83398438,0.0182660833631019,2.0396040200342025,1.304022008809273
1646,img_1646.bmp,41.19140625,0.0118770449267048,1.7068663531861827,1.1959498468273837
1647,img_1647.bmp,28.83398438,0.0140052473506851,1.784379486623925,1.3705120624860894
1648,img_1648.bmp,59.68736362,0.0547021213879711,3.194471164011207,1.21578308305687
1649,img_1649.bmp,47.97302123,0.0583145085421978,3.0,1.1928223129029012
1650,img_1650.bmp,22.95510204,0.0218452579554951,2.323032136218528,1.2388139272403018
1651,img_1651.bmp,22.66816327,0.0263611969301924,2.000693406877307,1.233435713438532
1652,img_1652.bmp,37.69945988,0.0180163419424455,2.1128021880832657,1.2106991627035124
1653,img_1653.bmp,32.5462963,0.0127565394814967,1.9216627121826253,1.2160907623907025
1654,img_1654.bmp,44.75115741,0.0304552775113404,2.650205361233856,1.1863993317609447
1655,img_1655.bmp,27.12191358,0.0687162328114777,2.3297714590805665,1.2502968768596665
1656,img_1656.bmp,39.93372781,0.0529347959113929,3.087668640262146,1.1460477062687726
1657,img_1657.bmp,29.78390533,0.0481577776099023,2.820809906608892,1.2143022168470097
1658,img_1658.bmp,37.24805363,0.0366790304122201,2.183720213449741,1.1913779598846743
1659,img_1659.bmp,29.64641003,0.0383253573601301,2.0508474576271185,1.22122581139953
1660,img_1660.bmp,31.45577523,0.0360799509088904,2.7600724628168734,1.2414635276719874
1661,img_1661.bmp,28.52965661,0.0402874311612512,2.611023596037948,1.2885686052706244
1662,img_1662.bmp,33.14316609,0.0602308333002306,2.194145690135719,1.2317056958852255
1663,img_1663.bmp,24.02119377,0.0594712540759354,2.004569942305524,1.2057245030292008
1664,img_1664.bmp,47.25057761,0.0571494919748488,2.677116922605555,1.212656600707268
1665,img_1665.bmp,31.00819156,0.0381646387966389,2.0203824367573726,1.191097490493978
1666,img_1666.bmp,32.76147842,0.0288287824430709,2.4290102991191964,1.124888818316203
1667,img_1667.bmp,27.27433425,0.0436333895222045,2.10181457818543,1.1989481322652624
1668,img_1668.bmp,33.14142857,0.0880365316145693,2.1518961253523763,1.2503326319375676
1669,img_1669.bmp,27.83306122,0.0754369114209294,2.130703257860417,1.225514381311022
1670,img_1670.bmp,26.95156107,0.0431573275614793,2.4566622294440146,1.293016018648546
1671,img_1671.bmp,23.07828283,0.041876179705996,2.2589737554353446,1.277868528792619
1672,img_1672.bmp,54.12370242,0.0479621144759099,2.296347617399414,1.2378734159398228
1673,img_1673.bmp,35.87975779,0.0438585665085534,2.255512412854668,1.1992055964101505
1675,img_1675.bmp,28.54059829,0.0581835920166683,2.3102197023083213,1.1558125440212337
1676,img_1676.bmp,32.35389804,0.0543956960986016,2.407301125036735,1.1389986351558656
1678,img_1678.bmp,36.95596112,0.054737854807793,2.416992952948284,1.2229415345615915
1679,img_1679.bmp,28.5885737,0.0518334768452529,2.744117243368208,1.1713991552733125
1680,img_1680.bmp,33.89118457,0.0103933202547224,2.2089616073090186,1.2218023528017523
1681,img_1681.bmp,24.20798898,0.0107398589720452,1.7790928493460818,1.2597861432885509
1682,img_1682.bmp,35.28248363,0.0149510540845818,2.32836900916959,1.251983143326095
1683,img_1683.bmp,26.07835747,0.0196261655164658,2.1847084818312457,1.271199500399104
1684,img_1684.bmp,48.72715816,0.0653638282850416,2.549509756796392,1.1413845904452296
1685,img_1685.bmp,39.86767486,0.0612251363012425,2.0810230499219777,1.2226344388350294
1686,img_1686.bmp,42.06295525,0.0457314387862307,2.634597973929908,1.221113512685295
1687,img_1687.bmp,36.39360042,0.0487918022639084,2.5989909769679187,1.2373617940096069
1688,img_1688.bmp,42.36486486,0.0125341613587046,2.0693156983298917,1.2406588974585209
1690,img_1690.bmp,36.95596112,0.03714541530325,2.329443142384488,1.1754035102311435
1692,img_1692.bmp,28.05503046,0.0306841559642979,2.3344582759462646,1.2290273543578252
1693,img_1693.bmp,24.9542113,0.0239826001873512,2.222301273639484,1.202247795599379
1694,img_1694.bmp,31.75170898,0.0314566954341722,2.6654656820813973,1.1277450949047512
1695,img_1695.bmp,27.4609375,0.0241804368583899,2.491213338219721,1.196308777957758
1696,img_1696.bmp,40.86074192,0.056046066140691,2.45945945945946,1.1969540350145933
1697,img_1697.bmp,32.49335449,0.0787576697246373,2.6741416167300307,1.2194023736077977
1698,img_1698.bmp,31.78059172,0.0223021988698193,1.9942388934239907,1.266067661741247
1699,img_1699.bmp,27.28804734,0.0280187403345632,1.747503940901706,1.297258197305039
1700,img_1700.bmp,33.22306238,0.0229477016581824,2.747648409294811,1.2127830639405364
1701,img_1701.bmp,29.2362949,0.0342214566551209,2.5623921750068988,1.2584271954148143
1702,img_1702.bmp,26.57844991,0.0177639238075672,2.1004812336171543,1.3220150784677942
1703,img_1703.bmp,23.18231464,0.0167631768601792,2.1699211019770206,1.2864196930224778
1705,img_1705.bmp,22.43273646,0.0098976067052187,1.9711248152157357,1.3085743007047856
1706,img_1706.bmp,44.70408632,0.0218239386825036,2.342912261512125,1.2503400844723287
1707,img_1707.bmp,30.17929293,0.0221261120764814,2.255905096082268,1.2086281928467788
1708,img_1708.bmp,28.60197368,0.0435949490555952,2.1821832389591567,1.2205750822705812
1709,img_1709.bmp,24.34210526,0.0405611363090352,1.9465393924199168,1.1898886175012302
1710,img_1710.bmp,35.72772491,0.0333031330339727,2.645863530915385,1.1716012432276934
1711,img_1711.bmp,33.14316609,0.0428103438763305,2.631250010518852,1.2226404077028046
1712,img_1712.bmp,31.70945946,0.0326400150481704,2.294991901862532,1.259592385626055
1713,img_1713.bmp,24.64864865,0.0277027006972485,2.125224073131604,1.1317107540220823
1714,img_1714.bmp,50.97436523,0.0167252977596068,2.764443558483948,1.1143587109300206
1715,img_1715.bmp,38.4453125,0.0195972819471116,2.2473345819280026,1.2310607940103728
1716,img_1716.bmp,31.88208617,0.0482687136998578,2.368656960112012,1.345414231307937
1717,img_1717.bmp,26.56840514,0.0552451575154516,2.259520607663353,1.199589720199986
1722,img_1722.bmp,36.91451376,0.036551739477143,2.770386855216492,1.1871564516806394
1723,img_1723.bmp,29.53161101,0.044814645825585,2.464559606512704,1.1519530149710933
1724,img_1724.bmp,31.4527027,0.0139578877853046,2.4942100334549067,1.2337331663531073
1725,img_1725.bmp,25.03378378,0.0106589203293514,1.78978411321139,1.296409285558234
1726,img_1726.bmp,29.41122449,0.0175773723679228,2.4272074073105494,1.241925355108338
1727,img_1727.bmp,23.3855102,0.0336167219671122,2.3963765750931496,1.264212863827599
1728,img_1728.bmp,31.88208617,0.0189047437132186,2.2205921708314067,1.254613899775283
1729,img_1729.bmp,26.56840514,0.0209115995065504,2.344174644787551,1.192266610890749
1730,img_1730.bmp,43.04081633,0.0130513364611361,2.292961228607387,1.1345475682853277
1731,img_1731.bmp,39.45408163,0.0159149021641545,2.301705053617025,1.1616615885219814
1732,img_1732.bmp,49.29276316,0.0309397083553094,2.473595974042963,1.1382024713849663
1733,img_1733.bmp,26.04605263,0.0352414242168643,2.6796319075027317,1.316064642709791
1734,img_1734.bmp,33.46954969,0.037724045117854,2.354595007014757,1.1186958262618467
1735,img_1735.bmp,29.28585598,0.0408345850845184,2.3180120958761954,1.2083347544074885
1736,img_1736.bmp,29.17724609,0.0457978963447214,2.659781455647459,1.2433936394999994
1737,img_1737.bmp,25.74462891,0.0466348012843099,2.4963512095097977,1.2798588332260037
1738,img_1738.bmp,43.84940967,0.0149349082876299,2.3900455938353864,1.1634488319555576
1739,img_1739.bmp,32.88705725,0.0146701456195306,2.074847321513697,1.29362800515559
1740,img_1740.bmp,30.68042055,0.0293955859030785,2.3477719640162555,1.2406419302320395
1741,img_1741.bmp,24.40487998,0.017318223343074,1.8491759325686965,1.2241384898293248
1742,img_1742.bmp,33.90239198,0.0627794314869005,2.338844224759808,1.1783789745096915
1743,img_1743.bmp,30.51215278,0.0614914773457381,2.296337693146843,1.240872558275971
1744,img_1744.bmp,34.16683198,0.0147196368161929,2.2798366221174446,1.2228649678973784
1745,img_1745.bmp,25.79944455,0.0110747947152202,2.076512040895299,1.3215334578470068
1746,img_1746.bmp,27.6208284,0.0437206054523984,2.4588153658356497,1.2927767743313168
1748,img_1748.bmp,52.33552632,0.0249790204183572,3.245806206032308,1.2092868866331732
1749,img_1749.bmp,43.69407895,0.0214073399838323,2.270387809444733,1.194668043984484
1750,img_1750.bmp,32.5462963,0.0697682186207836,2.4052787476004807,1.2622319305635243
1751,img_1751.bmp,27.79996142,0.0695814607298788,2.2056493123089376,1.2663232477645232
1752,img_1752.bmp,32.27731864,0.0675030098469654,2.543914815923201,1.2504380804700543
1753,img_1753.bmp,26.62878788,0.063689846994878,2.538374348758166,1.23181066440966
1754,img_1754.bmp,44.14975845,0.0146525582326705,2.2347489119213275,1.1649188127845558
1755,img_1755.bmp,35.43793321,0.0148851041217223,2.225354593123105,1.2291539927918838
1756,img_1756.bmp,35.82782369,0.01461454807182,2.07497958424875,1.2755437812923964
1757,img_1757.bmp,34.05257117,0.0162758979336999,2.056287039735523,1.2749997663507515
1758,img_1758.bmp,28.81532635,0.0161166039870962,2.288093570411628,1.2000404742229909
1759,img_1759.bmp,26.62285587,0.0185440249911682,2.295055644315421,1.263987883505932
1760,img_1760.bmp,30.12857143,0.0476798893635166,2.283347370348019,1.2192314092729888
1761,img_1761.bmp,25.68102041,0.0561614992662327,2.3612745041503787,1.249546157887512
1762,img_1762.bmp,33.90239198,0.0200730271020917,2.647074670337961,1.2438432450375374
1763,img_1763.bmp,23.05362654,0.024614630250012,2.6249024889039188,1.2601686365253693
1764,img_1764.bmp,39.57590542,0.0387588502657967,2.3931575512561016,1.186506670328585
1765,img_1765.bmp,29.02233064,0.038208021044426,2.244002949127169,1.1783842132279707
1767,img_1767.bmp,18.45725688,0.0438633904601243,2.5539038431042336,1.2641661953812644
1768,img_1768.bmp,36.32388154,0.0153590159576092,2.2799274784366923,1.1869465350284178
1769,img_1769.bmp,24.9542113,0.0109201008311149,2.318702128787524,1.1396562827622234
1770,img_1770.bmp,35.86734694,0.0344304864872735,1.984695504982088,1.2186489698594636
1771,img_1771.bmp,30.12857143,0.0424206034784757,2.0751767109099144,1.3225232732597825
1772,img_1772.bmp,29.1560571,0.0429846622530032,2.1527871580595974,1.2558280990911344
1773,img_1773.bmp,25.08777006,0.0395630488868694,2.017267302463743,1.221024855468575
1774,img_1774.bmp,46.49342105,0.0597760469883519,2.4167009922633844,1.197041220111493
1775,img_1775.bmp,32.00986842,0.0572351602505663,2.053898643028409,1.1191939759082616
1776,img_1776.bmp,41.04887543,0.0187075470040204,2.0901476137946977,1.1855054326538066
1777,img_1777.bmp,25.84558824,0.018503519958488,1.9246128031512848,1.2723552461159564
1778,img_1778.bmp,38.39109431,0.0146592593484514,2.0991614232466524,1.1552293060196153
1779,img_1779.bmp,34.69964293,0.0150096644703096,2.222003532894677,1.2259487319850924
1780,img_1780.bmp,39.92567568,0.0460393092552345,3.006004919119477,1.1532508196175526
1781,img_1781.bmp,23.75,0.0330614351472584,2.3509280392468805,1.204147034949004
1782,img_1782.bmp,24.40487998,0.0910042450972126,2.334653418773023,1.244999856498435
1783,img_1783.bmp,20.22118627,0.0682913045390781,2.145119072727077,1.3176937452160815
1784,img_1784.bmp,41.53466797,0.0366202299910204,2.571001024056057,1.284386812660455
1785,img_1785.bmp,36.21411133,0.0710701708736632,2.367273178339365,1.2485068004497335
1786,img_1786.bmp,39.04822668,0.0221841204981882,2.369562916933727,1.1957245244054355
1787,img_1787.bmp,32.45224245,0.0280940367191728,2.385855756810896,1.1519196463459915
1788,img_1788.bmp,27.89129141,0.0152549335106624,2.701400816554518,1.1972509489366978
1789,img_1789.bmp,21.61575084,0.0138976904661761,2.430404343236221,1.20028511532411
1790,img_1790.bmp,32.77226741,0.0501693815617999,2.3161908134678937,1.2567719896228642
1791,img_1791.bmp,25.6599881,0.0529384753775554,2.280494155829224,1.2218308164758558
1792,img_1792.bmp,35.56139655,0.0697725542733741,2.369103756320752,1.1793278091388082
1793,img_1793.bmp,25.79944455,0.0673959626960395,2.341056331462725,1.2050152927121311
1794,img_1794.bmp,30.26990128,0.0148781847273081,2.259176091176043,1.175457780958444
1795,img_1795.bmp,26.2831338,0.0155079642910948,2.309393607790808,1.2638936483623682
1796,img_1796.bmp,30.84591837,0.0128662793876972,2.028900775337321,1.2312276194491842
1797,img_1797.bmp,24.82020408,0.0151983041040675,1.9929989823931733,1.237814865688367
1798,img_1798.bmp,43.57438017,0.0249442616795633,2.7790842801462112,1.1874447843379017
1799,img_1799.bmp,27.27433425,0.0329256938331355,2.6230062104181684,1.231562685451579
1800,img_1800.bmp,50.48323745,0.0594465849888819,2.9395501364309755,1.1967739487149105
1801,img_1801.bmp,36.39813529,0.0496576771836716,2.3265898386869406,1.2063913962146913
1802,img_1802.bmp,38.74311111,0.0404404610403082,2.1466763095730554,1.1958762886597938
1803,img_1803.bmp,32.49422222,0.0372991006798685,2.5256176190819124,1.17288691561214
1804,img_1804.bmp,43.8917794,0.069802291901012,3.0431542833867806,1.1999611039981746
1805,img_1805.bmp,21.9458897,0.0557193536378457,2.432582577948605,1.1842836234749785
1806,img_1806.bmp,37.22972973,0.0359276285485286,2.4077408645582383,1.1819653152932943
1807,img_1807.bmp,29.52702703,0.0320286206423128,2.359840599754568,1.2557940935160248
1808,img_1808.bmp,44.38131313,0.0569326117950854,2.480322559668399,1.2495684534258034
1809,img_1809.bmp,32.27731864,0.0573080854964614,2.244960298823794,1.2082770408003265
1810,img_1810.bmp,34.11005917,0.0214793155194967,2.321538941735952,1.3531242112432251
1811,img_1811.bmp,27.45443787,0.0229167450548768,2.2545881500952847,1.3496318542731274
1812,img_1812.bmp,35.66531636,0.046402724611982,2.0373156411891755,1.231631719819379
1813,img_1813.bmp,25.90142747,0.0505507209294725,2.0719758445085112,1.1759862901264522
1814,img_1814.bmp,29.98313827,0.0321357176960973,2.2782935141152367,1.215500968920144
1815,img_1815.bmp,24.40487998,0.0410276547199656,2.11023632447476,1.1753751311304232
1816,img_1816.bmp,36.61458333,0.0153899851163533,2.551919974717063,1.190050404792015
1817,img_1817.bmp,26.44386574,0.0182297617158983,2.623166260651762,1.347082199143714
1820,img_1820.bmp,38.78433642,0.0177156969116009,2.388934929639894,1.2666272209686529
1821,img_1821.bmp,25.49459877,0.0108857736523052,2.2850520934663847,1.1409143952243388
1825,img_1825.bmp,18.12933942,0.0153428252030322,2.13627698105139,1.2455739902810925
1826,img_1826.bmp,27.85810811,0.0449754427271683,2.12592772457011,1.2511994521921197
1827,img_1827.bmp,24.26351351,0.0582499295081144,2.030085332916701,1.2716773111277766
1828,img_1828.bmp,40.73822121,0.0383443972269976,2.2804861946415325,1.1976284140818516
1829,img_1829.bmp,31.88208617,0.0379551323662979,2.283989163326951,1.1813621975930717
1831,img_1831.bmp,32.48477211,0.0131342808292732,2.0917299413136186,1.2056068968161215
1832,img_1832.bmp,43.52601457,0.0247265116365354,2.5137910493128874,1.166696587274716
1833,img_1833.bmp,30.72424558,0.0254355200880955,2.4258750606725323,1.21952062765916
1834,img_1834.bmp,37.1957672,0.0223620897015198,2.571126920558084,1.2226885622518262
1836,img_1836.bmp,29.02233064,0.0186791358394494,2.443463056521685,1.2732091560801997
1837,img_1837.bmp,24.00938262,0.0237978785930018,2.421971499821157,1.3090833323144655
1838,img_1838.bmp,39.93372781,0.0185014021177141,2.2059770884894525,1.3544157936173875
1839,img_1839.bmp,30.78224852,0.0197177231429601,2.148497371567254,1.3318297533105643
1840,img_1840.bmp,38.38862826,0.0736080157236253,2.392397725918684,1.1757812460069
1841,img_1841.bmp,30.34152749,0.062806044488086,2.3134682566868787,1.234258682534923
1842,img_1842.bmp,39.66891892,0.0924895484744549,2.542714676064822,1.1404959198808562
1844,img_1844.bmp,41.78722957,0.0128200991481448,2.3040510949851614,1.1998831131272254
1845,img_1845.bmp,36.7668557,0.0114844477541158,2.1679682516056764,1.2963224934394713
1850,img_1850.bmp,37.74324324,0.0839938619406725,2.566107102281072,1.228357825941474
1851,img_1851.bmp,23.75,0.0735179436648023,2.4152757703789987,1.217482922162427
1852,img_1852.bmp,29.45112426,0.0192572507954687,2.387231954480834,1.2094143722373931
1853,img_1853.bmp,24.45940828,0.0195886654723721,2.2616822429906542,1.2397059465814455
1854,img_1854.bmp,38.61634948,0.0145111282919572,2.701463434208196,1.2024853013039332
1855,img_1855.bmp,29.19031142,0.0238102856948617,2.388388314099717,1.2024360104423537
1856,img_1856.bmp,34.96756055,0.0197944917568109,2.191389219541405,1.184018735423008
1857,img_1857.bmp,25.84558824,0.0285009263983751,1.9830546685515067,1.205896161704761
1858,img_1858.bmp,62.26351351,0.0208688478271481,2.670040713316096,1.147749404681717
1859,img_1859.bmp,36.58783784,0.0196322511466682,2.4731516770315385,1.1553627018236754
1860,img_1860.bmp,33.63117284,0.0637832644455011,2.619888018517582,1.224614710928775
1861,img_1861.bmp,24.68094136,0.0457494654287049,2.271385418650728,1.2125282343521422
1864,img_1864.bmp,37.27199822,0.0677007017803243,2.3340970094573024,1.209971452380879
1865,img_1865.bmp,25.37001559,0.0737424434817352,2.0268812058629417,1.237543623405211
1866,img_1866.bmp,30.26205118,0.0127726510024657,2.4730941654901084,1.197949094754722
1867,img_1867.bmp,23.7075977,0.0119454785488618,1.913322185836232,1.3244690690455163
1868,img_1868.bmp,30.26205118,0.0463912810702597,2.3611677454539195,1.1807842490469331
1869,img_1869.bmp,23.7075977,0.0483357867098455,2.11077360080809,1.2871145530177606
1870,img_1870.bmp,30.98938776,0.0352146862401733,2.3949967381847554,1.1861703687666951
1871,img_1871.bmp,23.81591837,0.0532002804320342,2.218400724654572,1.1973797745188546
1872,img_1872.bmp,35.15,0.0395697510293902,2.104260605527021,1.142964028066508
1873,img_1873.bmp,25.10714286,0.0420044753188004,1.847457627118644,1.158526028026172
1874,img_1874.bmp,32.07498512,0.0708953655118971,2.201049088984584,1.24457659521159
1875,img_1875.bmp,24.40487998,0.0721223994664923,2.3100009768535017,1.2887971723941531
1876,img_1876.bmp,58.90610652,0.0123682578579786,2.71017485832461,1.1226077202560791
1877,img_1877.bmp,30.9862259,0.0146912192244031,2.1245192311555297,1.152871230016402
1878,img_1878.bmp,28.34551125,0.0205505882451024,2.021619866916525,1.1924376410619244
1879,img_1879.bmp,22.86433504,0.019935754256837,1.916507549612758,1.3070387498677574
1882,img_1882.bmp,41.55470069,0.0258855292191292,2.877631029001134,1.147549961889538
1883,img_1883.bmp,26.38393695,0.0458884729598014,2.408099735852297,1.2733792444204346
1884,img_1884.bmp,30.84591837,0.0467615843403253,2.1457939505677106,1.194445717542291
1885,img_1885.bmp,24.67673469,0.0444745479432496,1.962119907119473,1.219423333198385
1888,img_1888.bmp,37.85618512,0.0232224133848114,2.533109012242885,1.1658758735832664
1889,img_1889.bmp,32.38300173,0.0241901956571989,2.2382025292179777,1.1802811460897902
1890,img_1890.bmp,28.05503046,0.0599423532797753,2.193598311987909,1.1779242581871676
1891,img_1891.bmp,25.54484352,0.0755211967899069,2.5396267721875656,1.2225736466827877
1892,img_1892.bmp,34.29911803,0.0165436945554729,2.9209799416156645,1.2470748536929184
1893,img_1893.bmp,27.04353537,0.0247563725161051,2.6939455092627225,1.190485349871671
1894,img_1894.bmp,36.33108108,0.0158987926074329,2.3803920000263004,1.2628370102242086
1895,img_1895.bmp,26.06081081,0.0216008789312481,2.218040605172043,1.3051260500821766
1896,img_1896.bmp,40.31064902,0.0117610000583517,2.3311496762462465,1.2107848694132248
1897,img_1897.bmp,32.48477211,0.0130881299235884,2.3778244275320306,1.211713831342251
1898,img_1898.bmp,25.24161873,0.0195780145960093,1.9913530931530328,1.2323112015245707
1899,img_1899.bmp,23.84705416,0.0217785136101992,1.9379255804998177,1.22964736939548
1900,img_1900.bmp,33.67008242,0.0195959928737462,2.2195135814559577,1.1987289442947455
1901,img_1901.bmp,25.05680552,0.0159417442040945,2.3042020703507977,1.2345598126597523
1902,img_1902.bmp,28.5885737,0.0124914791671795,2.117760550036859,1.311777478430339
1903,img_1903.bmp,23.7075977,0.0133950661520312,1.9363054385227283,1.341287748141732
1904,img_1904.bmp,33.90239198,0.0293608782794962,2.1034859308358804,1.1819301006771077
1905,img_1905.bmp,27.12191358,0.0336340894279108,1.9088446368502308,1.3094371441645325
1906,img_1906.bmp,45.91020408,0.0348836128588508,2.563553369159087,1.1194337342721554
1907,img_1907.bmp,30.55897959,0.0518475285963393,2.358974358974359,1.135024255636328
1908,img_1908.bmp,38.96699421,0.0188178140593173,2.7061903789747097,1.3071385404888205
1909,img_1909.bmp,29.93373646,0.0158462862859179,2.044535555398977,1.2940560386071671
1910,img_1910.bmp,32.91172386,0.0152302455419813,2.107520951813817,1.1476011169184803
1912,img_1912.bmp,34.10901071,0.0233611490705667,2.5355083023355185,1.2080301515364378
1913,img_1913.bmp,23.03465658,0.0210616484250804,2.2459603317735137,1.2942653118396248
1914,img_1914.bmp,33.50759992,0.040571702777705,2.369278493302785,1.143570603874917
1915,img_1915.bmp,29.28617001,0.0286493242264872,2.264143225370008,1.1619927275930684
1916,img_1916.bmp,31.4944,0.0373699778305216,2.294415647510031,1.2072868622228778
1917,img_1917.bmp,24.37066667,0.0352141113294728,2.2307582211723878,1.2074423949610635
1918,img_1918.bmp,37.29263117,0.0248681402390037,2.531455773015446,1.162170180803448
1919,img_1919.bmp,31.59702932,0.0240926411363926,1.984200797093912,1.3981434313541172
1920,img_1920.bmp,36.31198347,0.0601007992328518,2.531442893884829,1.1567589869963133
1921,img_1921.bmp,28.24265381,0.0631115750552646,2.418866010944936,1.180742039624771
1922,img_1922.bmp,35.6664371,0.0151480885832627,2.365377217005816,1.2456095462733432
1923,img_1923.bmp,29.85651974,0.0153126704375993,2.401517079627809,1.2921548249566344
1924,img_1924.bmp,39.7972973,0.0401779283429086,1.9845599370013995,1.224598055952968
1925,img_1925.bmp,22.85135135,0.0527758046187079,1.808604179192436,1.2311588599914165
1926,img_1926.bmp,29.68192907,0.0388391540271548,2.5666096418829056,1.1256104344461946
1927,img_1927.bmp,24.40514168,0.0451083723101054,2.4128108195537035,1.1960485547991075
1928,img_1928.bmp,33.37072044,0.0310896412171431,2.11522213696297,1.1981834435329324
1929,img_1929.bmp,24.9542113,0.0290195759846877,2.2024837644575825,1.3016202784875428
1930,img_1930.bmp,40.09088884,0.0123000779774185,2.3660967767986256,1.270993606617216
1931,img_1931.bmp,36.33236801,0.0151960255886508,2.172222940267338,1.2790560652738965
1932,img_1932.bmp,34.4531076,0.0270284319219696,2.2840130050222958,1.238590257258046
1933,img_1933.bmp,26.62285587,0.0336140060645391,2.172714812204403,1.1653182063319356
1934,img_1934.bmp,40.23413111,0.0191854384639535,2.3478278970354705,1.2300958049181976
1935,img_1935.bmp,27.98100937,0.018336468481498,2.05737890829445,1.1937772424952586
1936,img_1936.bmp,40.27604167,0.0453626442960417,2.694997040772727,1.2072896258295445
1937,img_1937.bmp,29.83410494,0.0387972892060612,2.2850550343628737,1.2418216102942707
1938,img_1938.bmp,34.66469428,0.0468408768954736,2.626071210001739,1.1415003924490197
1939,img_1939.bmp,28.88724523,0.0379548297018914,2.6216413169783883,1.2258315780375932
1940,img_1940.bmp,35.61866667,0.0328681570008674,2.5529445299880447,1.2377971462318174
1941,img_1941.bmp,24.37066667,0.0273276695836385,2.342406197000179,1.1319074187522156
1942,img_1942.bmp,33.63964844,0.0171339820845253,2.0155020154069883,1.1322692874370557
1943,img_1943.bmp,21.62548828,0.0225921385724532,2.3519124128961417,1.169614338921093
1944,img_1944.bmp,43.80189043,0.0361496238678471,2.545519479691248,1.186470943923887
1945,img_1945.bmp,38.37750772,0.0405493901985995,2.1211803732290124,1.2066463393069866
1946,img_1946.bmp,46.86666667,0.0352266211679269,2.967304830849651,1.152920405143057
1947,img_1947.bmp,41.24266667,0.0420457724948975,2.716879158288551,1.1766968108291045
1948,img_1948.bmp,34.96756055,0.0213125912893041,2.676517419745158,1.1765997459074031
1949,img_1949.bmp,21.28460208,0.0164080360098437,2.371269811210878,1.2337031367178468
1950,img_1950.bmp,52.48090278,0.047722284116531,2.512058533282005,1.213384868504927
1951,img_1951.bmp,38.91994599,0.030645432326308,2.2335489365452017,1.131603281289061
1952,img_1952.bmp,35.15,0.0411442581807011,2.6461550884513088,1.265135001585981
1953,img_1953.bmp,29.41122449,0.056940988682901,1.9008041403106104,1.199826581620688
1956,img_1956.bmp,41.72297297,0.0224314626156376,2.4685665911702004,1.156464588873761
1957,img_1957.bmp,33.76351351,0.0222540821559612,2.2737971657260294,1.1779581141695687
1958,img_1958.bmp,38.31228374,0.0726935325966757,1.938740724369887,1.2540911935298242
1959,img_1959.bmp,25.38948962,0.0796810241317337,2.032204644190948,1.2190251696405832
1960,img_1960.bmp,37.93041992,0.0124629435027631,2.3877894508390938,1.207722202143611
1962,img_1962.bmp,23.74554325,0.0436835233809253,2.32720787382331,1.344857604101134
1963,img_1963.bmp,21.10714956,0.038583100086478,2.14083021551956,1.1852369309522754
1964,img_1964.bmp,36.31015369,0.0220184117302425,2.609508833872172,1.265327213637644
1965,img_1965.bmp,23.91156463,0.0252978236912997,2.146289210952052,1.2678646410697034
1966,img_1966.bmp,34.16683198,0.0423791972488967,2.444965871164937,1.164945875172073
1967,img_1967.bmp,29.28585598,0.0405414646263885,2.165498455701097,1.2000017527242082
1968,img_1968.bmp,31.99367347,0.0464245793949125,2.644165101111284,1.1555029663691752
1969,img_1969.bmp,25.10714286,0.0462840106613045,2.398186778941493,1.2110905546207982
1970,img_1970.bmp,36.48727639,0.0320757299227679,2.412556575748469,1.1965257647790764
1971,img_1971.bmp,32.94482237,0.0279335505397154,2.5295785033681253,1.17449606210561
1974,img_1974.bmp,41.41856774,0.0259297563682441,2.5000365227427137,1.1488856755181176
1975,img_1975.bmp,35.84030946,0.0284232672650384,2.2852226396530937,1.2163100933336737
1976,img_1976.bmp,28.74488889,0.0216205597502915,2.7864202717886046,1.2162932421852657
1977,img_1977.bmp,26.24533333,0.0213678095567296,2.7178114033502,1.1669262091491757
1978,img_1978.bmp,45.88649013,0.0420844874463442,2.6831264706589093,1.2056788397354556
1979,img_1979.bmp,34.97807387,0.0350810722919029,2.4808858338399906,1.1757812460069
1980,img_1980.bmp,38.25670858,0.0272465558115757,2.308052737269348,1.2336478236620771
1981,img_1981.bmp,25.72433853,0.026323173831752,2.0562210376239154,1.2126516676638266
1982,img_1982.bmp,37.30204082,0.0301722079592677,2.523743458783328,1.1871535831526656
1983,img_1983.bmp,31.56326531,0.0259006121460746,2.295545817902552,1.2115178363422752
1987,img_1987.bmp,24.21592103,0.031837834704297,2.1400693697206394,1.2352431450839476
1988,img_1988.bmp,41.80903979,0.0461669969397679,2.560832579745048,1.2366083093329594
1989,img_1989.bmp,27.36591696,0.0319549329465057,1.971114942779101,1.290142562971163
1990,img_1990.bmp,39.15125863,0.0243198068148795,2.0396783048382274,1.2534321020056058
1991,img_1991.bmp,32.88705725,0.0187635128982945,2.0711613450948243,1.278783230939735
1992,img_1992.bmp,55.37177064,0.0435290782315078,2.749383936250208,1.2094971702883637
1993,img_1993.bmp,45.03570678,0.0555047560461294,2.304677517905371,1.1070657632628935
1994,img_1994.bmp,38.26982249,0.0493289802678995,2.602631509274283,1.2262129170366605
1995,img_1995.bmp,24.95857988,0.0519475728083803,2.0850998799659366,1.214866544348169
1996,img_1996.bmp,42.96111111,0.0147719102774024,1.9964704418305632,1.2617404400611252
1997,img_1997.bmp,34.95472222,0.0158210683633738,1.888765728214404,1.2884446274857144
1999,img_1999.bmp,19.51183673,0.029126876956003,2.1177002385060626,1.155526395714286
2000,img_2000.bmp,34.32617188,0.0101197837356456,2.421329450689323,1.2640228493636834
2001,img_2001.bmp,26.94604492,0.0111548377532449,2.195915042791417,1.2710110578190432
2002,img_2002.bmp,35.17567568,0.0141382925793372,2.089132781208818,1.2762505913641875
2003,img_2003.bmp,31.83783784,0.0161628088967483,1.9056212595626767,1.2123590448366683
2004,img_2004.bmp,35.43793321,0.0398843239499025,2.314848531942165,1.2596422446523878
2005,img_2005.bmp,25.39718547,0.0488997062683884,2.0743715734082904,1.2309609623181688
2006,img_2006.bmp,33.44723183,0.061496730121712,2.1865318622143555,1.1874803916258772
2007,img_2007.bmp,30.40657439,0.0620311986369935,2.3681172236051724,1.2343268111485206
2008,img_2008.bmp,53.55263158,0.0448114847594999,2.8817188063182924,1.1656583676225132
2009,img_2009.bmp,40.89473684,0.0335468144912573,2.374960875105096,1.1959216160658592
2010,img_2010.bmp,36.2779133,0.0359135938085502,2.421377529417144,1.197830105939051
2011,img_2011.bmp,26.38393695,0.0391245261622202,1.8887276736472816,1.2385514458888829
2012,img_2012.bmp,36.60591716,0.0121507853097111,2.2008212901323807,1.1982394622529542
2013,img_2013.bmp,25.79053254,0.012433568770199,2.0281783135873157,1.17867650284408
2014,img_2014.bmp,30.84591837,0.0350934194026683,2.127247363883725,1.291211304971709
2015,img_2015.bmp,24.10285714,0.0299594789442181,2.4172854302222206,1.2997023521033573
2016,img_2016.bmp,29.1183432,0.0178992832188927,2.3796733830958257,1.1964958822951477
2017,img_2017.bmp,27.45443787,0.0249626767479739,2.1024001221561743,1.2716303162597733
2018,img_2018.bmp,36.04248047,0.0295762798176614,2.9141760398240693,1.230648070653667
2019,img_2019.bmp,26.6027832,0.0256815934182555,2.52242274407511,1.246349802734774
2020,img_2020.bmp,36.04248047,0.0242907036279639,2.8495745378747888,1.244290099689672
2021,img_2021.bmp,30.55029297,0.0244853020703947,2.551877521061296,1.2134367129609498
2022,img_2022.bmp,31.77487024,0.0848999256196082,2.487888879766722,1.1504474832710556
2023,img_2023.bmp,21.1325692,0.0932579079276107,2.165176094339853,1.335433558555987
2024,img_2024.bmp,34.95162591,0.0111029141451335,2.2694709063889427,1.1598061758104254
2025,img_2025.bmp,33.06234883,0.0104453618074554,2.47266220002605,1.1954329455857098
2026,img_2026.bmp,25.8398307,0.0194576532647122,2.429347508184537,1.1803963805005369
2027,img_2027.bmp,22.39451994,0.0198921965402418,2.2984869512713844,1.1514916561612998
2028,img_2028.bmp,36.62902696,0.0322307864491543,2.512634418354573,1.1140226090008414
2029,img_2029.bmp,32.35371466,0.0159743787046748,2.379799602237544,1.1432313189934582
2030,img_2030.bmp,38.01938776,0.0435040466944717,2.335025841187276,1.143077958380316
2031,img_2031.bmp,26.54183673,0.0535935697296526,2.2032603810925453,1.2140994655873898
2032,img_2032.bmp,44.14975845,0.0119321666925583,2.5718786511475584,1.2196122491077734
2033,img_2033.bmp,34.10901071,0.010552838373541,2.4163084562281503,1.2086392450369732
2034,img_2034.bmp,32.77226741,0.0194588122381039,2.4430363067173366,1.20569398263946
2035,img_2035.bmp,23.01031541,0.0161794479379208,2.1024145489306925,1.341085886671297
2036,img_2036.bmp,33.76678241,0.0541099520073851,2.8345675941371287,1.2245441429019364
2037,img_2037.bmp,31.05459105,0.0469900184908142,2.4379583461896166,1.263480558312006
2038,img_2038.bmp,34.82679677,0.0422410239842574,2.537804058276022,1.241514167106856
2039,img_2039.bmp,24.27322199,0.0463163185944681,2.47955369542533,1.2029435442828176
2040,img_2040.bmp,36.58783784,0.0264542605726043,2.4481124642133505,1.1848205848582756
2041,img_2041.bmp,29.52702703,0.0281320411844661,2.3641915551413573,1.2221034108885398
2042,img_2042.bmp,43.39506173,0.014266240173724,2.4144258882797374,1.2032740036288043
2043,img_2043.bmp,30.51215278,0.0181902313122173,2.084806203944192,1.3015204480043985
2044,img_2044.bmp,30.50206612,0.0238097782199053,2.2149888571714684,1.2270354615595302
2045,img_2045.bmp,27.11294766,0.0136252738294743,2.183281268025294,1.348592562047352
2046,img_2046.bmp,27.40588104,0.0487557253948461,2.21655229787599,1.3472591792737354
2047,img_2047.bmp,19.57562932,0.0495961282834057,2.0217995971686,1.2715439569023024
2048,img_2048.bmp,25.8398307,0.0237656545528407,2.423557966707848,1.2407758700341442
2049,img_2049.bmp,21.14167966,0.0270682503412729,2.183471794626577,1.2600971653075597
2050,img_2050.bmp,40.31064902,0.0118101857410413,2.37446096918068,1.1146785964351116
2051,img_2051.bmp,29.97458517,0.0103915043894894,2.178655510522834,1.2976386092618477
2052,img_2052.bmp,36.31198347,0.0669279958219951,2.688175452397523,1.240785901588053
2053,img_2053.bmp,27.11294766,0.0577991607743789,1.7854040327952985,1.220951336663136
2054,img_2054.bmp,33.83324662,0.0142462794260162,2.2811814907794896,1.2306854133763243
2055,img_2055.bmp,24.68912591,0.0140383118778794,2.2386754302325307,1.1847966809273638
2056,img_2056.bmp,35.86734694,0.0142013545612366,2.246137693864839,1.1823569064707635
2057,img_2057.bmp,29.41122449,0.0136438454723976,1.8026462014465487,1.2559741526304753
2058,img_2058.bmp,38.24343625,0.0377011285058163,2.317093670295415,1.2345295609923348
2059,img_2059.bmp,27.9073724,0.0412392718490785,1.8957384387168248,1.2632423152351488
2060,img_2060.bmp,62.26351351,0.0166949701645443,2.5143225162411995,1.2649174763263444
2061,img_2061.bmp,34.27702703,0.0193525921438936,2.312155563195585,1.1805570320256211
2062,img_2062.bmp,36.54175267,0.0172493540614376,2.2372731175702607,1.166748920539823
2063,img_2063.bmp,30.07768812,0.0159439635714063,2.258701623989934,1.142322097378277
2064,img_2064.bmp,58.35449219,0.0464577357069036,2.697093660676959,1.173006136482847
2065,img_2065.bmp,54.75024414,0.040029520708461,2.175396776605604,1.2830988915966914
2066,img_2066.bmp,41.50328947,0.0241666219578041,2.619242101171512,1.1420158731650285
2067,img_2067.bmp,28.60197368,0.0159122986612599,2.2266504207503752,1.3055879175687028
2068,img_2068.bmp,42.03896605,0.0626614910116848,2.974084340595374,1.1921781510674254
2070,img_2070.bmp,36.25867883,0.0208850455618738,2.2681408570773804,1.1202658419696714
2071,img_2071.bmp,29.28585598,0.0229238184235694,2.041066659634706,1.1611394918371465
2074,img_2074.bmp,42.90771484,0.0452276015429051,2.859163480303251,1.1605953512586569
2075,img_2075.bmp,25.74462891,0.0361109885151303,2.291854317487042,1.1568439556583208
2076,img_2076.bmp,28.47800926,0.0794793672972087,2.1404323521156545,1.2412025485364595
2077,img_2077.bmp,25.7658179,0.0776766813685022,2.103730902437192,1.2199199638143294
2078,img_2078.bmp,32.5462963,0.042854832974998,2.30837120170093,1.1307196694823862
2079,img_2079.bmp,24.40972222,0.059341070398201,2.451162320473998,1.2110540224385375
2082,img_2082.bmp,34.16719835,0.0393480880720359,2.481125182949439,1.1550329173313074
2083,img_2083.bmp,24.40514168,0.041603440731556,2.084650468381405,1.204437834877455
2084,img_2084.bmp,35.93653549,0.0170105499906453,2.857502522323145,1.2942994280814537
2085,img_2085.bmp,28.7492284,0.0152156341926288,2.2531155972319827,1.2653284012799446
2086,img_2086.bmp,29.44406868,0.0218608630462988,2.074462315357945,1.251142820166739
2087,img_2087.bmp,25.60353798,0.0208658632615276,2.161022602441259,1.1863625421995287
2088,img_2088.bmp,23.02595112,0.0300596450577554,2.3203894726169803,1.2765551433553697
2089,img_2089.bmp,21.25472411,0.0273410670638713,2.171314519265469,1.2237581503477308
2090,img_2090.bmp,29.69513315,0.0255045541421803,2.6575342465753424,1.159164775822675
2091,img_2091.bmp,23.23966942,0.0277927400842198,2.1172526114494827,1.1850487754747394
2092,img_2092.bmp,38.2432,0.0563305855812748,2.433283561489059,1.196842693269434
2093,img_2093.bmp,30.61955556,0.0585561938696083,2.0239352539074744,1.202480821434651
2094,img_2094.bmp,53.13681028,0.0473826500302356,3.125719834106665,1.169682883369128
2095,img_2095.bmp,30.99647266,0.0495558300759626,2.658447386244619,1.198037611115385
2096,img_2096.bmp,30.68042055,0.0310821442298597,2.538405272264448,1.1663132967766854
2097,img_2097.bmp,23.01031541,0.0169417043399351,1.9147305015069396,1.2480353989220925
2098,img_2098.bmp,26.62878788,0.0249856963972818,2.3500882313535976,1.1751036905118004
2099,img_2099.bmp,22.59412305,0.0214687003619376,2.00944802992876,1.2611956429103897
2102,img_2102.bmp,40.86074192,0.0560805445051284,2.459607955125072,1.2296917025837504
2103,img_2103.bmp,26.49672684,0.056446118903503,2.545635059580867,1.1698795269411977
2104,img_2104.bmp,29.2677551,0.0240813155514973,2.5577843775000884,1.1859077002520355
2105,img_2105.bmp,20.65959184,0.0159378068482735,2.193304042080787,1.2261726037786398
2106,img_2106.bmp,30.3813767,0.0428452944712945,2.583193375594845,1.2355229070853295
2107,img_2107.bmp,23.17754511,0.0466313952828451,2.3024767868849927,1.2249003254597906
2108,img_2108.bmp,32.27731864,0.0146217766938858,2.292022717474678,1.2180375707002644
2109,img_2109.bmp,20.98025712,0.0151682304491413,2.272196304619829,1.191381223490115
2110,img_2110.bmp,31.86824846,0.023826580892275,2.416126735230089,1.1987062651975733
2111,img_2111.bmp,26.85069444,0.017223589422754,1.906194993782228,1.2445944765098809
2112,img_2112.bmp,39.7336034,0.0402190217153449,2.3605960673320303,1.1593866693938684
2113,img_2113.bmp,32.5462963,0.0337204700945682,2.114439393098179,1.1626237949456582
2114,img_2114.bmp,49.92734694,0.0127459948967011,2.559254556881806,1.2438120000873438
2115,img_2115.bmp,32.42408163,0.0169466928299312,2.369857729543654,1.2195231011099483
2116,img_2116.bmp,43.00675676,0.0233713011986473,2.889901102854469,1.1918520694786916
2117,img_2117.bmp,32.09459459,0.0374074868969362,2.515848019249542,1.2016324617097889
2118,img_2118.bmp,33.67008242,0.0199095631682971,2.3317904259367377,1.118970728266017
2119,img_2119.bmp,27.40588104,0.0208263426018244,2.434905978325995,1.186642646474526
2120,img_2120.bmp,51.48925781,0.0104774772595823,2.376400250512076,1.150067885318573
2121,img_2121.bmp,45.82543945,0.0119430806402797,2.2180183763345926,1.1922007341489886
2122,img_2122.bmp,50.62694637,0.0136881228939191,2.573290128087755,1.18024728817868
2123,img_2123.bmp,31.4708045,0.0131431105723745,2.3778698538584497,1.2837280960699151
2124,img_2124.bmp,32.91172386,0.0253827728593714,2.4040805725751846,1.174339217176529
2125,img_2125.bmp,22.45248959,0.0257746824605048,2.19785323861758,1.2176470069673897
2126,img_2126.bmp,57.31639273,0.0382600728297944,2.35917031504509,1.1578173395740512
2127,img_2127.bmp,34.35942907,0.0432551681852579,2.371838522650328,1.1484630312011908
2128,img_2128.bmp,32.86184211,0.0104013999958307,2.29508118680811,1.206586888394279
2129,img_2129.bmp,23.125,0.0103562754147501,1.982244768996088,1.205546951279015
2131,img_2131.bmp,25.84015963,0.0120828679665521,2.1420853889100417,1.3022493270423108
2134,img_2134.bmp,29.75495656,0.0485298906048461,2.4064260620284985,1.1344788122132163
2135,img_2135.bmp,25.05680552,0.0288278963897646,2.077625640457585,1.1905364680181811
2136,img_2136.bmp,29.42727623,0.0306215924671049,2.089919686996031,1.3102063027708453
2137,img_2137.bmp,22.3755787,0.0256959530335306,2.053784403793652,1.214013334266034
2138,img_2138.bmp,33.63117284,0.0647327440009121,2.5547843503754044,1.176870198704624
2140,img_2140.bmp,30.47344718,0.0547824097933303,2.3948265092758376,1.268847964751236
2144,img_2144.bmp,35.56139655,0.033023518978417,2.259164406176229,1.1847337295710634
2145,img_2145.bmp,26.91509621,0.028833167725215,2.2339495689612296,1.1883331854917565
2146,img_2146.bmp,26.28970414,0.0505673514955754,2.362960262396657,1.225169172416406
2147,img_2147.bmp,20.13325444,0.04927978907576,2.325844053628221,1.228033297256198
2148,img_2148.bmp,27.19400913,0.0569775738708033,2.588402401022565,1.2749092101905732
2149,img_2149.bmp,21.61575084,0.0690215811074748,2.4984071358688738,1.227881227029841
2150,img_2150.bmp,37.76446281,0.0846113328900163,2.5925034966544,1.2124150666001037
2151,img_2151.bmp,20.01193756,0.0772936612429226,2.4192149875671167,1.220233825229941
2152,img_2152.bmp,26.6027832,0.0143824964745911,2.318141013046902,1.135778360528947
2153,img_2153.bmp,22.31201172,0.0147424364485455,2.000126487546374,1.1846802313107756
2154,img_2154.bmp,41.19659735,0.0667223407111704,2.56124969497314,1.1967933867131575
2155,img_2155.bmp,28.35034657,0.0577611818990284,2.3350766333415027,1.3099955450594898
2156,img_2156.bmp,81.21193027,0.0222888257091883,2.2471578659387124,1.210758760933863
2157,img_2157.bmp,42.08254568,0.0256307375921195,2.173173862049272,1.219553051191317
2158,img_2158.bmp,31.86824846,0.0844672738117499,2.3877894508390938,1.149644862363058
2159,img_2159.bmp,24.40972222,0.0799083385791072,2.360848165578148,1.2041526036603285
2160,img_2160.bmp,33.37837838,0.0293528185312832,2.591615681089639,1.130187670868151
2161,img_2161.bmp,26.95945946,0.0274180613280089,2.243626373327358,1.2145656793723325
2162,img_2162.bmp,57.32470703,0.0150141367699834,1.8808925043472529,1.2183089197594124
2163,img_2163.bmp,30.72192383,0.0172626202624711,1.8137327033751625,1.2449800639074118
2164,img_2164.bmp,50.11361105,0.0511327689624542,2.7096564850821983,1.1823674772468291
2165,img_2165.bmp,32.88705725,0.0530279665315419,2.275524937549932,1.2232701630043752
2166,img_2166.bmp,53.55939201,0.0353923185986014,2.5825832095746533,1.2141333542543964
2167,img_2167.bmp,28.89041096,0.0404474389164016,2.317961433130295,1.127286990887877
2168,img_2168.bmp,43.90163265,0.0259556701310311,2.532553650617226,1.2323256356782368
2169,img_2169.bmp,34.57612245,0.0267852641251616,2.4603557319520792,1.1995274262434863
2170,img_2170.bmp,28.97193139,0.0228876169553076,2.476975108918176,1.2624957142164883
2171,img_2171.bmp,24.27378035,0.0245705572420845,2.3645196352635987,1.3433436049270249
2172,img_2172.bmp,43.39506173,0.0240796779701151,2.395427115566209,1.255768262372949
2173,img_2173.bmp,29.83410494,0.0448543092211003,2.1376533571840874,1.2378273283642436
2174,img_2174.bmp,34.53892668,0.0580988155133292,2.47511217069262,1.2063758027612146
2175,img_2175.bmp,29.57949106,0.0446593085556902,2.1962661281503157,1.202490816137873
2176,img_2176.bmp,43.26153846,0.0201941679014167,2.3490301147065824,1.164838976809179
2177,img_2177.bmp,39.10177515,0.0208283902034151,2.5192023575292257,1.138288252287636
2178,img_2178.bmp,29.42531244,0.0241194342236881,2.354119865656875,1.143886195688515
2179,img_2179.bmp,27.75183495,0.0264216285125921,2.292684653168096,1.1343942071335191
2180,img_2180.bmp,34.86411426,0.0779079626711428,2.1792973340107875,1.133938656242957
2181,img_2181.bmp,26.49672684,0.0721969261823905,2.060507135433511,1.2294972945472291
2182,img_2182.bmp,35.94035503,0.0831207079721946,2.3603389587091086,1.2020038593982545
2183,img_2183.bmp,24.45940828,0.0828848555469523,2.156044853838784,1.1919203653362798
2184,img_2184.bmp,33.85877551,0.0403591581652517,2.470191234463309,1.1667034091803887
2185,img_2185.bmp,25.25061224,0.0471221066415616,2.3620854586355877,1.2905582282642425
2186,img_2186.bmp,42.32346939,0.0094289320261807,2.4547802739510614,1.1404243182178595
2187,img_2187.bmp,31.56326531,0.0103260843526396,2.36917395816366,1.2663562145010574
2188,img_2188.bmp,31.24444444,0.0404352717692431,2.008807843807302,1.178447368850238
2189,img_2189.bmp,20.11361111,0.0281209031406618,1.9059520091609048,1.354025045220329
2190,img_2190.bmp,45.47979592,0.0497263001243641,2.4560493109507764,1.182609521258156
2191,img_2191.bmp,32.71102041,0.0487760633395387,2.2326792602803702,1.214866544348169
2192,img_2192.bmp,40.86074192,0.0557083005539119,2.45945945945946,1.2133333333333334
2193,img_2193.bmp,25.52053164,0.0607784689026979,2.4536062206960865,1.173509637299693
2194,img_2194.bmp,46.02063083,0.0238626940133587,2.512981209789668,1.2023862252958235
2195,img_2195.bmp,26.07835747,0.0423447871126343,2.0823100935428656,1.221484232828292
2196,img_2196.bmp,33.67008242,0.0181550876398622,2.2238319769748527,1.160249407136223
2197,img_2197.bmp,24.27378035,0.0202439715361247,2.1809523809523808,1.1927083333333333
2198,img_2198.bmp,35.61866667,0.0407216436238565,2.5023283275428763,1.137587888920447
2199,img_2199.bmp,26.12035556,0.0461261897859756,2.066935466390333,1.204288964756373
2202,img_2202.bmp,39.46238426,0.0179900261531997,2.416739212155849,1.2305469372488946
2203,img_2203.bmp,29.1560571,0.0181381639020334,1.893463083041098,1.175224332615918
2204,img_2204.bmp,28.07118056,0.0335236117412397,2.0735654418835816,1.28627464979256
2205,img_2205.bmp,24.81655093,0.0340931469202201,1.8180285080235976,1.2492035679344369
2206,img_2206.bmp,26.62285587,0.0690254026433804,2.3662772596492982,1.180441706714406
2207,img_2207.bmp,21.92470483,0.0675116606301791,2.200771034989838,1.2427160991114974
2208,img_2208.bmp,44.39801129,0.0256398800406586,2.8192998104668225,1.2717208129014996
2209,img_2209.bmp,36.84090298,0.023314969332407,2.254799157617461,1.2787520282986735
2210,img_2210.bmp,36.57648283,0.0654491279547941,2.857329384266204,1.1407540475292273
2211,img_2211.bmp,23.77471384,0.060917170012519,2.3254532600495046,1.1852013005405508
2212,img_2212.bmp,25.82185491,0.0753060028272096,2.0312197464913995,1.327158407174621
2213,img_2213.bmp,25.17630854,0.0743048811534509,2.162253035466954,1.2412934092495476
2216,img_2216.bmp,44.36711111,0.020441514397988,2.5733044977159047,1.1706751664553627
2217,img_2217.bmp,36.86844444,0.0210195473971242,2.5232365824375487,1.2234384271614136
2218,img_2218.bmp,40.00482253,0.0271543187158096,2.0693385808422367,1.170898514585481
2219,img_2219.bmp,24.54533179,0.0231127615073271,2.050275960488429,1.16852250800577
2220,img_2220.bmp,39.46617735,0.0352102006250566,2.457332625042374,1.17888982304765
2221,img_2221.bmp,27.89129141,0.0217986632196715,2.337112971248604,1.261988576595674
2222,img_2222.bmp,32.5462963,0.0271005752846739,2.376203980277982,1.2701923726009947
2223,img_2223.bmp,23.05362654,0.0364550516240222,2.1070545553171063,1.2390702364117303
2224,img_2224.bmp,29.98313827,0.04191798064684,2.325282792068845,1.1827502627537534
2225,img_2225.bmp,25.10216227,0.0378218726596771,1.9477523927965652,1.1967495981141147
2226,img_2226.bmp,39.47509766,0.050005063216118,2.374489891995965,1.17460995696596
2227,img_2227.bmp,31.75170898,0.0438222955215157,2.122919955481174,1.166246186501989
2228,img_2228.bmp,37.85665973,0.0900012904489264,2.4888211605558905,1.2265550044284073
2230,img_2230.bmp,35.86734694,0.0209161208690048,2.543646560633205,1.2015976501327743
2232,img_2232.bmp,33.07540433,0.0130045640656859,2.066155039839954,1.1734014225157996
2233,img_2233.bmp,28.94097879,0.0148701684233064,2.1644072684061597,1.2367008271060853
2234,img_2234.bmp,30.12857143,0.0267132124563557,2.182960893588964,1.2013339731384711
2235,img_2235.bmp,27.97653061,0.0299595124995534,1.9271890773185605,1.201368220627394
2236,img_2236.bmp,29.83410494,0.032946071496784,2.3708788075091416,1.2050295476443926
2237,img_2237.bmp,25.63020833,0.0446607540461387,2.319880872177613,1.2890008800354853
2240,img_2240.bmp,47.19848633,0.0389609097218199,2.867080594176114,1.193344258131358
2241,img_2241.bmp,29.17724609,0.037844127870286,2.495628319222165,1.2243464095545304
2246,img_2246.bmp,37.02983069,0.0134396248026703,2.976752882272132,1.177147365189469
2247,img_2247.bmp,22.86025262,0.0146524374693398,2.6324217873851543,1.1630011941705083
2248,img_2248.bmp,28.18890622,0.0496922429056011,2.23606797749979,1.1155533912385494
2249,img_2249.bmp,21.14167966,0.0526075486623421,2.1458389803286795,1.186315118952347
2252,img_2252.bmp,26.21415974,0.0887723414094765,2.106102749110052,1.2552153643338373
2253,img_2253.bmp,22.31746032,0.0816742466255913,2.26764684689266,1.151553081089767
2254,img_2254.bmp,42.32346939,0.0283102379435688,2.4656742928809776,1.2493242718626387
2255,img_2255.bmp,27.97653061,0.0376499417915748,2.25,1.3152019227331504
2256,img_2256.bmp,37.44168962,0.0892341299568304,2.590176903889505,1.241251740120811
2257,img_2257.bmp,26.62878788,0.0797078696948129,2.416789944315682,1.2119452539403133
2258,img_2258.bmp,27.80419922,0.0149338031555973,2.568427169600427,1.208376831118061
2259,img_2259.bmp,24.37158203,0.0140281627645008,2.28780604749209,1.197528159865379
2260,img_2260.bmp,37.97067901,0.0522457002867717,1.9719586765901973,1.2228888232316113
2261,img_2261.bmp,23.73167438,0.0420473611389684,2.230445968216764,1.234147643926613
2262,img_2262.bmp,39.86767486,0.0454888309738179,2.146237825953954,1.168790092067531
2263,img_2263.bmp,32.189456,0.0520801347980332,2.2436436106440145,1.1362943940498975
2264,img_2264.bmp,43.04081633,0.0260099562058881,2.2366871939545963,1.0822725782793297
2265,img_2265.bmp,31.56326531,0.0270599893094591,1.8924705438148304,1.14370903509507
2266,img_2266.bmp,33.22306238,0.0287770891522755,2.149868384995027,1.1844256212821327
2267,img_2267.bmp,26.2831338,0.0325117609605091,2.123132663705287,1.2390349743778943
2269,img_2269.bmp,22.67170572,0.0210638916436552,2.398510938099072,1.255676254345174
2270,img_2270.bmp,41.60612245,0.0260163198832708,2.3621470238093782,1.2919974717009903
2272,img_2272.bmp,52.34741211,0.032600905107624,2.7764841999016645,1.2090036428019997
2273,img_2273.bmp,27.63256836,0.0331880494994677,2.1447911460123352,1.2820139589576194
2274,img_2274.bmp,38.73673469,0.0160562552565565,2.6892881060954594,1.173637629009181
2275,img_2275.bmp,30.12857143,0.0223777949922629,2.304578536440843,1.1778956964030975
2277,img_2277.bmp,25.60353798,0.0922059196476642,2.1288671803797703,1.1921836163728845
2278,img_2278.bmp,34.61884444,0.0195891480329488,2.203964654872204,1.163903850609714
2279,img_2279.bmp,19.24657778,0.0147863308480348,2.159031810521538,1.3135044012450523
2280,img_2280.bmp,24.62932526,0.0198744105562312,2.1030052328583464,1.226638167870865
2281,img_2281.bmp,22.8049308,0.0181487117005781,2.051013733705505,1.1988213199524596
2282,img_2282.bmp,29.57949106,0.0820258475611646,2.6280054182471204,1.2880349910690128
2283,img_2283.bmp,23.91156463,0.0872908770479213,2.15644115935675,1.2015537818266455
2285,img_2285.bmp,27.33346558,0.0092615210554997,1.9769970650673616,1.2967804019401117
2286,img_2286.bmp,35.9936,0.0117879011615895,2.4755078791553085,1.211125386599388
2287,img_2287.bmp,27.37013333,0.0157100334950062,2.3975515755803705,1.2709954212611152
2288,img_2288.bmp,35.07952773,0.014828686843559,2.6506304957208853,1.2498744397795247
2289,img_2289.bmp,25.37001559,0.0166028107120616,2.5043283207840346,1.2661283701125412
2296,img_2296.bmp,36.95596112,0.0158901315015168,2.0536616107724988,1.1569522603211149
2297,img_2297.bmp,32.77226741,0.0189563084651751,2.169204346930917,1.1480163333587454
2298,img_2298.bmp,31.61420118,0.0501979408760016,2.7027296054287886,1.094138434243581
2299,img_2299.bmp,23.29467456,0.0310188973924006,2.377001188453685,1.260338945948699
2300,img_2300.bmp,42.79448491,0.009504933377389,2.453959899284611,1.1772653625192602
2302,img_2302.bmp,33.08425161,0.0175371510278593,2.276456244457368,1.1965876899074273
2303,img_2303.bmp,21.78719008,0.0169225154750478,2.0461722767082247,1.2836230790253549
2304,img_2304.bmp,41.03051905,0.0682672433323443,2.741741559010629,1.174440439029407
2306,img_2306.bmp,29.14189189,0.0264678879551501,2.395107817511332,1.1889158955162549
2307,img_2307.bmp,22.46621622,0.0283851408660949,2.291508394583539,1.2044245790015995
2308,img_2308.bmp,30.66345271,0.0340832792675944,2.501651773129439,1.1910906278922235
2309,img_2309.bmp,20.98025712,0.0377483249285298,2.370469893666343,1.2707297503248502
2310,img_2310.bmp,32.81751543,0.0520504064543419,2.744196101756935,1.1568553201802687
2311,img_2311.bmp,28.7492284,0.0574231311117814,2.4,1.1995105037528335
2312,img_2312.bmp,32.76147842,0.0145100876517708,2.544696211123713,1.188541180181108
2313,img_2313.bmp,27.91988062,0.0148587622814361,2.0109301716265,1.2821805862930336
2314,img_2314.bmp,33.49556327,0.0123928173965884,2.139252160570658,1.2169949429880504
2315,img_2315.bmp,31.46141975,0.0134309643729845,2.0297256120667813,1.2230359340901726
2316,img_2316.bmp,27.6699827,0.0804959841319952,2.2234564473783163,1.176897783812778
2317,img_2317.bmp,21.58866782,0.0895288496881629,2.1756514788168357,1.2172332581447682
2318,img_2318.bmp,29.04958678,0.0131408744350072,2.273441878336888,1.2034740837319726
2319,img_2319.bmp,24.20798898,0.0147995842364353,2.220608762365426,1.2440737898511467
2320,img_2320.bmp,34.94201183,0.0343104520197365,2.3721116289599258,1.1927004368595218
2321,img_2321.bmp,24.12662722,0.0322399081690868,2.306518662832232,1.181428774697813
2324,img_2324.bmp,36.95596112,0.060097478190389,2.598293905954339,1.190337802294269
2325,img_2325.bmp,25.79944455,0.040868275089035,2.1318253680184847,1.2685050967709006
2326,img_2326.bmp,29.95029586,0.0110144951727556,2.383737073300197,1.2236000832594198
2328,img_2328.bmp,28.95195266,0.0226528458940447,1.9887530420634123,1.3174326899495794
2330,img_2330.bmp,25.93890101,0.0420066069290988,2.2774625771229275,1.2509822371705273
2331,img_2331.bmp,23.7075977,0.0395996941036718,2.164261016155473,1.2425282962654214
2332,img_2332.bmp,24.38979592,0.0146386811555557,1.8781924099563496,1.2603764385633411
2333,img_2333.bmp,21.52040816,0.0150665705442602,1.9235384061671343,1.3564325080099155
2334,img_2334.bmp,38.01938776,0.0196643574417446,2.553048235803412,1.2468464200894576
2335,img_2335.bmp,30.12857143,0.0235384081810377,2.145944448034001,1.2118093377348236
2336,img_2336.bmp,46.58934911,0.0758033375948407,2.316500910983683,1.2081390648431165
2337,img_2337.bmp,30.78224852,0.083419217766866,1.965952225479104,1.2228319142819652
2338,img_2338.bmp,27.11767578,0.0214187835785529,2.6068389028008245,1.1819970662601669
2339,img_2339.bmp,23.68505859,0.0360092639127767,2.361827451666521,1.201051012102006
2341,img_2341.bmp,29.99466667,0.0542571723523941,2.001272219798585,1.1822646505365917
2342,img_2342.bmp,28.12,0.0129994908205303,2.050355084818122,1.249842324921946
2343,img_2343.bmp,24.99555556,0.0132764729813837,1.870168276440911,1.2202775128344254
2344,img_2344.bmp,41.03051905,0.0354110527522138,2.403715073349201,1.244468171922382
2345,img_2345.bmp,34.4531076,0.0589894189345167,2.315353484767605,1.1854013964004917
2346,img_2346.bmp,33.71530612,0.0342303323607809,2.5271166519123667,1.2498989449854851
2347,img_2347.bmp,23.67244898,0.0727550993969986,2.189999443145046,1.2300735538917968
2348,img_2348.bmp,38.73278237,0.0628360837794681,2.106742901013204,1.1597481363507982
2349,img_2349.bmp,28.24265381,0.0610438849995208,1.9017317216545373,1.1683069701369535
2350,img_2350.bmp,30.79276316,0.0839511716932104,2.4351707765113817,1.1665995229103532
2351,img_2351.bmp,28.84539474,0.080753226688318,2.4271757226750115,1.167410477176825
2352,img_2352.bmp,33.79266143,0.0793877713916087,2.3343768051651708,1.2108978065768905
2353,img_2353.bmp,27.59734017,0.0807255583588003,2.1059905496003406,1.2720932584266336
2354,img_2354.bmp,26.6027832,0.0835834965436223,2.4774454280683167,1.1630127912446848
2356,img_2356.bmp,53.89519009,0.0413945759241036,2.294254025291674,1.1455918070849096
2358,img_2358.bmp,37.6532434,0.0357119650988479,2.860069929215018,1.2019366800040203
2359,img_2359.bmp,26.21781393,0.0452860809433974,2.613060402480364,1.2488674114255505
2360,img_2360.bmp,31.32100691,0.0535205324625177,2.6214266188719724,1.199313909674306
2363,img_2363.bmp,24.65889519,0.0631992271477931,1.9746276095726665,1.2789230253629391
2364,img_2364.bmp,55.87114198,0.0701498784479599,2.961766166247668,1.170068921345118
2365,img_2365.bmp,33.90239198,0.0631916705458165,2.470542814966143,1.2008878996325965
2366,img_2366.bmp,28.89041096,0.0349117991516754,2.058960872011921,1.2163732283211297
2367,img_2367.bmp,24.80090073,0.0309458371536069,2.1001971396699184,1.2178079427549886
2368,img_2368.bmp,27.04353537,0.0203521038087257,2.2238308354063365,1.177786048938
2369,img_2369.bmp,25.72433853,0.0222279737737416,2.1313055428609458,1.1471200388509533
2370,img_2370.bmp,39.52854671,0.0185862096559294,2.284028508290953,1.2734323928235962
2371,img_2371.bmp,25.84558824,0.0197810781195682,2.1220605502239223,1.2441597609518873
2372,img_2372.bmp,32.77893491,0.0582216241641013,2.330794872116253,1.0717563435440094
2374,img_2374.bmp,34.81552768,0.0590250292730022,2.0657317443938985,1.1994938534262871
2375,img_2375.bmp,25.23745675,0.0433722943481323,2.3618405943398453,1.1933878364982136
2376,img_2376.bmp,34.86411426,0.0327111510510138,2.449715971344527,1.236301082654414
2377,img_2377.bmp,29.98313827,0.0318712269291301,2.081329375708993,1.2473872756460802
2378,img_2378.bmp,41.80436656,0.0351381311410789,2.244580815294128,1.281099676808079
2379,img_2379.bmp,35.74576271,0.0357836765613696,2.23606797749979,1.3162134229172713
2380,img_2380.bmp,34.38484278,0.0345309179127358,2.8472511632610344,1.2058929135013985
2381,img_2381.bmp,26.44987906,0.0411999312682776,2.495198270742177,1.2689520517076878
2382,img_2382.bmp,45.83108108,0.0746152974564144,2.298723286052055,1.1493616430260274
2383,img_2383.bmp,35.43243243,0.0779857217139994,2.5580921829438354,1.2118129492786205
2384,img_2384.bmp,31.16673875,0.0165380046334586,2.3830285454476483,1.2393533745838972
2385,img_2385.bmp,26.6057526,0.016310861689105,2.421441461849805,1.3140081536046522
2386,img_2386.bmp,39.32123961,0.0396129037602159,2.659854655773194,1.201571535123969
2387,img_2387.bmp,35.07029478,0.0258947306943729,2.5835677971692634,1.1711976069354093
2389,img_2389.bmp,34.30628843,0.0519195798385022,2.5060201488219063,1.2434652120418082
2390,img_2390.bmp,46.17188966,0.070824429108266,2.6846513630593583,1.1661380336090248
2391,img_2391.bmp,32.97992119,0.0822388461091418,2.4968946230509386,1.2005047430571982
2392,img_2392.bmp,29.70422535,0.0280110129622387,2.373088893644697,1.210322210043959
2393,img_2393.bmp,26.21781393,0.016550018408756,2.359011642968393,1.2136609794225788
2394,img_2394.bmp,42.28328742,0.0491051821003051,2.425189917236038,1.1660865556594453
2395,img_2395.bmp,33.08425161,0.0482353022048958,2.3184198286708244,1.2592420401999722
2397,img_2397.bmp,27.52874228,0.0419950409352115,2.019562447321815,1.2265454003695573
2398,img_2398.bmp,38.0813807,0.0236686228183285,2.6018045275947927,1.2322949839816673
2399,img_2399.bmp,27.45401864,0.0165950183044006,2.1682469395171955,1.2457262194142855
2400,img_2400.bmp,30.84591837,0.009153892265916,2.3455967038112964,1.1859149640964068
2401,img_2401.bmp,27.11571429,0.0095711630205201,1.945856591769117,1.1821665015276484
2402,img_2402.bmp,29.98313827,0.0239215482517447,2.118753745960132,1.1806397153209958
2403,img_2403.bmp,23.7075977,0.0154615924596697,1.7106331153460108,1.1511508065882987
2404,img_2404.bmp,34.84106445,0.0515537380606986,1.714366091268289,1.2939166797828885
2405,img_2405.bmp,30.89355469,0.039177350444259,1.9256732996168644,1.269720719723575
2406,img_2406.bmp,59.19670305,0.0205233054777274,2.017461118495952,1.3054180318300628
2407,img_2407.bmp,51.20984629,0.0202590987199339,2.106418761785035,1.3192895987092914
2408,img_2408.bmp,48.91479492,0.0478968283458989,2.444447153941361,1.149858573408663
2409,img_2409.bmp,30.89355469,0.044676365685504,2.5030270583434824,1.161560277373889
2410,img_2410.bmp,39.04780797,0.0576831247561516,2.6208146687427165,1.2235604167941072
2411,img_2411.bmp,25.52053164,0.0803038020900818,2.030499157662542,1.249224279243839
2412,img_2412.bmp,30.11085916,0.018462296781564,2.4354764459344462,1.2593049895095998
2413,img_2413.bmp,22.14033762,0.0159372610450749,2.2509666374393547,1.4092290819822686
2414,img_2414.bmp,34.29911803,0.0147447237139332,2.2355140528270674,1.2859441786030668
2415,img_2415.bmp,25.0647401,0.0156118068067431,2.3613717767950484,1.2329508215695382
2416,img_2416.bmp,34.21395776,0.0276492266269905,2.528592965152693,1.2112931302021006
2417,img_2417.bmp,25.82185491,0.0378749140066734,2.554387981334017,1.1765156638489842
2418,img_2418.bmp,29.75495656,0.027243008263812,2.4255046079711358,1.1406265854181747
2419,img_2419.bmp,24.27378035,0.0410794299605154,2.42404620418011,1.150971861119083
2420,img_2420.bmp,33.46954969,0.0371179569659329,2.548950162900978,1.15956935004781
2421,img_2421.bmp,27.05455267,0.0283915017886927,2.1787424474737698,1.255492706965756
2422,img_2422.bmp,23.75,0.0286835269675039,1.9859873936160344,1.2534636291805057
2423,img_2423.bmp,21.05405405,0.0301948387708282,1.9860714992164807,1.2976259366672311
2424,img_2424.bmp,25.68279164,0.0309575008713197,2.4492291670834967,1.2056792524494984
2425,img_2425.bmp,22.14033762,0.0190625442990039,2.3059514531282024,1.3000927410906231
2426,img_2426.bmp,38.35052569,0.0503351342781263,2.3291154460571395,1.0967533562876852
2427,img_2427.bmp,25.79944455,0.0531241906512613,2.097702774560441,1.1727823204421564
2428,img_2428.bmp,55.59478726,0.0165376232755951,2.329690974718128,1.274066653386654
2429,img_2429.bmp,43.84940967,0.0206999993099533,2.120950322611258,1.2460436691161032
2430,img_2430.bmp,51.48925781,0.0194799110979436,2.5211434674690065,1.106312175351982
2431,img_2431.bmp,32.60986328,0.0192604677577966,2.332598922496221,1.1639461282054946
2432,img_2432.bmp,38.73278237,0.0303367149419027,2.75912914880388,1.2673637241126854
2433,img_2433.bmp,29.69513315,0.0346334294506606,2.1751495652806003,1.340143743016369
2434,img_2434.bmp,42.03896605,0.0200185624276047,2.797639479920216,1.2497274273931376
2435,img_2435.bmp,24.40972222,0.0198359174501253,2.136260627230587,1.2287142348173206
2436,img_2436.bmp,57.60694444,0.0179029466836896,2.7159694054997967,1.1838732894390938
2437,img_2437.bmp,35.15,0.0183928111214312,2.84784062019416,1.2068900761389034
2438,img_2438.bmp,45.47979592,0.0272903223869667,2.4328869909934343,1.188735440225204
2439,img_2439.bmp,27.25918367,0.0298192066049645,2.2240806310620456,1.2064581684423936
2440,img_2440.bmp,33.49556327,0.0153951672718057,2.150238001643732,1.2216308242595633
2441,img_2441.bmp,30.64776235,0.0137686814561609,2.032536265610068,1.1600837405365212
2442,img_2442.bmp,31.92333984,0.0607439591403513,2.613407145321313,1.1765397216726816
2443,img_2443.bmp,27.80419922,0.0459927573946378,2.26360386088741,1.230439342001137
2444,img_2444.bmp,23.73167438,0.0935965405063614,2.040321448151025,1.1939511245582155
2446,img_2446.bmp,23.86728395,0.0304455554310518,2.1597287148438067,1.2320560161962952
2447,img_2447.bmp,22.91801698,0.0301822539017094,2.120148620720706,1.3232153200389725
2448,img_2448.bmp,43.23150169,0.0475537359211721,2.124641095121776,1.1721604504009766
2449,img_2449.bmp,34.86411426,0.0432821064241382,2.09698500502886,1.199979883154655
2450,img_2450.bmp,48.81028336,0.0643031294980191,2.785943214036628,1.1999566169788514
2451,img_2451.bmp,26.12009758,0.0580433055131285,2.457308964485088,1.193489625039139
2452,img_2452.bmp,37.7271353,0.0477975992191487,2.6965673382721347,1.1697592162019657
2453,img_2453.bmp,32.76769967,0.0431833179523039,2.6116061754054383,1.2095084100019993
2454,img_2454.bmp,31.16673875,0.0294876357603394,2.6115958133500854,1.2574215458610298
2455,img_2455.bmp,26.6057526,0.0308654212008497,2.297970364428137,1.182733748831731
2456,img_2456.bmp,43.84940967,0.0180504887395281,2.2782119529874385,1.173074338987913
2457,img_2457.bmp,31.32100691,0.0198329744025825,1.9021880072865835,1.2424005311021196
2458,img_2458.bmp,43.90163265,0.0211277279473083,1.905246075028788,1.1638128897436144
2459,img_2459.bmp,37.58897959,0.0190459093457629,1.9365120010572383,1.1593702711738718
2461,img_2461.bmp,25.8398307,0.0156063980880365,2.200633644356962,1.230692907803664
2463,img_2463.bmp,22.51644737,0.04955814945012,2.621917724632969,1.1980121704814863
2464,img_2464.bmp,30.55029297,0.0404886729387287,2.3314924831321093,1.2166930099009694
2465,img_2465.bmp,24.88647461,0.0581885763583759,2.493849088547764,1.1677775458675197
2466,img_2466.bmp,29.85651974,0.0637934861378603,2.690932320083327,1.199016982096588
2470,img_2470.bmp,44.42434211,0.0564084853601864,2.875169831940368,1.1642527163421217
2471,img_2471.bmp,35.90460526,0.0538777480583987,2.296943141146654,1.1803550915425045
2472,img_2472.bmp,37.9258494,0.0270998586426172,2.356750414728088,1.1796332595451446
2473,img_2473.bmp,25.66046832,0.0361033738733749,2.4925337122471216,1.2257430205158748
2476,img_2476.bmp,39.45408163,0.043000781799809,2.453998363722289,1.1186549463033224
2477,img_2477.bmp,28.69387755,0.0615408839560071,2.1673788003479064,1.1297390285091011
2478,img_2478.bmp,36.27313609,0.0143380058211749,2.611373764343835,1.22459203748449
2479,img_2479.bmp,29.78390533,0.0162507683514784,2.475809139067191,1.216182463419938
2480,img_2480.bmp,53.80102041,0.0319894473673585,2.3896694815839847,1.195387649077389
2481,img_2481.bmp,34.43265306,0.0228818920856555,2.438482401346356,1.2110461601783278
2482,img_2482.bmp,42.56920415,0.0473116366022064,2.41905183701318,1.1955443479766292
2483,img_2483.bmp,31.16673875,0.0384453716474557,2.046041835534038,1.2679553035609332
2484,img_2484.bmp,28.50211628,0.0301966777378793,2.410540563063212,1.250451507002775
2485,img_2485.bmp,24.58699042,0.0668360946891418,2.406962153247416,1.2076238808775617
2487,img_2487.bmp,24.58699042,0.0146210460917647,2.1899457364009423,1.3377110036976396
2488,img_2488.bmp,41.0322449,0.028013985462307,2.188817451653555,1.1969782008947327
2489,img_2489.bmp,25.25061224,0.0290227125927183,2.052263004463718,1.3384313870040463
2490,img_2490.bmp,25.08777006,0.0202494749735196,2.45464398964952,1.1998407524508412
2491,img_2491.bmp,18.30729167,0.0225165495827132,2.292540272538996,1.2512384159573156
2492,img_2492.bmp,45.90348595,0.0840088682017624,2.499219982300613,1.2504229219472185
2493,img_2493.bmp,33.28459938,0.0659388699602532,2.1971037821723174,1.3406299925023957
2494,img_2494.bmp,37.65280403,0.0287527630766946,2.1794943843329984,1.229098802827348
2495,img_2495.bmp,27.31674018,0.0266781184410153,1.9944748151662568,1.1610148105578035
2496,img_2496.bmp,39.31971904,0.0354608672000365,2.4393945199789435,1.241254697621926
2497,img_2497.bmp,37.85665973,0.0368120946370886,2.32828657328666,1.195731122961529
2498,img_2498.bmp,37.10277778,0.025756744484477,2.666057091649075,1.2226926035608408
2499,img_2499.bmp,28.31527778,0.024725499783828,2.3508399270729607,1.216850735959487
2500,img_2500.bmp,34.4531076,0.0221347731967813,2.5595844270043138,1.168205475024631
2501,img_2501.bmp,26.62285587,0.027666217541385,2.398052041714533,1.2116639321191602
2502,img_2502.bmp,41.04887543,0.0519003780818881,2.159011800948288,1.2336235523596562
2503,img_2503.bmp,33.14316609,0.0411855219478988,2.292156024086128,1.2200334099603456
2504,img_2504.bmp,46.31795225,0.0142312498920474,2.334105418091693,1.1935098783755995
2505,img_2505.bmp,33.08425161,0.0268605014212092,2.1615521488753617,1.2185514948343374
2506,img_2506.bmp,46.98151036,0.0283170209798765,2.166107310347376,1.2421710295066803
2507,img_2507.bmp,37.58520829,0.0274161065716668,1.8838727935501076,1.177617091367947
2510,img_2510.bmp,48.09320478,0.0358989244099444,2.5109181461803813,1.185285655977697
2511,img_2511.bmp,30.9862259,0.0341172881157476,2.238374333682685,1.1470240813624533
2512,img_2512.bmp,35.07952773,0.0159816312883594,2.323807987363503,1.2462682493573458
2513,img_2513.bmp,30.69458677,0.0290229749730926,2.442058168096086,1.2241930602027806
2514,img_2514.bmp,35.43793321,0.0119472373484994,2.519240314837816,1.270997357162727
2517,img_2517.bmp,31.86824846,0.009818657838557,2.1243380978005746,1.2688733850033032
2518,img_2518.bmp,22.2379149,0.0380872287138435,2.195022778925084,1.1832620048114924
2519,img_2519.bmp,20.67186456,0.0302735456933362,2.153600113624922,1.355413510167237
2520,img_2520.bmp,29.98313827,0.0131072320498936,2.057013632735357,1.2271165465466354
2521,img_2521.bmp,19.52390399,0.0193735878168268,1.916871921808413,1.3011363007318508
2522,img_2522.bmp,30.68042055,0.0391848683670491,2.1403433108108345,1.1380108587496758
2524,img_2524.bmp,32.26660156,0.0269475886880781,2.482866403412261,1.1568248035300432
2525,img_2525.bmp,26.25952148,0.0326798328583404,2.563660067399044,1.2460177656657296
2526,img_2526.bmp,33.06234883,0.0230173963310719,2.4100049951835065,1.1559113405525747
2527,img_2527.bmp,19.8374093,0.0257740210355317,2.2645258607430847,1.3028189240852874
2528,img_2528.bmp,42.09680473,0.0145228719304725,2.956896551724138,1.1482365658841878
2529,img_2529.bmp,24.45940828,0.0201161995765789,2.2328390469231545,1.2744661115862208
2530,img_2530.bmp,61.6496786,0.0096466801894798,2.6334863483276494,1.2372917475667902
2533,img_2533.bmp,21.76674798,0.0115522919781117,2.1372214028326684,1.261580733708776
2534,img_2534.bmp,29.04958678,0.0200698684645213,2.31145720161643,1.1971312925296278
2535,img_2535.bmp,24.20798898,0.0198187271968915,2.175439105897832,1.1763597932621663
2536,img_2536.bmp,32.77226741,0.0094213362548024,2.097111367012477,1.171631985494576
2537,img_2537.bmp,25.10216227,0.0170476162289565,2.098575165501225,1.218775005875241
2538,img_2538.bmp,41.31918367,0.022453745667168,2.6905324737660483,1.2389254454891117
2539,img_2539.bmp,34.71959184,0.0271624251476044,2.1153043836240357,1.3658751875617583
2540,img_2540.bmp,26.62248521,0.0250828813070562,2.262605941808944,1.234643965183485
2541,img_2541.bmp,19.13491124,0.0309018333584576,2.0121955781846865,1.2674444316704063
2542,img_2542.bmp,26.57844991,0.0107384149024268,2.20006050438658,1.207301086671042
2543,img_2543.bmp,21.85339214,0.0102932498193897,2.055341871054798,1.1862618514323051
2544,img_2544.bmp,35.93653549,0.0354438488752828,2.6397267247902416,1.219435846490348
2545,img_2545.bmp,25.7658179,0.0348305405997864,2.4290096539966464,1.3016606977817873
2546,img_2546.bmp,37.87591837,0.0321576886251393,2.35590190119279,1.234006595293446
2547,img_2547.bmp,31.56326531,0.0203719332327239,1.9870893040557644,1.22564064182624
2548,img_2548.bmp,21.50290861,0.0150781956380287,2.0280045996213896,1.232326318199433
2550,img_2550.bmp,34.9305411,0.0104476534013394,2.200515711984922,1.221443950566261
2551,img_2551.bmp,27.43236212,0.0111635198630718,2.1339292317860683,1.230401546641504
2552,img_2552.bmp,66.20343392,0.0139787854147706,2.64403353366031,1.1601587714679478
2553,img_2553.bmp,54.86472425,0.0153503736231736,2.5885317102137515,1.1553911698851829
2554,img_2554.bmp,45.29364142,0.0107132903789909,1.9913346659232287,1.2165023446671055
2555,img_2555.bmp,33.43666723,0.0101662169567278,1.9445587382556728,1.1955388344174274
2556,img_2556.bmp,36.95596112,0.0160040469378445,2.569694430695759,1.1650485805654134
2557,img_2557.bmp,24.40487998,0.0141372439319688,1.8372272935938785,1.3127141869958594
2558,img_2558.bmp,32.99795918,0.0147426793800553,2.470448469024733,1.2086147970003722
2561,img_2561.bmp,25.38948962,0.0455246062989393,2.349170179327959,1.2817362153635803
2562,img_2562.bmp,31.59882378,0.0520825719745788,2.1357526983920554,1.1585373427662846
2563,img_2563.bmp,28.64566268,0.0535044808848233,2.108495842296383,1.153701300660322
2564,img_2564.bmp,28.88513514,0.0133251889181057,2.215868658529488,1.2157568461050805
2565,img_2565.bmp,25.67567568,0.0108650750924846,1.9953287367396704,1.2267204549064918
2569,img_2569.bmp,29.08863684,0.011818123396078,1.8895867950015008,1.349171460366537
2571,img_2571.bmp,25.85991434,0.0165929690037637,2.408303925552989,1.1942658164585886
2572,img_2572.bmp,33.22434414,0.0323154288421687,2.845671420669425,1.1520389926807035
2573,img_2573.bmp,23.73167438,0.0287189391219942,2.6329474600362563,1.3086741329865594
2574,img_2574.bmp,40.31064902,0.0411821929503164,2.695705708769539,1.2205326705991937
2575,img_2575.bmp,24.65889519,0.0535509218250193,2.2313586017783966,1.1758789284345204
2576,img_2576.bmp,30.54136316,0.0137261818919011,2.4914475281909945,1.2115388932295412
2577,img_2577.bmp,26.33506764,0.0136065888712162,2.0989315285599304,1.3119261597145937
2578,img_2578.bmp,25.37001559,0.0118367789929095,2.3420237695279917,1.2577860636908025
2579,img_2579.bmp,20.20204945,0.0140350874118998,1.9772453621022896,1.2017731202803068
2580,img_2580.bmp,31.61420118,0.0142078371234141,2.108970749934227,1.2007484140530544
2581,img_2581.bmp,21.63076923,0.0137398090528579,2.069125280754974,1.302130798344244
2582,img_2582.bmp,24.79717813,0.0131513220514489,2.4489628138160136,1.2587846712280564
2583,img_2583.bmp,19.4834971,0.0139088908397293,1.984641044136068,1.2982198238841465
2585,img_2585.bmp,22.2379149,0.0284724280862476,2.360084744241189,1.1927228221594808
2588,img_2588.bmp,49.33058588,0.0217877733380005,2.5627272539070525,1.267426595018453
2589,img_2589.bmp,35.23613277,0.0208805780000396,2.5301838065432736,1.293763669644595
2590,img_2590.bmp,29.8505778,0.0159775392042493,2.404886714446817,1.2195530511913169
2591,img_2591.bmp,20.78204784,0.0163234337886537,2.1459553538598146,1.2196519891993027
2592,img_2592.bmp,34.96756055,0.0307930774163465,2.688613121267486,1.231063972308032
2593,img_2593.bmp,22.04476644,0.0221411780038563,2.1487406426256004,1.2355894440423525
2594,img_2594.bmp,39.59755102,0.0430779375279166,2.131779534981309,1.1884672374601215
2595,img_2595.bmp,27.68959184,0.0557517853423649,1.911240305710624,1.211229357686585
2596,img_2596.bmp,37.22972973,0.0111557365327658,2.5170298672188824,1.129074015156112
2597,img_2597.bmp,28.88513514,0.010089700091397,2.4797723746984963,1.1632227853348418
2598,img_2598.bmp,40.3466483,0.0241464032117337,2.122057079150576,1.1281400305650764
2599,img_2599.bmp,31.95454545,0.0231406173244921,2.058813018502608,1.23154689577594
2600,img_2600.bmp,28.17020432,0.0277239967775677,2.462840586872236,1.1912786798695083
2601,img_2601.bmp,21.19738147,0.0256101503929384,2.2643872059592693,1.188065230244767
2602,img_2602.bmp,32.5462963,0.0149922230752292,2.3050400076575346,1.159052113059566
2606,img_2606.bmp,48.05664063,0.0178448037220201,2.3393668316931584,1.2573518242554491
2607,img_2607.bmp,30.89355469,0.0145591559040656,2.2890809517312407,1.3746494303593142
2608,img_2608.bmp,39.86767486,0.0775105537723972,2.4827507638115525,1.2620229023748688
2609,img_2609.bmp,33.96135266,0.0374563933868933,2.0350770161196508,1.1263278894748454
2610,img_2610.bmp,34.43265306,0.0186916155203673,2.300258189739491,1.2520131348743284
2611,img_2611.bmp,24.38979592,0.0160298645576187,2.175785775354861,1.1886934312665602
2612,img_2612.bmp,41.18624026,0.0298295456529602,2.6010784315673354,1.1547587727660742
2613,img_2613.bmp,33.25127654,0.0435545481277223,2.560788798773727,1.154684351480184
2616,img_2616.bmp,29.78390533,0.0660626934902149,2.003421730474387,1.2152065459432362
2617,img_2617.bmp,20.4660355,0.084455761257859,2.0030672251130177,1.2284050486590576
2618,img_2618.bmp,43.57438017,0.0468916207800321,2.288355247505854,1.170656760155058
2619,img_2619.bmp,22.91689624,0.0508991073997059,2.2715407045079568,1.2487408201058507
2620,img_2620.bmp,32.09459459,0.0218569803548442,2.090971876617388,1.2502823506242158
2621,img_2621.bmp,28.75675676,0.0203857489977536,1.9651204645537568,1.2479225118055468
2622,img_2622.bmp,32.00442248,0.0369212611353381,2.490408647454615,1.1580276372427545
2623,img_2623.bmp,21.03147763,0.0350413813719033,2.260645457771916,1.2432782534503788
2624,img_2624.bmp,36.60591716,0.010359447051646,2.060711906401411,1.1681414794484235
2625,img_2625.bmp,31.61420118,0.0116538318081659,2.172287300701342,1.2080079759584132
2626,img_2626.bmp,29.61751479,0.0162023697868512,2.1654475835982234,1.27403763281881
2627,img_2627.bmp,24.95857988,0.0245370764411742,2.071984753983074,1.3963621842139844
2628,img_2628.bmp,33.37837838,0.0168558019197181,2.505052914089656,1.2622570634703385
2629,img_2629.bmp,27.60135135,0.0098965408917896,2.045648902868027,1.268044551781252
2630,img_2630.bmp,23.41306228,0.023529307148554,2.257733227980346,1.2107856314853236
2631,img_2631.bmp,18.24394464,0.0267935026231378,2.0419372752679448,1.2763629708119566
2632,img_2632.bmp,37.11891644,0.0556952695436762,2.646042934246635,1.2533887583273535
2633,img_2633.bmp,32.27731864,0.058877686158424,2.315471632752752,1.1833849753989611
2634,img_2634.bmp,30.4155102,0.0419842499582717,2.426692951430851,1.2648334216731425
2635,img_2635.bmp,23.24204082,0.0301396994788785,2.1418517000893798,1.3202094607047128
2636,img_2636.bmp,33.61088757,0.0455956070383904,2.41700430581404,1.1832696842147572
2637,img_2637.bmp,25.62414201,0.0271669971603566,2.299685469611332,1.314827136199857
2638,img_2638.bmp,38.64872685,0.0142418790582404,2.3477103898952225,1.1328134515952144
2639,img_2639.bmp,28.47800926,0.0140293881789152,2.0371808621989382,1.1971089996982798
2640,img_2640.bmp,36.01407394,0.0201598069555313,2.459745614169204,1.230192778161401
2641,img_2641.bmp,23.61362357,0.0223935538672173,2.3772947037732512,1.2090151685763235
2643,img_2643.bmp,29.83410494,0.0088646356995371,2.0015725446233485,1.2557409966916595
2644,img_2644.bmp,38.96699421,0.0099504920673608,2.266823069206223,1.2321146790420625
2645,img_2645.bmp,31.88208617,0.011528720570262,2.0727347548761528,1.3300185038990724
2646,img_2646.bmp,37.49333333,0.0335739290890564,2.367370787275294,1.196381225330104
2647,img_2647.bmp,27.49511111,0.0375837027204523,2.2157120679825475,1.148763735351234
2648,img_2648.bmp,29.41122449,0.0280807238275893,2.022080540513941,1.25732547374925
2649,img_2649.bmp,24.38979592,0.0293583819639566,1.905222047432072,1.2676854297529927
2650,img_2650.bmp,29.17724609,0.0303002432081692,2.766269986309235,1.1926912471234197
2651,img_2651.bmp,23.17016602,0.0328895654520963,2.5449329927964377,1.228290354760695
2654,img_2654.bmp,19.77027027,0.017156075202269,2.3135258324745327,1.2672730877615268
2655,img_2655.bmp,17.71621622,0.0226188056662023,2.261870419356992,1.258149273491946
2656,img_2656.bmp,34.30922068,0.0447346727925085,2.9237592158935137,1.223641000170106
2657,img_2657.bmp,28.47800926,0.0457598376000781,2.350377877973036,1.1804588709766282
2658,img_2658.bmp,38.78857422,0.0234503368872768,2.058504902430345,1.2294303897047545
2662,img_2662.bmp,49.99111111,0.0611494512444482,2.71793295227714,1.1919593416010188
2663,img_2663.bmp,33.744,0.0443370493228098,1.9489787058266448,1.2122807320826474
2664,img_2664.bmp,29.68192907,0.0226507642167486,1.9319504852574836,1.200205858863299
2665,img_2665.bmp,26.12009758,0.0242725456795775,1.745538254102499,1.262002250270528
2668,img_2668.bmp,25.05680552,0.0242778523444117,2.591383411051856,1.1940938271893131
2669,img_2669.bmp,21.14167966,0.0224255168212859,2.5733877241257725,1.2653997721737102
2670,img_2670.bmp,29.57949106,0.0177484951511679,2.4426472557121284,1.1748994840387368
2671,img_2671.bmp,28.16250945,0.0155938694464585,2.252319759066689,1.266238477278306
2672,img_2672.bmp,32.68706747,0.0374452045663985,2.304845398787587,1.1693118288282058
2673,img_2673.bmp,23.41306228,0.0403386152185146,1.966434536044057,1.1859167831325046
2674,img_2674.bmp,50.97436523,0.0303945550485751,2.577644395794004,1.226631884318103
2675,img_2675.bmp,30.20703125,0.0505217444745328,2.4818729977378804,1.2286002131509308
2677,img_2677.bmp,39.76733728,0.0877435599020987,2.1186998109427604,1.1643473270405946
2679,img_2679.bmp,28.24265381,0.0122447168435029,1.9437900239803927,1.2349307263774694
2680,img_2680.bmp,38.73018006,0.013474853937857,2.767804704763564,1.256724764508169
2681,img_2681.bmp,27.3945176,0.0250691029793464,2.5197334390315147,1.2473007923673003
2682,img_2682.bmp,42.12675429,0.0297348699973648,2.577644395794004,1.26285806375946
2683,img_2683.bmp,32.57384718,0.034712507228297,2.1943891312264827,1.2434784806089905
2684,img_2684.bmp,32.5350346,0.0184382983176948,2.314313963290028,1.151583646503759
2685,img_2685.bmp,21.89273356,0.0197398429453796,2.10954155897053,1.216729734595546
2686,img_2686.bmp,32.77893491,0.026529732347108,2.222262473730788,1.2161455552693627
2687,img_2687.bmp,24.29301775,0.0308983955174363,2.537434887360176,1.2415686065294302
2688,img_2688.bmp,28.08126722,0.0325621977067333,2.423796100213622,1.195006366027579
2689,img_2689.bmp,24.20798898,0.0341844763148752,2.2266101978917057,1.2288427816513638
2690,img_2690.bmp,44.70408632,0.0204089484498054,2.2633707599011204,1.2396594745977465
2691,img_2691.bmp,29.04958678,0.0211395985151927,2.323694398903362,1.2048445644127066
2692,img_2692.bmp,29.28585598,0.0496089554995203,2.196253494422878,1.2194325783510007
2693,img_2693.bmp,27.75183495,0.0637296447847284,2.431839463290662,1.1776388003774203
2694,img_2694.bmp,43.26381012,0.0295685346091074,2.338931563421448,1.191498724203646
2695,img_2695.bmp,31.59882378,0.0510603752422519,2.117089906482752,1.1539753274297466
2696,img_2696.bmp,50.2878418,0.0276634455824011,2.702258148556948,1.148463362344778
2697,img_2697.bmp,34.15454102,0.0275392939126152,2.705629766326582,1.2639147198234957
2698,img_2698.bmp,42.31018519,0.0094530883581175,2.4139456028599087,1.1769888385063114
2699,img_2699.bmp,32.5462963,0.0085961458598178,1.9247474323199756,1.2364643903781285
2700,img_2700.bmp,27.43236212,0.0471175711877508,2.3643268584897337,1.3188801321950274
2702,img_2702.bmp,39.31971904,0.0326610221985467,3.082966134618979,1.2088399388345064
2703,img_2703.bmp,29.80983351,0.0290959666727846,2.55255862921022,1.1989862791645092
2704,img_2704.bmp,28.69387755,0.0454800379908949,2.2565984890911555,1.1967133258482845
2705,img_2705.bmp,25.10714286,0.0377097178191948,2.3048160251573098,1.2708404155966668
2706,img_2706.bmp,42.71701389,0.0491737305058879,2.736216083031213,1.154327925541676
2707,img_2707.bmp,27.79996142,0.0670805482691405,2.3945657130528786,1.160595863606574
2708,img_2708.bmp,44.70408632,0.0213074109103883,2.443284899736065,1.1827922933636446
2709,img_2709.bmp,30.50206612,0.0229587518329808,2.062768250063597,1.2464796672411336
2710,img_2710.bmp,36.61919765,0.0635368935984238,2.7090362380147925,1.2145516921017796
2711,img_2711.bmp,31.74648183,0.0573299185277326,2.27706881880001,1.1550154554124454
2713,img_2713.bmp,29.04958678,0.008666273700647,2.0895604233982934,1.2739886402792968
2716,img_2716.bmp,38.37750772,0.0234525355924082,2.488448369421923,1.2185093318872335
2717,img_2717.bmp,28.88483796,0.0243610193270917,2.503455843176028,1.2336938936572224
2718,img_2718.bmp,35.66531636,0.0223771719154378,2.191513419700672,1.1520281958405905
2719,img_2719.bmp,25.49459877,0.0229808511146596,2.2352532873255617,1.1216249816447883
2720,img_2720.bmp,43.17733564,0.036395274939754,2.574762660228787,1.163213737845493
2721,img_2721.bmp,36.03179066,0.0466106277438976,2.03915604837769,1.2368215067774215
2723,img_2723.bmp,26.44987906,0.0088949829589582,2.449219620324448,1.2601460286217483
2726,img_2726.bmp,37.6532434,0.0123057658709519,2.337301685772147,1.1254417125698122
2727,img_2727.bmp,29.28585598,0.0120719779694602,2.021187163528363,1.176712245972036
2728,img_2728.bmp,43.92878397,0.022914571887481,2.1914068527282278,1.224870699870263
2729,img_2729.bmp,25.79944455,0.0211362022827862,1.9698158453801076,1.2715946969707672
2732,img_2732.bmp,30.66345271,0.0199315004920025,2.8240266962213334,1.2006160076940002
2734,img_2734.bmp,27.06659729,0.0225140520420715,2.509021297398176,1.2533338769665574
2735,img_2735.bmp,23.2260666,0.022593231519516,2.2784153419840365,1.3247431061435042
2736,img_2736.bmp,45.13891602,0.0343474903947982,2.622471188948423,1.121364598841925
2737,img_2737.bmp,27.97583008,0.0372354941161622,2.4466790823706512,1.289348820981198
2741,img_2741.bmp,22.31303313,0.067293685333492,2.1832400154313185,1.156432550796407
2742,img_2742.bmp,31.37770284,0.0331797140460857,2.5869271717990423,1.123689357479074
2743,img_2743.bmp,27.89129141,0.0324277155375041,2.060505493450583,1.275543641232563
2744,img_2744.bmp,32.99795918,0.0506513007925488,2.3938883093156003,1.1447577416306527
2745,img_2745.bmp,27.11571429,0.055148484784185,2.0901800063670097,1.1984046878625236
2746,img_2746.bmp,34.66216216,0.0411872022319248,2.156732862501863,1.2325186588401116
2748,img_2748.bmp,42.9287574,0.0167261766208238,2.2216556955824096,1.2585282019719568
2749,img_2749.bmp,40.93207101,0.0163528745566342,2.219453372196376,1.2851161100043171
2752,img_2752.bmp,28.7492284,0.0636360219668526,2.5327548561935584,1.1971510897573945
2753,img_2753.bmp,21.29070216,0.0588100469204673,1.9786553320568296,1.223495474642464
2754,img_2754.bmp,30.12857143,0.0426985436062619,2.0630945931965763,1.1245636323702992
2755,img_2755.bmp,22.2377551,0.0714504257177149,2.2236983841138462,1.266401826003761
2756,img_2756.bmp,41.08108108,0.0471282384012567,2.319502209039163,1.089052300267625
2757,img_2757.bmp,25.03378378,0.0357146881429011,2.0615528128088303,1.147815629704677
2759,img_2759.bmp,24.02832031,0.0626733030025573,2.237420418617304,1.2469560252306655
2760,img_2760.bmp,36.31198347,0.0390796613857621,2.4015599988598897,1.259827270286627
2761,img_2761.bmp,29.37235996,0.0581332378200996,2.024521750883434,1.2817817468937545
2762,img_2762.bmp,41.04887543,0.0328733080113597,2.2873908871990096,1.1020481248993337
2763,img_2763.bmp,33.29519896,0.0422388641437071,2.264536158110265,1.1788749839186472
2764,img_2764.bmp,38.40530697,0.008773721876091,2.595258403333608,1.173548256195644
2765,img_2765.bmp,29.62695109,0.0080009013142359,1.938265940978554,1.3315934206168722
2766,img_2766.bmp,40.31064902,0.0474715025675119,2.703616309827404,1.1477831429955354
2768,img_2768.bmp,46.85810811,0.0314136319184735,2.362718913397467,1.1971476840867024
2769,img_2769.bmp,39.7972973,0.0275152059779945,2.4211246460845466,1.1820055128640714
2770,img_2770.bmp,46.29954374,0.0629428778544968,2.2938797229219534,1.1809872197816176
2771,img_2771.bmp,30.40150764,0.0684019552501459,2.087567942406448,1.1849209301128365
2772,img_2772.bmp,44.31922477,0.0111043468481001,2.6617468163612155,1.2028902531320604
2773,img_2773.bmp,37.74181332,0.0116704467914813,2.398731571736223,1.2678698429752284
2774,img_2774.bmp,27.40265306,0.0552277045879354,2.3590913603428167,1.1978309052013836
2775,img_2775.bmp,22.66816327,0.0389565101568218,2.0961487027256425,1.3370955575391938
2776,img_2776.bmp,32.28061224,0.0524163362731644,1.9328561438077791,1.191333792336471
2777,img_2777.bmp,26.54183673,0.056607491506654,1.9563485638464568,1.179818056045156
2778,img_2778.bmp,42.03896605,0.0147072683049281,2.631463024619865,1.250721589707944
2779,img_2779.bmp,29.1560571,0.0150987186568045,2.343913046624992,1.3037529388999938
2780,img_2780.bmp,33.27810651,0.0113048029958214,2.425273667620452,1.2013132643972018
2781,img_2781.bmp,21.63076923,0.0126457159038847,2.4528867461578567,1.19072459325754
2782,img_2782.bmp,42.41717128,0.0753181403976211,2.2142857142857144,1.159739841968743
2783,img_2783.bmp,28.27811419,0.0671496999113647,2.157046531934961,1.191820695702786
2784,img_2784.bmp,31.44781065,0.0085271493082198,2.314544421658035,1.2115862244337952
2786,img_2786.bmp,32.11771029,0.0338659293671702,2.587697498539782,1.1769853462150246
2787,img_2787.bmp,24.18274657,0.0275195044348688,2.0827770739911995,1.1986215910905011
2788,img_2788.bmp,53.80102041,0.0350119492198982,2.6929084662115264,1.1769091284962272
2789,img_2789.bmp,32.99795918,0.0192683847581803,2.4341837818214898,1.2222137491648222
2790,img_2790.bmp,36.48788927,0.0320257729564247,2.260492554642765,1.1653659500683944
2791,img_2791.bmp,26.90981834,0.0266165128750531,2.6022328174922515,1.2336794326943712
2792,img_2792.bmp,34.32617188,0.0130123134461444,2.5548132568754607,1.172264057341275
2796,img_2796.bmp,33.79266143,0.0121913959461599,2.1353508898175897,1.2268512751573464
2797,img_2797.bmp,28.16055119,0.014404164811611,1.978476516751979,1.12065067699786
2798,img_2798.bmp,29.17724609,0.01133567007921,2.048549739707292,1.2076750182689957
2799,img_2799.bmp,23.34179688,0.0094144827640735,1.9974501797215571,1.4037821501982377
2800,img_2800.bmp,39.15125863,0.023546008098525,2.520636642504447,1.1645029681745394
2801,img_2801.bmp,32.10403208,0.0343337884997999,2.4553456682534054,1.1261105629555208
2802,img_2802.bmp,30.81081081,0.0490410170561579,2.604494385376979,1.2214471044295494
2803,img_2803.bmp,24.39189189,0.0556094484832512,2.2972972972972974,1.2307213544953632
2804,img_2804.bmp,36.2779133,0.0207108925030894,2.056153137945014,1.2618361812057457
2805,img_2805.bmp,23.74554325,0.0212556536119066,1.9566584772755349,1.2068686721533477
2806,img_2806.bmp,56.11006091,0.0137927649211783,2.463338214865145,1.126861481117697
2807,img_2807.bmp,45.92165511,0.0109144918753134,2.2145346142424502,1.2028227873204431
2808,img_2808.bmp,28.24265381,0.0196372444114816,2.3872163271764006,1.1837822860068077
2809,img_2809.bmp,21.94857668,0.0237168550331547,1.7760054637632343,1.286285206586382
2810,img_2810.bmp,25.3589892,0.0541124837486415,2.2440349907827257,1.226303186870594
2811,img_2811.bmp,24.40972222,0.0550678735194848,1.977564111835617,1.3267087361930057
2812,img_2812.bmp,38.74311111,0.0272217696080945,2.540438752730525,1.1865828418798228
2813,img_2813.bmp,32.36924444,0.02983794564848,2.507620627022359,1.1285426395855798
2814,img_2814.bmp,28.05503046,0.0603351930079185,2.2849604035249707,1.1939901474301855
2816,img_2816.bmp,28.33963215,0.075999304224792,2.655361255314692,1.220425345163226
2817,img_2817.bmp,23.02595112,0.0862882550513628,2.7760784517459034,1.3488929516911083
2818,img_2818.bmp,37.49333333,0.01449362920907,2.3354513929465197,1.1207718588240885
2819,img_2819.bmp,26.87022222,0.0143402026342764,2.006125280561692,1.160139530382243
2820,img_2820.bmp,31.86824846,0.0144789437005599,2.340337689731732,1.212681387520237
2821,img_2821.bmp,22.3755787,0.0124361802887617,2.1360593559547936,1.238875125752405
2822,img_2822.bmp,37.06217181,0.0286154425154549,2.453469420050299,1.1876850320377224
2823,img_2823.bmp,26.13547574,0.017516304262799,3.4006449677886126,1.1945341979834927
2824,img_2824.bmp,27.31674018,0.0146702715278282,2.177871170976429,1.185999798016338
2825,img_2825.bmp,22.88699853,0.014800114004924,1.875025709534928,1.21433116305564
2826,img_2826.bmp,39.15125863,0.0167627776967722,2.4707703882726784,1.2637832029732343
2827,img_2827.bmp,31.63421697,0.0177069788905024,2.0971528434400724,1.2154751797810417
2828,img_2828.bmp,40.89510227,0.0325323992909369,2.5443022706618708,1.170944480691634
2829,img_2829.bmp,31.00112591,0.0325194810995606,2.187538559109096,1.1723118741832377
2830,img_2830.bmp,28.5885737,0.0268612915509582,2.2693038088699526,1.1778039357020922
2831,img_2831.bmp,25.10216227,0.0292377181715764,2.0843373493975905,1.1930750758409088
2832,img_2832.bmp,34.00698737,0.013242871773028,2.496714398494952,1.1583596723953076
2833,img_2833.bmp,25.50524053,0.0140553898921719,2.0681394493164333,1.3370851698203832
2834,img_2834.bmp,39.04780797,0.0704352372381761,2.4285714285714284,1.1922487645235111
2835,img_2835.bmp,23.01031541,0.0643385713533336,2.2234401289051924,1.2314044723867033
2836,img_2836.bmp,27.80826405,0.0485019735069713,2.200112230582907,1.2676297747771783
2838,img_2838.bmp,24.36357908,0.0174945168297475,1.90505873958748,1.1546864130318255
2839,img_2839.bmp,22.59168242,0.0145787581103506,2.1665903563371964,1.1685494434583137
2840,img_2840.bmp,34.6875,0.0701020202576185,2.423447223832305,1.192764331580916
2844,img_2844.bmp,47.25057761,0.0320501615537053,2.740363087168036,1.1242075776554978
2845,img_2845.bmp,38.39109431,0.0286790262305929,2.606727289640683,1.1419606402049802
2847,img_2847.bmp,31.24444444,0.0435284666716142,2.117471421466974,1.1875552072221462
2848,img_2848.bmp,48.1413966,0.0186066400061351,2.3959592572480544,1.2105386595040435
2849,img_2849.bmp,37.1570216,0.0197673720179596,2.159798439522322,1.192242462088973
2850,img_2850.bmp,53.24497041,0.0261675023329967,2.499134798382118,1.2099702069452745
2851,img_2851.bmp,30.94863905,0.0162717655872269,2.4222672643683474,1.325041331949897
2852,img_2852.bmp,43.26153846,0.0117648313911425,2.279231824687282,1.2614046845368367
2853,img_2853.bmp,29.28473373,0.0390843946278288,1.811884883006725,1.2883648859767682
2854,img_2854.bmp,49.71474913,0.0203779524807382,2.2247945814419934,1.0962441602382915
2855,img_2855.bmp,45.0017301,0.0291982055541321,2.555573297584797,1.1528989976353343
2856,img_2856.bmp,38.2432,0.0545480622042385,2.634637814870048,1.2586712810202505
2857,img_2857.bmp,30.99448889,0.0499095766011347,1.978146422308736,1.224994255849115
2858,img_2858.bmp,48.27027027,0.0631323292616094,2.618699745596726,1.230635124607353
2859,img_2859.bmp,24.13513514,0.061808705230728,2.311390639937667,1.1962963181582122
2860,img_2860.bmp,32.68190586,0.0351502066631786,2.44629924189038,1.154157595784557
2863,img_2863.bmp,33.12194507,0.0094029228921367,1.9467665974232464,1.2818788704404795
2864,img_2864.bmp,34.16683198,0.0607490589065527,2.220332367409824,1.2239743492194473
2866,img_2866.bmp,30.84591837,0.0284733956967631,2.516070984004488,1.1052747724005891
2867,img_2867.bmp,26.54183673,0.0335531364855394,2.380265074557365,1.1850286473276053
2868,img_2868.bmp,28.78556213,0.0213063176718158,2.05852365136617,1.3182503831289352
2869,img_2869.bmp,26.78887574,0.0215721994862709,2.1268426207345983,1.3924558359903303
2870,img_2870.bmp,40.89510227,0.0466039063159121,2.5968761206563,1.1727462458485804
2871,img_2871.bmp,30.34152749,0.0453961347394746,2.234143868016747,1.1904720283927734
2872,img_2872.bmp,30.71287545,0.0289552388264825,2.3311181745221505,1.167232170232863
2873,img_2873.bmp,25.24952741,0.0404816415956472,2.242236872795651,1.306720193757907
2874,img_2874.bmp,28.3190918,0.0279736098818961,2.3540880971685767,1.247361017559035
2875,img_2875.bmp,20.42407227,0.0294975777430996,1.996826638924088,1.2992699788118536
2876,img_2876.bmp,29.75661376,0.0436205655887928,2.464206802319552,1.1786160538823216
2877,img_2877.bmp,25.32854623,0.0508752864731299,2.1914303237623884,1.154985192774893
2878,img_2878.bmp,46.24286265,0.0231250789986004,2.092457497388747,1.2453531745045847
2879,img_2879.bmp,37.29263117,0.0232520418125121,2.0914012529082293,1.2269950875623747
2880,img_2880.bmp,44.38131313,0.0168838860363848,2.917804959987069,1.1893181029098123
2881,img_2881.bmp,29.53374656,0.0246680703502232,2.5089073916391444,1.2772374553859356
2882,img_2882.bmp,51.44867705,0.0229675423409951,2.391648801864963,1.1945104609272197
2883,img_2883.bmp,26.38393695,0.0144724483992672,2.361299283447321,1.2120927773088532
2884,img_2884.bmp,37.72902984,0.0156395027165417,2.7069412697754576,1.2341363280943602
2886,img_2886.bmp,39.15125863,0.0214282914571943,2.628532751026363,1.1733965879173245
2887,img_2887.bmp,25.8398307,0.0192496750799947,2.1913006491725824,1.2888905807599764
2888,img_2888.bmp,30.72192383,0.045115876742416,2.14295432238341,1.2628283017264492
2890,img_2890.bmp,40.68287037,0.0392066701606632,2.4021628308868697,1.171297902119783
2891,img_2891.bmp,29.5628858,0.0323311944066036,2.3881827773665028,1.248567219717264
2892,img_2892.bmp,32.10403208,0.0183623546866055,2.2921309838416306,1.275255045847662
2893,img_2893.bmp,25.8398307,0.0174248269735953,2.2409140992014844,1.2169567571985096
2894,img_2894.bmp,44.46365323,0.0194094487443588,2.9344449187422272,1.1887541605567962
2895,img_2895.bmp,32.01383033,0.0151870489064367,2.010724338187943,1.3350638192474062
2896,img_2896.bmp,32.5462963,0.05033525515184,2.6183564005592515,1.197420431286035
2897,img_2897.bmp,28.47800926,0.0531589528064125,2.372290545219794,1.203517182364848
2898,img_2898.bmp,29.79844291,0.0232176738993929,2.462443472902137,1.2201005342719256
2899,img_2899.bmp,22.04476644,0.0154713588897953,2.305644601996057,1.3462603599078764
2900,img_2900.bmp,31.32581019,0.0113349773434932,2.1344150463188187,1.3618744954184343
2901,img_2901.bmp,24.40972222,0.0132822663646209,2.3225163868212384,1.291493951839549
2902,img_2902.bmp,46.86666667,0.0176591567896952,2.189650462481956,1.1752209317899869
2904,img_2904.bmp,56.48530762,0.0850516884427771,2.6549743668986503,1.172326783220068
2905,img_2905.bmp,41.15358127,0.0837000003142681,2.1854990358417674,1.2552153643338373
2906,img_2906.bmp,29.26118626,0.0428830439770196,2.5412906556330976,1.2018859823335633
2908,img_2908.bmp,38.60260355,0.0578428398239426,2.2008715583691743,1.2167280083335574
2909,img_2909.bmp,24.79218935,0.0636817559847791,2.4300835628531336,1.2495628417526203
2910,img_2910.bmp,44.93243243,0.1824372109488706,2.3513922775992797,1.218644058272736
2911,img_2911.bmp,32.09459459,0.0289690450915995,2.5348316264943094,1.136724603091178
2914,img_2914.bmp,37.7271353,0.0144201271162258,2.800638095675648,1.2247542406507388
2915,img_2915.bmp,34.18468128,0.0131044663738275,2.64002854826912,1.1694252454099796
2916,img_2916.bmp,43.0663845,0.0406974886424004,2.3119019250281587,1.2074515614592098
2917,img_2917.bmp,35.70594787,0.0245945949082716,2.053203495905839,1.2601072558464974
2918,img_2918.bmp,30.40657439,0.0196712095182332,2.4547263272550524,1.1672178448235333
2919,img_2919.bmp,26.75778547,0.0197063879104434,2.447896578554288,1.2054454976424849
2920,img_2920.bmp,36.17576298,0.0103826766419875,2.5038460468978854,1.2129762978637852
2921,img_2921.bmp,27.24927601,0.0178332195750203,2.556483426986547,1.221536100743918
2922,img_2922.bmp,32.73648649,0.0182384913322892,2.393268806744683,1.188968188249687
2923,img_2923.bmp,27.98648649,0.0183352250709308,2.4060629118293955,1.2235931106813749
2924,img_2924.bmp,28.74488889,0.0193821970694222,1.965343888659256,1.2322165047892095
2926,img_2926.bmp,39.6748186,0.036437041076663,2.9369365892514883,1.2049824749415987
2927,img_2927.bmp,23.61596345,0.0462926359004705,1.980530905134448,1.1766229881362975
2928,img_2928.bmp,34.20739619,0.037527437150268,2.609446886185541,1.1470735640287737
2929,img_2929.bmp,28.12608131,0.0336954347915804,2.38966914139438,1.1490740831471205
2930,img_2930.bmp,26.91509621,0.0282042063399775,1.8189412101016371,1.1853066848209666
2931,img_2931.bmp,25.93890101,0.0277908805430921,1.940960084046752,1.1938454271448171
2932,img_2932.bmp,28.34677419,0.0225837361253281,2.301259453013103,1.3216248230129763
2933,img_2933.bmp,21.9458897,0.0383553777970672,2.0486081110815664,1.2802949249513758
2936,img_2936.bmp,55.12497215,0.0307506180047501,2.402717466733099,1.2479120441003662
2937,img_2937.bmp,31.63421697,0.0353314866819893,2.210613625242272,1.2297937215193584
2938,img_2938.bmp,30.8248393,0.020052228996276,2.4277715798803734,1.1828613662307008
2940,img_2940.bmp,51.86577778,0.0824441523170035,2.6035967844918337,1.1918602994694163
2941,img_2941.bmp,33.744,0.0817220785926908,2.621015980615571,1.147167367964685
2942,img_2942.bmp,42.71701389,0.0347426989200019,2.072867905596267,1.1681242698801284
2943,img_2943.bmp,30.51215278,0.0404982411068029,2.1155149575792973,1.2212366917911732
2944,img_2944.bmp,33.65331318,0.0182775311013645,2.3529692936885978,1.2903022487922875
2945,img_2945.bmp,22.14033762,0.0207401831263183,2.115797818069922,1.30568955036002
2946,img_2946.bmp,36.15428571,0.0387728545669692,2.167967552845663,1.214526278237689
2947,img_2947.bmp,31.56326531,0.0445174270953743,2.342311964569732,1.1714210396566618
2948,img_2948.bmp,43.04081633,0.0302953263402471,2.375562409642955,1.125774306182877
2949,img_2949.bmp,24.82020408,0.0338907090421923,2.123624760966273,1.1560596194492632
2950,img_2950.bmp,23.62861111,0.0467591765691969,1.9637990857811976,1.2633078453085536
2951,img_2951.bmp,21.28527778,0.0570930681088128,2.123561274165816,1.20949314758695
2952,img_2952.bmp,29.85651974,0.0498895564313004,2.4037151525614395,1.1856438249891994
2953,img_2953.bmp,22.91689624,0.0556816335529868,2.399191000137059,1.253820181642828
2956,img_2956.bmp,28.45673807,0.0462877166952407,2.037616442439809,1.3155870289605438
2957,img_2957.bmp,24.3067971,0.0663293774140715,1.9446178188884475,1.287637417149659
2958,img_2958.bmp,25.32854623,0.0288315645443361,2.386279773672436,1.210417357106238
2959,img_2959.bmp,20.54623331,0.0302765047787225,2.2137970157071014,1.220663179949353
2960,img_2960.bmp,34.58043981,0.03654727615539,2.19706116164054,1.242219529282328
2961,img_2961.bmp,27.12191358,0.0347479816382608,2.647236908148428,1.193052126626842
2962,img_2962.bmp,35.73324932,0.0184177960066656,2.138115007418724,1.2185681157877333
2963,img_2963.bmp,29.38395295,0.0183087941271073,2.0773306409006933,1.1253572900725166
2964,img_2964.bmp,56.11006091,0.0109242924782138,2.6213699338544223,1.162412610557131
2965,img_2965.bmp,44.14975845,0.0090746355342663,2.26879351197944,1.2434256175726743
2966,img_2966.bmp,27.89129141,0.0105856506194895,2.446052360993592,1.197986582215648
2967,img_2967.bmp,25.10216227,0.0134430399289659,2.3933637120647844,1.2411883888057869
2968,img_2968.bmp,25.01492195,0.0602080588439771,1.977019307251776,1.2879992490258618
2969,img_2969.bmp,22.75550964,0.055834337705046,1.839570770195238,1.1742708347220083
2970,img_2970.bmp,27.28804734,0.0145590103676537,2.4661131631815376,1.1857073712323811
2971,img_2971.bmp,21.9635503,0.0188355932105891,2.1094243984828034,1.2452378423219468
2972,img_2972.bmp,31.19594595,0.0153115572050115,2.191328963443369,1.2307388285171963
2976,img_2976.bmp,30.26990128,0.0146021205022553,2.0388793718120826,1.2535042845110314
2977,img_2977.bmp,24.51123714,0.0165113654221645,2.164100142220054,1.2988560455366205
2980,img_2980.bmp,46.82490532,0.0119353803904741,2.6766169947535494,1.1897794952300695
2981,img_2981.bmp,34.60971263,0.0119396932275469,2.1218329223071795,1.221583184242633
2984,img_2984.bmp,38.21106923,0.0403112526357873,2.567545927388543,1.162476387438193
2985,img_2985.bmp,24.26542353,0.0277907618883673,2.465536146575667,1.2680608014736103
2988,img_2988.bmp,35.57092258,0.0432151955051882,2.4892856826560794,1.152620325896462
2989,img_2989.bmp,29.76100523,0.0304527312690414,2.320531160071949,1.1684737258875224
2990,img_2990.bmp,40.23413111,0.0169352872924052,2.1244718250006067,1.1773531792181688
2991,img_2991.bmp,33.10171696,0.0193900717988831,1.9222745285439735,1.2241486233179366
2992,img_2992.bmp,37.5500126,0.020245695245942,2.031966753883756,1.266487640106191
2993,img_2993.bmp,34.89317208,0.0258440201382444,1.9370758712643352,1.2703549635149831
2994,img_2994.bmp,31.52784077,0.0666433648436151,2.2324507176859583,1.2449630419700473
2995,img_2995.bmp,26.21415974,0.0649509325538363,2.069813927103778,1.28074729084196
2996,img_2996.bmp,35.23613277,0.0125884437307862,2.391503678943305,1.2172049521134165
2997,img_2997.bmp,27.24927601,0.0094049525488332,1.8469595147159463,1.2890871026107802
2998,img_2998.bmp,45.34264983,0.0476195534464077,2.243988739013219,1.2475108499086316
2999,img_2999.bmp,37.40768611,0.0540606136198846,2.1220913886981667,1.2707325022010616
3000,img_3000.bmp,30.51215278,0.0281746617361967,2.3783262273212977,1.1818720387133377
3001,img_3001.bmp,21.01948302,0.0131376834574469,1.8637477257051336,1.2518988621612428
3002,img_3002.bmp,33.29638672,0.0380287233364496,2.7382084747182054,1.21343726159368
3003,img_3003.bmp,22.48364258,0.0485101576452342,2.611682818041851,1.3112826305936232
3004,img_3004.bmp,40.16447368,0.027134807719697,2.349460265022345,1.1675678858732228
3005,img_3005.bmp,29.94078947,0.0248686236933996,2.095397935261436,1.2735805382769356
3006,img_3006.bmp,29.21052632,0.0469551273940905,2.3665408223644757,1.1700021914005423
3007,img_3007.bmp,27.38486842,0.0476076039714015,2.273335627456105,1.2223137860228104
3009,img_3009.bmp,31.46141975,0.0745324661856581,2.519183158046232,1.1098663337035342
3010,img_3010.bmp,46.80211203,0.0629503114778746,2.665394628167164,1.2844229319197151
3011,img_3011.bmp,30.66345271,0.0362721195520739,2.1607099451307192,1.3145863303905791
3012,img_3012.bmp,46.31795225,0.0316135006375093,2.6338112982923616,1.2146963820847307
3013,img_3013.bmp,30.01790634,0.0330428723045902,2.448942431918837,1.2359141486612428
3014,img_3014.bmp,37.35810811,0.0496397581551163,2.383403626371156,1.1404357202175808
3015,img_3015.bmp,27.47297297,0.0425816202492927,2.215773033179082,1.1770655657146305
3016,img_3016.bmp,28.71253902,0.0225764233730076,2.435839861511169,1.1901799243044064
3017,img_3017.bmp,24.5062435,0.0244438966725516,2.119467886725069,1.2312132177823698
3018,img_3018.bmp,48.00578704,0.0266705026624966,2.266452173510226,1.2133697343621657
3019,img_3019.bmp,32.68190586,0.0267455199471338,2.4518594651850685,1.2176039925030973
3020,img_3020.bmp,28.36273222,0.045467865474778,1.957807564869848,1.2295391427959834
3021,img_3021.bmp,25.72433853,0.0386930668297612,1.811593980200762,1.2215764029715632
3022,img_3022.bmp,42.08254568,0.0398081941762345,2.7181400459505567,1.1675482446597902
3023,img_3023.bmp,25.84015963,0.0512773884437441,2.298071763238973,1.2690381009145888
3024,img_3024.bmp,45.47979592,0.0279634092972986,2.469098357803434,1.1709525112240358
3025,img_3025.bmp,28.98081633,0.0258793776823964,2.211350596615675,1.2273042649282728
3026,img_3026.bmp,49.56113424,0.0389147796397497,2.791744401902788,1.2181654026387798
3027,img_3027.bmp,43.8917794,0.0160908476153951,2.515320926531688,1.1737836718426913
3032,img_3032.bmp,47.13019031,0.023756596531005,2.3685753469573587,1.1857692312418928
3033,img_3033.bmp,31.01470588,0.0226974029562916,2.211924902580068,1.2202911551995532
3034,img_3034.bmp,32.5462963,0.0250199703680956,2.560726196384483,1.3034398357661534
3035,img_3035.bmp,24.40972222,0.0344576806099203,2.398968797217204,1.2351290768658336
3036,img_3036.bmp,39.6056338,0.0624919829400927,2.4816850909432238,1.1482809859951209
3038,img_3038.bmp,36.17622348,0.0234002929385083,2.8601313672101987,1.183359237517232
3040,img_3040.bmp,58.35449219,0.0119839695988529,2.567253873856302,1.1322009093277434
3041,img_3041.bmp,47.88500977,0.0139637672829871,2.175917306491062,1.2648545201275625
3042,img_3042.bmp,42.68657092,0.0238194925760288,2.546368792783266,1.1175445341272283
3043,img_3043.bmp,34.89317208,0.0275154116406004,2.347926783567894,1.2394930420381691
3044,img_3044.bmp,36.95878815,0.022023965176636,2.6193512806078,1.1716580438815467
3045,img_3045.bmp,35.70594787,0.0331442575749013,2.5300389772601037,1.206918144681846
3046,img_3046.bmp,45.19285714,0.0629856278649824,2.492127342243235,1.1272608384884686
3047,img_3047.bmp,35.15,0.0835718834256356,2.497057091387191,1.1068827031142765
3048,img_3048.bmp,35.42454019,0.0106042556374836,2.516372894344592,1.18484094199174
3049,img_3049.bmp,26.39128244,0.0103586136480685,2.1434972588893637,1.2330182677688315
3050,img_3050.bmp,32.48477211,0.0233082113434258,2.4551708998220825,1.2020359204368032
3051,img_3051.bmp,26.43079185,0.0216957850042826,2.3839101637482525,1.2667081495226302
3052,img_3052.bmp,40.43289941,0.0329205724566108,2.7462939328592952,1.14820020780683
3053,img_3053.bmp,31.61420118,0.0319225561778907,2.270757444296806,1.2116688544196297
3054,img_3054.bmp,41.31918367,0.0225054918757381,2.645274111038555,1.2398231732048166
3055,img_3055.bmp,33.28489796,0.0263461012410814,2.0430464530225807,1.3079161301879525
3056,img_3056.bmp,33.67008242,0.0225534014148373,2.11467868706435,1.235348299798211
3057,img_3057.bmp,27.40588104,0.0179396774296158,1.9218089975136132,1.2134345052152258
3058,img_3058.bmp,39.86248852,0.0200377633900252,2.759909901672597,1.1366363689610113
3059,img_3059.bmp,31.14761249,0.0166242834351185,2.4469998854082937,1.1542104631042351
3060,img_3060.bmp,45.25885498,0.0220311180142987,2.736145185638648,1.2238581814310403
3061,img_3061.bmp,31.00779684,0.0214553058505724,2.66141939769476,1.2405332127491395
3062,img_3062.bmp,38.26982249,0.0231754160468878,2.272376742540181,1.2250022167647487
3063,img_3063.bmp,30.61585799,0.0239356691247143,2.153444195775834,1.2700289006717518
3064,img_3064.bmp,25.67567568,0.0659220695231154,2.1213203435596424,1.245497090115382
3065,img_3065.bmp,22.46621622,0.0746125816417612,2.1681497555393667,1.2506445849846095
3066,img_3066.bmp,45.64421092,0.0109317220350318,2.0992215311503326,1.248417237033511
3067,img_3067.bmp,36.93751173,0.0108290595822262,1.8924322962738247,1.3096896080616838
3068,img_3068.bmp,46.82490532,0.0210605363517735,2.6877655034737216,1.19603787042595
3069,img_3069.bmp,34.13989753,0.0213615693551193,2.381311225675252,1.2500107188335623
3072,img_3072.bmp,49.22291093,0.013421117563737,2.7039663375825977,1.1925276246853496
3073,img_3073.bmp,27.43572084,0.0126722121191596,2.5956884548291823,1.215953843927974
3074,img_3074.bmp,43.90163265,0.0311855836200214,2.174127014366382,1.1695459692162082
3075,img_3075.bmp,30.84591837,0.0310594084607447,1.9998798425936888,1.2638635520197583
3076,img_3076.bmp,28.86748661,0.0457477526512545,2.543770303482972,1.1858192460393766
3077,img_3077.bmp,27.89129141,0.0412130421425159,2.400627241455107,1.1580357130947077
3078,img_3078.bmp,27.59710744,0.0159311637597197,2.582674569301549,1.1489784896455093
3079,img_3079.bmp,24.53076217,0.0140671613646926,2.1813545098147604,1.218028850981934
3080,img_3080.bmp,25.05680552,0.030586063325626,2.145645276742528,1.2298462669859742
3081,img_3081.bmp,23.02094008,0.0317184917080356,2.054762975786143,1.236341992041045
3082,img_3082.bmp,38.73278237,0.0268004113694389,2.479696900423061,1.1804638826997702
3083,img_3083.bmp,33.08425161,0.0171729014557688,2.1995510857828435,1.30179437737344
3086,img_3086.bmp,38.6294386,0.0502947799308159,2.2399261802653934,1.168846150080045
3087,img_3087.bmp,24.6837929,0.0548603005248983,2.0470389033808503,1.2280702776517105
3088,img_3088.bmp,45.33102289,0.0243964630217402,2.2246844729172808,1.2753777008857243
3089,img_3089.bmp,39.12938458,0.0238404274370046,2.0596109599962875,1.252792970183136
3090,img_3090.bmp,31.75170898,0.0186064116454239,2.451977798013518,1.2545658388849323
3091,img_3091.bmp,24.71484375,0.0218337897064787,2.3180322051258946,1.247022572599943
3092,img_3092.bmp,43.26153846,0.0188211294050945,2.601154853397324,1.202789198897933
3093,img_3093.bmp,28.45278107,0.0196846282511988,2.4329694246197744,1.1939079922000142
3094,img_3094.bmp,42.08254568,0.0433858970855232,2.554579185537197,1.1608390600887106
3095,img_3095.bmp,31.00819156,0.021768595251139,2.126135556212968,1.236590758226722
3096,img_3096.bmp,27.19400913,0.0253572645361688,2.3151423588898674,1.1736369953868668
3097,img_3097.bmp,25.10216227,0.031375235223021,2.330858507868518,1.1524354136134205
3098,img_3098.bmp,32.77226741,0.011369199638636,2.669764368248154,1.1972131471471117
3099,img_3099.bmp,27.19400913,0.0128685563755913,2.335448571687191,1.2330345130424836
3100,img_3100.bmp,36.63475666,0.0224102901915886,2.1676829369325423,1.1904960860148923
3101,img_3101.bmp,21.78719008,0.0240478570433176,2.1601494947225524,1.3406387403013598
3102,img_3102.bmp,39.53971534,0.0091125454337069,2.509636679618201,1.2169108113030125
3104,img_3104.bmp,40.3466483,0.0687292207325474,2.4168678077213905,1.220702582908043
3105,img_3105.bmp,34.69811754,0.0634625828733029,2.1824140382802613,1.259113121867347
3106,img_3106.bmp,42.61005817,0.0395424913153958,2.49318940411304,1.1156321943781684
3107,img_3107.bmp,29.4180897,0.0425667034446143,2.379860186270933,1.2143939776495878
3108,img_3108.bmp,31.92690311,0.0169670221825676,2.1547250953860426,1.2617759567575926
3109,img_3109.bmp,29.64641003,0.0131484296451405,2.079920094856839,1.2068133305071065
3110,img_3110.bmp,29.98734375,0.0109956287891999,2.3910397131652936,1.1304329636612152
3111,img_3111.bmp,26.69203125,0.0138133908501723,2.2258675751930563,1.2054654474254611
3112,img_3112.bmp,47.25057761,0.0347615162084116,2.7525495505534674,1.210699690825866
3114,img_3114.bmp,32.00442248,0.0267325965944508,2.400592136592447,1.2748433794833194
3115,img_3115.bmp,23.77471384,0.0421481344058434,2.263825696907916,1.2553485663075894
3116,img_3116.bmp,41.70629883,0.038542448080685,2.3772348541112684,1.145173024881543
3118,img_3118.bmp,40.49934322,0.020583204797127,2.433721475761369,1.2046113197547303
3119,img_3119.bmp,37.46519047,0.0231000025509364,2.205020255398144,1.1504778615116562
3120,img_3120.bmp,30.22477166,0.0427304787689803,2.252934967336141,1.2825792513208012
3121,img_3121.bmp,23.64736021,0.0427488406713397,2.1248133812351164,1.206517899171078
3122,img_3122.bmp,42.52551985,0.0111965981431985,2.5536837770772096,1.3267841576848252
3123,img_3123.bmp,33.37072044,0.0122121243356331,2.330772404161333,1.2967611740346254
3124,img_3124.bmp,46.82490532,0.0331455270084467,2.764863756929076,1.2063872192193597
3125,img_3125.bmp,33.20026732,0.037015063765077,1.894881907728284,1.322357531692683
3126,img_3126.bmp,40.83080808,0.0252452647796555,2.829092812299127,1.175513134688975
3127,img_3127.bmp,33.89118457,0.0246228741186987,2.228692729155757,1.1670797191372704
3128,img_3128.bmp,43.84940967,0.0238758391747934,2.297245548582386,1.1334719320255155
3129,img_3129.bmp,30.53798173,0.0217458936886013,2.127431841276429,1.1973255613953884
3130,img_3130.bmp,32.71608182,0.0129727819419264,2.1585266074251983,1.2248742050393342
3131,img_3131.bmp,25.72433853,0.0124664160872433,2.239355073700739,1.1635191145374442
3132,img_3132.bmp,36.72816327,0.0481296022242974,2.800181883778915,1.3341207381792677
3133,img_3133.bmp,25.10714286,0.0566714453676621,2.573052828522784,1.1858325024185163
3134,img_3134.bmp,44.36711111,0.0152841153179767,2.258230780349113,1.249286138553543
3135,img_3135.bmp,29.86968889,0.0153839674903426,2.110304833215189,1.283844907495337
3136,img_3136.bmp,30.12857143,0.0365902925819709,2.146676641587638,1.2318762361053677
3137,img_3137.bmp,25.53755102,0.054461901343417,2.033720765280598,1.2611379030615768
3138,img_3138.bmp,37.87591837,0.008933086449418,2.39770025721857,1.1730653281918508
3139,img_3139.bmp,23.24204082,0.0094542983372839,2.168102516208537,1.3046224331253868
3142,img_3142.bmp,48.41597796,0.0480870202933589,2.2312188443732155,1.1399159109441666
3143,img_3143.bmp,22.59412305,0.0403516624307886,2.1679325203738182,1.27218155702293
3144,img_3144.bmp,36.60591716,0.0189711972220078,2.5859728534933657,1.2895243030578352
3147,img_3147.bmp,29.02233064,0.0100318295400461,2.214753545549077,1.2301825266382245
3148,img_3148.bmp,37.34946871,0.0146656989248545,2.48118463274941,1.214143876379876
3149,img_3149.bmp,27.27104065,0.0146989012286917,2.3342951228880624,1.2159470932492322
3150,img_3150.bmp,49.40527778,0.0092160749447451,2.094577761253135,1.2501419738641568
3151,img_3151.bmp,45.30444444,0.0101955892218022,1.89215712993474,1.258845899558015
3154,img_3154.bmp,28.3190918,0.0481097933238131,2.3209858341221965,1.1368748849949282
3155,img_3155.bmp,22.65527344,0.0369539128053167,2.1478953306220627,1.2748194250500184
3156,img_3156.bmp,28.88483796,0.0416274367607205,2.3391788719225004,1.1695894359612502
3157,img_3157.bmp,21.83314043,0.0753647777653966,1.9666666666666663,1.1778817176496188
3158,img_3158.bmp,28.565427,0.0154126309588458,2.278139637187389,1.2009336092896143
3159,img_3159.bmp,26.46740129,0.0142251225844362,1.886913813056744,1.218949339270213
3160,img_3160.bmp,30.78224852,0.0400204446387198,2.6195402173332334,1.2190308678359598
3161,img_3161.bmp,22.46272189,0.0412556664279248,2.6061184121516376,1.231972128985871
3162,img_3162.bmp,36.80218311,0.0319360967086415,2.5428898819731383,1.1699193984769471
3163,img_3163.bmp,30.53798173,0.0384921265631654,2.0869249148519344,1.2436478068225685
3164,img_3164.bmp,43.0663845,0.0136171564516807,2.296371050157182,1.1982846012716404
3165,img_3165.bmp,35.54934284,0.0138364974673719,2.19638939945813,1.2336151885636395
3166,img_3166.bmp,53.51557093,0.0317964991837172,2.7071161782195685,1.1802466936544438
3167,img_3167.bmp,28.43014706,0.0313498001684244,2.2080031479346816,1.130283817845924
3168,img_3168.bmp,32.61254438,0.0653812722556006,2.339215337900893,1.2234266457875476
3169,img_3169.bmp,29.95029586,0.0665117930503338,2.3538352832219465,1.1405927915062957
3170,img_3170.bmp,29.49437716,0.0170763198477393,2.3335791461983453,1.1747967324700168
3171,img_3171.bmp,24.933391,0.0150143086334688,2.259346709120415,1.1611382832140908
3172,img_3172.bmp,28.69387755,0.0098494169724864,2.4444860397116317,1.1966739140295948
3173,img_3173.bmp,24.38979592,0.010880484202124,2.35798871993148,1.2763575314180062
3174,img_3174.bmp,51.99524221,0.0281159841309436,2.369531366975877,1.230075141319033
3175,img_3175.bmp,32.99113322,0.0353780302898413,2.303823781719566,1.2244635623994686
3176,img_3176.bmp,38.24862259,0.0170405065691243,2.5280978986144613,1.156333178340576
3177,img_3177.bmp,31.47038567,0.0366967344340632,2.408176058058361,1.1858358028663871
3178,img_3178.bmp,31.74648183,0.0103082087941175,2.85424686838496,1.1450281122690589
3179,img_3179.bmp,24.80655325,0.0199187180792017,2.504811260070525,1.163689999609161
3180,img_3180.bmp,28.05503046,0.0202522964752167,2.295334684484342,1.26377932116488
3181,img_3181.bmp,22.14870825,0.0302258038932569,2.144155974804692,1.3246027578713735
3182,img_3182.bmp,33.46954969,0.0248124899016929,2.576091865847496,1.2162144951355636
3183,img_3183.bmp,26.49672684,0.0296496731219267,2.1536400012338404,1.260199712818144
3184,img_3184.bmp,27.89129141,0.0204422308107149,2.052196707350228,1.2069241112965534
3185,img_3185.bmp,21.61575084,0.0203961143748407,1.8440609093400773,1.1873546216756532
3186,img_3186.bmp,25.68279164,0.0324206578182821,2.046398643496804,1.2621869164743544
3187,img_3187.bmp,22.84882842,0.0208179289607844,1.809711136208932,1.2634897708719466
3190,img_3190.bmp,35.2716263,0.0283643065093041,2.4168174369954265,1.1842367364761537
3191,img_3191.bmp,30.10250865,0.0305375725488545,2.4255999266823705,1.1701810162371806
3192,img_3192.bmp,25.67567568,0.0165442794851303,2.0871419370864035,1.237835577144802
3193,img_3193.bmp,22.20945946,0.0159917311368497,2.1622920360846423,1.2588006596832386
3194,img_3194.bmp,45.41546001,0.0337849113618723,2.5673725351230288,1.192361203501948
3195,img_3195.bmp,32.88705725,0.0402568235431526,2.1867710842956143,1.230269632257724
3196,img_3196.bmp,24.32525952,0.0270079488347034,2.1244947575874216,1.2511110480228878
3197,img_3197.bmp,22.8049308,0.0253710848382987,2.0405443803075007,1.2029596769147783
3198,img_3198.bmp,32.11771029,0.0224873214374492,2.557553729852235,1.168263058236981
3199,img_3199.bmp,21.53775867,0.0200435823597731,2.242751949220529,1.3090883060882952
3200,img_3200.bmp,43.17733564,0.0360353472453269,2.565704627716603,1.1452177632733562
3201,img_3201.bmp,31.31877163,0.0436288809134007,2.075814722939633,1.1955673129569298
3202,img_3202.bmp,29.83410494,0.0307482966706525,2.5205342258150663,1.1669954811560643
3203,img_3203.bmp,24.40972222,0.0266122930676635,1.9341387338391816,1.2837431982296756
3204,img_3204.bmp,36.60591716,0.0449364913641766,2.627196635610316,1.2020596409216526
3205,img_3205.bmp,31.61420118,0.0559003730555182,2.5430176514350435,1.186319843019316
3206,img_3206.bmp,43.76071006,0.0089055592591331,2.801518994543779,1.1252942855992798
3207,img_3207.bmp,37.93704142,0.0084967108694417,2.420659912914686,1.1701313488866592
3208,img_3208.bmp,23.77294686,0.0602851270940724,2.2424243918769418,1.252411153588173
3209,img_3209.bmp,20.96744381,0.0640614283842601,2.3662772596492982,1.2687313018344752
3210,img_3210.bmp,39.42470069,0.0206850308830869,2.2835894630781937,1.1887711283422515
3211,img_3211.bmp,32.78008822,0.0202578469012704,2.163311703331999,1.253719432396481
3212,img_3212.bmp,35.81756757,0.0463829083541022,2.6107515659044243,1.2460563720625617
3213,img_3213.bmp,26.7027027,0.0507327545656815,2.460609559952206,1.181688000962119
3215,img_3215.bmp,31.47038567,0.0666438282145389,2.338844224759808,1.2527487019928727
3216,img_3216.bmp,51.11842105,0.0152005120430929,2.270577350799739,1.1406537640884151
3217,img_3217.bmp,35.29605263,0.0154807603979718,2.076775514342585,1.1908874314021256
3218,img_3218.bmp,30.53798173,0.0397849900427704,2.4510564137094395,1.2741444123028165
3219,img_3219.bmp,22.70773001,0.0474878261309276,2.325011723235946,1.303174394190115
3220,img_3220.bmp,28.31527778,0.0151111648269382,2.1956717007737026,1.2074029919350917
3221,img_3221.bmp,24.40972222,0.0139642450709808,2.0860428985515096,1.3265118648488945
3222,img_3222.bmp,31.03618421,0.0219547704957632,2.7608344565641243,1.2408595875525867
3223,img_3223.bmp,26.16776316,0.0285859941416708,2.35691381578596,1.2273726157608067
3224,img_3224.bmp,46.06931317,0.0214081979420245,2.0494769365988263,1.1867361860831975
3225,img_3225.bmp,28.35034657,0.0309300627255064,2.235488735288836,1.187454723798707
3226,img_3226.bmp,30.03540039,0.0108823419296705,1.8716505810469988,1.221711445984489
3227,img_3227.bmp,27.11767578,0.0105484958281791,1.8863483835199255,1.3301771084367289
3228,img_3228.bmp,23.01031541,0.0287807970420873,2.26089268883368,1.2236251805050502
3229,img_3229.bmp,20.63955564,0.0305626890711938,2.346818176927125,1.2471788720252313
3230,img_3230.bmp,49.91715976,0.0292826045723974,2.095845025683296,1.125266408365556
3231,img_3231.bmp,35.2747929,0.0157439257676329,2.025353261056199,1.228261892350397
3232,img_3232.bmp,32.61842105,0.0312158630992452,2.449594607810637,1.1658670154969693
3233,img_3233.bmp,24.09868421,0.0310951574414221,2.2711741554092444,1.232398194470648
3234,img_3234.bmp,38.46431661,0.0227025152728359,2.880854832254111,1.1360068637483192
3235,img_3235.bmp,30.10250865,0.0355149678783862,2.390815760362977,1.1615042959388424
3236,img_3236.bmp,22.49453694,0.0321397565445998,2.056727702063663,1.2169996749212446
3237,img_3237.bmp,21.58012487,0.0254096978291179,2.1826611501280584,1.1855602972191874
3238,img_3238.bmp,28.36273222,0.0333761781195885,2.4692679664495847,1.146021561845472
3239,img_3239.bmp,25.0647401,0.0524149248274007,1.9749096426203263,1.181706078961726
3240,img_3240.bmp,30.06816663,0.0128350350809895,2.083747702970354,1.2547184304047454
3241,img_3241.bmp,25.37001559,0.0118141132348184,1.998127037098475,1.3417207163294929
3244,img_3244.bmp,39.31061224,0.0399239452393736,2.6197620565519903,1.1739350963718362
3245,img_3245.bmp,22.81163265,0.0610415877995613,2.230803700130258,1.315231680345116
3246,img_3246.bmp,39.9342838,0.0650355887279951,2.520979082331576,1.1824179862842412
3247,img_3247.bmp,30.53798173,0.0580613617601563,2.097780954129113,1.2122619931276002
3248,img_3248.bmp,35.42454019,0.0816917972716312,2.3762253976382968,1.1646328571371312
3250,img_3250.bmp,41.08969907,0.0556111295556618,2.3286117386286085,1.1965495264429171
3251,img_3251.bmp,30.51215278,0.0551561020680216,2.184880413694381,1.1854004259709183
3252,img_3252.bmp,45.60986159,0.0243170870819538,2.4052154107117527,1.1865753809254591
3254,img_3254.bmp,35.25848765,0.0286835515844836,2.8275527685671498,1.1564021787982324
3255,img_3255.bmp,30.51215278,0.0321990752511344,2.033720765280598,1.2152881163903555
3256,img_3256.bmp,46.64072544,0.0163732960370416,1.9402961461973007,1.2120933933183888
3257,img_3257.bmp,24.36937557,0.0143294666609337,2.288226349030518,1.1744070632621977
3259,img_3259.bmp,39.10177515,0.0164018426349696,2.137051845971575,1.2467621682954415
3260,img_3260.bmp,31.86824846,0.0368758732536292,2.3568347559688902,1.233464807671708
3261,img_3261.bmp,26.44386574,0.0398416071546056,2.2408172622379285,1.2603913312575972
3262,img_3262.bmp,58.57171196,0.0588255715946972,2.484191261896099,1.2243589426372803
3263,img_3263.bmp,36.25867883,0.0567297791399856,2.315471632752752,1.19478991282142
3264,img_3264.bmp,24.39189189,0.0156619150562603,1.948184027762632,1.2490598228657652
3265,img_3265.bmp,21.82432432,0.0161421003917705,1.9474646101516404,1.2308065225764655
3266,img_3266.bmp,24.68912591,0.0089516909175287,2.2072475037251,1.1664324070079863
3267,img_3267.bmp,21.9458897,0.008423771852545,2.085736136207369,1.1978856718976194
3270,img_3270.bmp,57.94386278,0.0417136242665037,2.426640509389489,1.221460439023595
3273,img_3273.bmp,19.57562932,0.030642524203156,2.439697504727593,1.2237320276836137
3274,img_3274.bmp,39.74509026,0.0445813919554031,2.1805486310257725,1.1849090403749412
3276,img_3276.bmp,25.96795918,0.0241507557309447,2.131705015481239,1.1871032356711533
3277,img_3277.bmp,21.37693878,0.0260958812544105,2.1273635504247213,1.2167508936834683
3278,img_3278.bmp,30.68042055,0.0468701746549497,2.3856313867406387,1.1540561498926063
3279,img_3279.bmp,23.28922833,0.0369490931405385,1.9724734969989317,1.122798735726518
3280,img_3280.bmp,51.36645133,0.0209654224542107,2.492647725396998,1.1520767246372272
3281,img_3281.bmp,43.5361996,0.0110650552630285,2.0487729489255355,1.279550107143058
3282,img_3282.bmp,46.82490532,0.0494960534780801,2.591444617033794,1.1589995518480114
3283,img_3283.bmp,32.73045222,0.0579010265087482,2.181899117897929,1.25138331761793
3286,img_3286.bmp,40.60596513,0.0202842986391613,2.508637325577613,1.2178068596289775
3287,img_3287.bmp,25.10186936,0.0275625647040464,2.259818046754541,1.28034065826321
3288,img_3288.bmp,44.21992654,0.0210019580372197,2.453765993937598,1.2646084858345892
3289,img_3289.bmp,37.11891644,0.0207922280428992,2.214404225635773,1.2605403942127575
3290,img_3290.bmp,43.9375,0.0675421666071107,2.702104709853728,1.1565101313063817
3291,img_3291.bmp,31.31877163,0.0748146631570932,2.4447250119569257,1.171998863777645
3292,img_3292.bmp,31.79315886,0.0336355070623479,2.4360494412784344,1.1573948981993476
3293,img_3293.bmp,23.40105601,0.0316658493749102,2.5015974277892217,1.1480919800324547
3294,img_3294.bmp,48.78378378,0.0309306310234814,2.8135956195472143,1.198740243426465
3295,img_3295.bmp,37.22972973,0.0312663674569971,2.43965490103088,1.2391849519293563
3296,img_3296.bmp,29.04958678,0.0562997244680733,2.3080127982580767,1.1241379503365507
3297,img_3297.bmp,23.23966942,0.0585288993159316,2.2616221209635485,1.248881976399638
3300,img_3300.bmp,49.99111111,0.0297940504721434,3.0757784956870675,1.1273653287047884
3301,img_3301.bmp,28.49493333,0.0273144843072616,2.2438971456470416,1.264594583207023
3302,img_3302.bmp,37.11891644,0.0118597095271642,2.0894482797279146,1.2176818509935472
3303,img_3303.bmp,28.24265381,0.0145175093873082,1.9010121534386164,1.3719511401971132
3304,img_3304.bmp,29.28514146,0.0127877490719405,2.29684423667169,1.3097727990150363
3305,img_3305.bmp,21.92470483,0.0123253466026093,2.1679384729049485,1.2821392206456257
3306,img_3306.bmp,39.45408163,0.0388357061971843,2.620167622126645,1.2069626963212738
3308,img_3308.bmp,27.98538675,0.0437903657912691,2.094051904987772,1.336530910183706
3309,img_3309.bmp,21.07760141,0.043935881588463,2.2755413351330294,1.2819113108779925
3310,img_3310.bmp,34.69811754,0.0223358511891805,2.3328335376513643,1.1889815379273028
3311,img_3311.bmp,25.01492195,0.0194671954460017,2.0659490750232097,1.2589542843471095
3312,img_3312.bmp,33.22434414,0.0198985397010971,2.3475775130025403,1.1916571619469958
3314,img_3314.bmp,35.66207076,0.0361094726398165,2.463783866246405,1.2178148947796346
3315,img_3315.bmp,21.03147763,0.0353129188721049,2.4590179403105683,1.2476353872049075
3316,img_3316.bmp,29.42531244,0.0453515271052761,2.306454759012309,1.189892799938827
3317,img_3317.bmp,26.35727038,0.0334778495775098,2.365633189784065,1.2177996153815829
3318,img_3318.bmp,38.77027027,0.0303079295043151,2.5554752539118786,1.2054266011910575
3319,img_3319.bmp,32.73648649,0.0341877143847877,2.467322507326704,1.1931328729134405
3322,img_3322.bmp,42.08254568,0.0199345085994294,2.63281265140215,1.1570278606391595
3323,img_3323.bmp,32.78008822,0.0245523825654033,2.219151368331928,1.2079476168915295
3324,img_3324.bmp,42.61005817,0.0616065266515406,2.3716841349270337,1.148613644669534
3325,img_3325.bmp,27.7031338,0.0251566193035382,2.2331422301122803,1.2612859706874804
3326,img_3326.bmp,38.35052569,0.0406893688772375,2.339247573028728,1.250203603327776
3327,img_3327.bmp,27.19400913,0.0440098206178499,2.1417024941039804,1.2147943887488113
3328,img_3328.bmp,34.38484278,0.0111961806560864,2.2085332495310954,1.313747677086006
3329,img_3329.bmp,28.71701156,0.0114920240718828,2.1506243791117114,1.2719713289798156
3330,img_3330.bmp,32.35371466,0.0602315667252132,2.677653373050159,1.230603331443186
3331,img_3331.bmp,28.30950033,0.0473813019718417,2.186432666440485,1.2162422797365944
3333,img_3333.bmp,23.18231464,0.0371408504878531,2.430020576044573,1.1940646494567075
3334,img_3334.bmp,31.85020408,0.0211562562119969,2.3839584557101734,1.2172868794984064
3335,img_3335.bmp,26.54183673,0.01958869154036,2.5472273043352947,1.1862745098039216
3338,img_3338.bmp,29.22524565,0.0134450697892958,2.5399546476068524,1.2083412868527288
3339,img_3339.bmp,24.79717813,0.0181270482900832,2.077501098449355,1.2926599292701382
3342,img_3342.bmp,39.45408163,0.0400100296002026,2.5647035498348854,1.1346561270390334
3343,img_3343.bmp,32.99795918,0.023551769858496,2.307657833288653,1.178037611247824
3344,img_3344.bmp,36.04248047,0.0318452914175346,2.5706225703738497,1.1799608859227886
3345,img_3345.bmp,24.02832031,0.0313915726594609,2.1710750193409085,1.2764410947003866
3346,img_3346.bmp,33.44723183,0.0501436656296142,2.523451647877978,1.2336340639610015
3347,img_3347.bmp,22.65289792,0.0453555175575639,2.363026156742592,1.181513078371296
3348,img_3348.bmp,30.51215278,0.0489221749043196,2.695912747949098,1.1529186298843688
3349,img_3349.bmp,26.44386574,0.0322195205343433,2.385910217834604,1.2211267102466787
3350,img_3350.bmp,41.18624026,0.0367658041405543,1.6909366045463232,1.2129254590869865
3351,img_3351.bmp,31.73985488,0.0411701156541717,2.25,1.2284303382326616
3352,img_3352.bmp,33.61088757,0.023630003349336,2.1926912790216977,1.1599642789067326
3353,img_3353.bmp,23.96023669,0.0242844615021628,1.9473927518779603,1.330421282910338
3354,img_3354.bmp,30.55029297,0.0410737437810389,2.340307264409448,1.1696852688989612
3355,img_3355.bmp,25.74462891,0.0427418136720616,2.152452414997574,1.272673362115
3356,img_3356.bmp,31.00819156,0.037903829331377,2.243093068221218,1.1237791159678132
3357,img_3357.bmp,27.16908213,0.0349243577814156,2.1720432507869463,1.1147016335016169
3358,img_3358.bmp,28.34551125,0.0197888328902313,2.242394380839306,1.2152958756962482
3359,img_3359.bmp,21.7680998,0.0209255476533187,2.3417099885301758,1.257257923342293
3360,img_3360.bmp,37.97067901,0.0222049662724275,2.1459141972300806,1.1650773852996092
3361,img_3361.bmp,27.79996142,0.0220944774939299,2.107643204391502,1.1944869863658862
3364,img_3364.bmp,38.77027027,0.0601545221003537,2.394881429990201,1.1974407149951003
3365,img_3365.bmp,31.58108108,0.0471472469372327,2.6091932362824903,1.1844108633461143
3369,img_3369.bmp,29.69849537,0.0204675488849653,2.620991975646995,1.167495962938497
3370,img_3370.bmp,30.84591837,0.0287411264833724,2.410845848920877,1.2116267059708536
3371,img_3371.bmp,24.38979592,0.0292232220760017,2.165954766970543,1.289926012370492
3372,img_3372.bmp,36.25867883,0.0475834002470242,2.419738650171777,1.266877466582939
3373,img_3373.bmp,27.89129141,0.0608821642185337,2.5134587404392,1.2380393363888609
3374,img_3374.bmp,36.74346667,0.0240720338420519,2.60065936001012,1.2099051566282748
3375,img_3375.bmp,23.37084444,0.0277742779899424,2.184833131184067,1.2732676676738928
3378,img_3378.bmp,60.0968284,0.0559705660623169,2.48849410907765,1.1800156113082216
3379,img_3379.bmp,34.25666877,0.0608511717894428,2.245818320160112,1.1877180943918355
3380,img_3380.bmp,28.88483796,0.0256468058623669,2.6253346207257278,1.1316653865934758
3381,img_3381.bmp,23.46045525,0.0250652761935892,2.563891865013166,1.17638918003617
3382,img_3382.bmp,31.63177227,0.0190131873603445,2.3295750885291127,1.1911863621155427
3383,img_3383.bmp,26.1446281,0.0198802146272317,2.186788543247061,1.2064099220364015
3385,img_3385.bmp,24.02119377,0.0563993389327696,2.193708794859516,1.3128803533966928
3388,img_3388.bmp,38.33881579,0.0527123043344134,2.439597095204064,1.2342009251820822
3389,img_3389.bmp,33.47039474,0.0545349270073403,2.341442491537315,1.1402545922030791
3390,img_3390.bmp,41.19140625,0.0339177871394361,2.5704263834946524,1.307026369190654
3391,img_3391.bmp,29.17724609,0.0375242431760728,2.0819456241566905,1.281158609320579
3392,img_3392.bmp,40.16447368,0.0199047234235811,2.575748970420194,1.2533761232172291
3393,img_3393.bmp,30.42763158,0.0245923232021721,2.498756596867078,1.152450775060811
3396,img_3396.bmp,35.25848765,0.018535583548489,2.5198500209563823,1.1794918190680737
3397,img_3397.bmp,29.1560571,0.0163901444022956,2.2959181744197497,1.2377209112959375
3398,img_3398.bmp,30.40657439,0.0192238070733142,2.1825272115276144,1.1886503201214682
3399,img_3399.bmp,26.30168685,0.0411895025043564,2.424521492321204,1.2091646411264323
3400,img_3400.bmp,30.06816663,0.0390267828250284,2.4515171067955626,1.2512728104264874
3401,img_3401.bmp,25.8398307,0.0497873741487026,2.2851906522827483,1.1999713583000675
3402,img_3402.bmp,44.75115741,0.0399048796509041,2.26787988500742,1.1380977274704132
3403,img_3403.bmp,26.44386574,0.0240993614311118,2.2356695334521683,1.3158655702253197
3406,img_3406.bmp,45.45782872,0.0127672571886274,2.712625154451852,1.2667611928586122
3407,img_3407.bmp,27.6699827,0.0139554701204477,2.087100599977099,1.329568193338586
3410,img_3410.bmp,28.83734694,0.0160841687719375,2.3381485785788305,1.130427284131379
3411,img_3411.bmp,25.68102041,0.0157150444935988,2.2100858965076258,1.1228142249110509
3412,img_3412.bmp,33.22434414,0.0250478011419763,2.381900452929433,1.2217809686046512
3413,img_3413.bmp,25.08777006,0.0402464426221845,2.259636611704019,1.2552948077221444
3414,img_3414.bmp,59.18243243,0.0281831016531944,2.8167192348522545,1.1574722833626028
3415,img_3415.bmp,30.93918919,0.0362875402015331,2.2333955215222305,1.2181654026387798
3416,img_3416.bmp,27.45401864,0.0132994268564906,2.2042989659031385,1.303715611998989
3417,img_3417.bmp,22.49458302,0.0143827879657046,2.263086603647716,1.3763409673876412
3418,img_3418.bmp,48.5475607,0.0359573984012034,2.13586223756249,1.2111872670412929
3419,img_3419.bmp,27.87569615,0.0435163653441082,2.544898832392772,1.269829857234389
3420,img_3420.bmp,41.00833333,0.0509934419450502,2.394007580373763,1.225762524139988
3421,img_3421.bmp,27.72944444,0.0498218096817876,2.1096785286919406,1.2975360995705951
3422,img_3422.bmp,33.67008242,0.0469936095255629,2.231235842241269,1.1156179211206343
3423,img_3423.bmp,25.8398307,0.0534123206841719,2.2005681084665385,1.1732192540245223
3426,img_3426.bmp,30.46510456,0.029575350783936,2.615206110609268,1.1745407652674635
3427,img_3427.bmp,25.32854623,0.0282714474161286,2.3775485749564345,1.220800401539632
3428,img_3428.bmp,45.36693333,0.0222230682193032,2.449697758557217,1.1808245439193217
3429,img_3429.bmp,29.86968889,0.0263231901103247,2.2084645158491805,1.3149628951500751
3432,img_3432.bmp,34.94201183,0.0171668112957016,2.3617435691027886,1.2023146407881191
3434,img_3434.bmp,31.23681641,0.0178544849785969,2.3440175117915723,1.2938700088579775
3435,img_3435.bmp,22.65527344,0.0238602655408043,2.2920101014445327,1.2713390427413187
3436,img_3436.bmp,39.99288889,0.0776815454887476,2.319909415350408,1.1822963477581308
3438,img_3438.bmp,29.68192907,0.0671643614838952,2.56539470647306,1.1888746017944642
3439,img_3439.bmp,24.40514168,0.0620146461297031,2.314874927212436,1.209306401427832
3440,img_3440.bmp,41.96051423,0.0157733540128957,2.4646493493312103,1.1742649861920076
3441,img_3441.bmp,29.85651974,0.0135174086780156,2.0850868937311264,1.3219930698581908
3442,img_3442.bmp,41.60612245,0.042095004442147,2.186065509868921,1.2047105186011775
3443,img_3443.bmp,27.25918367,0.0450632891700744,2.1189297928690287,1.1701869677244645
3444,img_3444.bmp,28.69387755,0.0093647994272325,2.4593759726926265,1.192203461355418
3445,img_3445.bmp,22.95510204,0.0096842801111468,2.172659725181532,1.2756027947189936
3446,img_3446.bmp,26.3096458,0.0087188096493429,2.20625445822782,1.1999275336770372
3447,img_3447.bmp,20.67186456,0.0095077176177138,2.0647908642428656,1.2732119674864382
3448,img_3448.bmp,45.60986159,0.0305687446907734,2.655583272047217,1.2272253935721888
3449,img_3449.bmp,25.08542388,0.0454108521957778,2.374600343310623,1.2028756722660434
3450,img_3450.bmp,32.27507716,0.037601806209927,2.191771725947459,1.196842693269434
3451,img_3451.bmp,28.47800926,0.0354787888023471,2.081175098386446,1.2415359153286447
3452,img_3452.bmp,28.10102884,0.0121392591827238,2.205238018225512,1.2389374118187195
3453,img_3453.bmp,23.12109968,0.0119644300361405,1.9524158267045373,1.230031090793121
3454,img_3454.bmp,25.59241884,0.0186964855251777,2.16444810951805,1.2430883861601345
3455,img_3455.bmp,24.27322199,0.0191899706570543,2.0320780062385544,1.2061463970984834
3456,img_3456.bmp,44.19309439,0.0193190551558162,2.3427572771859992,1.240223662611425
3457,img_3457.bmp,35.61831488,0.0215748137323307,2.5830224629561767,1.1854159095322567
3458,img_3458.bmp,28.69387755,0.036574821342484,2.710064354116399,1.2425779653607254
3459,img_3459.bmp,22.95510204,0.0372599571441504,2.1743834613120896,1.2631055714576287
3460,img_3460.bmp,30.03540039,0.0113865959390426,1.9717992788923429,1.2796679413160377
3461,img_3461.bmp,20.59570313,0.0120403429680351,1.8656521178755932,1.3176503910686583
3462,img_3462.bmp,32.48477211,0.0280814915556238,2.29207000452874,1.1857636308388304
3463,img_3463.bmp,23.6252888,0.0381882114286965,2.049783077231473,1.213055480397203
3464,img_3464.bmp,42.61005817,0.0502406113042342,2.58525367911272,1.1756782807912791
3465,img_3465.bmp,29.4180897,0.0471281076354872,2.6083616114062846,1.1366222381950613
3466,img_3466.bmp,25.82185491,0.0097070097801368,2.369622650466318,1.2296811331175164
3467,img_3467.bmp,22.59412305,0.0099432608734839,2.248713570971866,1.2500597450559316
3468,img_3468.bmp,28.33963215,0.0361899809550462,2.2648762503788595,1.2008801803457203
3469,img_3469.bmp,20.36911061,0.0425462479522017,2.092644868422412,1.343909194388937
3470,img_3470.bmp,36.31198347,0.0526845078915857,2.090892026320644,1.2381917659864117
3472,img_3472.bmp,43.93045986,0.0210110180661804,2.649653131082896,1.1867572233512351
3473,img_3473.bmp,24.21807403,0.0385919151995026,2.214963792296965,1.1279282877125754
3474,img_3474.bmp,42.99235556,0.0369451870944253,2.331161841443149,1.167149278973814
3475,img_3475.bmp,36.49351111,0.0409118948448273,2.2909449656178635,1.1914520738139578
3476,img_3476.bmp,64.89230769,0.0344824222176351,2.4935999664893345,1.2987175159212565
3477,img_3477.bmp,44.09349112,0.0326499800864597,2.475996676267868,1.2801551739185464
3479,img_3479.bmp,29.93373646,0.0517177516891642,2.3753089792130377,1.2452524221101688
3481,img_3481.bmp,22.27302632,0.0272388385018055,1.9181949298013188,1.2572996032225616
3482,img_3482.bmp,41.24266667,0.058981544210839,2.381504648466073,1.1911384515709376
3483,img_3483.bmp,28.74488889,0.0668861028882457,2.3,1.1311475409836065
3484,img_3484.bmp,48.77959184,0.0305122799439332,2.647551432126914,1.1500337354759549
3485,img_3485.bmp,41.60612245,0.0332488212315055,2.4521270010479257,1.196863031274025
3486,img_3486.bmp,41.31496786,0.0175636246662632,2.602087691550372,1.1872467475308652
3487,img_3487.bmp,35.50505051,0.0301486927149716,2.259467652928376,1.2131264054811748
3488,img_3488.bmp,37.4908949,0.0139026436587302,1.791925350639404,1.2757149511287516
3489,img_3489.bmp,33.46748179,0.0139321886331388,2.0328490948985376,1.3007849802300826
3490,img_3490.bmp,50.50122449,0.0377837576395616,2.4426105202930235,1.1336625560747629
3491,img_3491.bmp,38.73673469,0.0368308796947609,2.516743453077609,1.145605628192906
3492,img_3492.bmp,53.03393555,0.0326441016111026,2.5253491907124146,1.1841091798406698
3494,img_3494.bmp,38.68641042,0.0364385862615106,2.5099870132775863,1.1310359628599946
3495,img_3495.bmp,23.03465658,0.0386130610502075,2.0482713376843824,1.239520605973853
3496,img_3496.bmp,37.11891644,0.0084930376054205,2.468563250554222,1.299835940191132
3497,img_3497.bmp,29.04958678,0.0115321016894832,2.463461458683163,1.3483188726695574
3502,img_3502.bmp,41.31496786,0.0090208917150622,2.560027320415469,1.18996684054553
3506,img_3506.bmp,44.62606626,0.0341043888682644,2.5590537463361565,1.1909902295360857
3507,img_3507.bmp,32.07498512,0.041109245625361,2.353727128869074,1.2795042763395812
3508,img_3508.bmp,32.11771029,0.0184037496428035,2.3431152012368783,1.255268574194612
3509,img_3509.bmp,20.59312013,0.020948233808049,2.0954628401897817,1.2674812116644072
3510,img_3510.bmp,38.087236,0.0109133781952961,2.3361605003512262,1.2589830770279509
3511,img_3511.bmp,32.27731864,0.0106590314950172,2.3085747392563825,1.3374051852602464
3512,img_3512.bmp,29.28514146,0.0432003457131299,2.284505242741351,1.2864654516503975
3514,img_3514.bmp,43.64864865,0.0522402758961783,2.600100478129942,1.148959396361657
3516,img_3516.bmp,38.36823346,0.0369307821939869,2.9026880428707766,1.265210360788552
3517,img_3517.bmp,26.62285587,0.0689864271839793,2.448523283979417,1.1979680624931288
3518,img_3518.bmp,27.97653061,0.0276940603954416,2.177238469386303,1.2018115227650257
3519,img_3519.bmp,24.38979592,0.0286032244405722,2.0238240737742124,1.194833784432146
3520,img_3520.bmp,27.4609375,0.0490553331839126,2.6403804333481133,1.216977696527479
3521,img_3521.bmp,20.93896484,0.0335113131814867,2.1956923939289394,1.3014944233025874
3522,img_3522.bmp,36.95878815,0.0143031105963402,2.433368640666225,1.2740541771739853
3523,img_3523.bmp,26.15304077,0.0185150104056094,2.5564249900193547,1.2722305287617686
3524,img_3524.bmp,37.49333333,0.0834171241792825,2.275884495855132,1.1115281735278126
3525,img_3525.bmp,29.99466667,0.0396525948032341,2.019977151432088,1.238169448748849
3526,img_3526.bmp,38.73278237,0.009016662446533,2.8705562125142143,1.2892863747661245
3527,img_3527.bmp,30.66345271,0.0101691433899135,2.5713861877879265,1.241225004544276
3528,img_3528.bmp,53.20556641,0.0600557653126054,2.609595793543648,1.197457263417308
3529,img_3529.bmp,29.17724609,0.0789253519908115,2.6510644256822955,1.194363507848606
3532,img_3532.bmp,25.50524053,0.0110046599132838,2.4326206526570906,1.1597577328765774
3533,img_3533.bmp,21.15990325,0.0116472457203057,2.1397350501686248,1.2818619954184487
3534,img_3534.bmp,33.83043588,0.0142089739019979,2.4503237086861827,1.1789023809267627
3535,img_3535.bmp,26.74552784,0.0198249294132512,2.4212818274485026,1.163614961272973
3536,img_3536.bmp,34.94201183,0.0146491719692632,2.6406442351900985,1.1942816565652523
3537,img_3537.bmp,29.78390533,0.0115349045499867,2.5699655456300405,1.1393951457774858
3538,img_3538.bmp,40.60596513,0.0392449500336625,2.468176814143582,1.0733780373004211
3539,img_3539.bmp,25.84015963,0.0877620833706819,2.40555333304503,1.153846153846154
3540,img_3540.bmp,29.44406868,0.0779089503272509,2.290320101304464,1.2489346372787993
3541,img_3541.bmp,21.76300728,0.079829550698552,2.297570916596117,1.2514175591381105
3545,img_3545.bmp,32.81751543,0.0218208750462029,2.644308838008381,1.1799596877012055
3546,img_3546.bmp,49.99111111,0.0481873670924765,2.906190968595482,1.2236033740262406
3547,img_3547.bmp,26.87022222,0.0369855468539997,2.29032514571888,1.1510157942114416
3549,img_3549.bmp,29.85018427,0.061276570329461,2.7658842118644644,1.0983169273179814
3550,img_3550.bmp,57.48977778,0.011675038272914,2.496940052143401,1.1562488241584952
3551,img_3551.bmp,51.86577778,0.0111421117026221,2.1477798472446774,1.2059576166903294
3552,img_3552.bmp,30.46510456,0.0384496067708553,2.6007323466024848,1.1528635841002473
3553,img_3553.bmp,24.79717813,0.0402235335504678,2.551832735868538,1.2149322287487494
3554,img_3554.bmp,39.74509026,0.0215092519833355,2.289712115906088,1.1756242288071044
3555,img_3555.bmp,33.33009324,0.0230350759025566,2.164233671289203,1.2429991664684732
3556,img_3556.bmp,33.08425161,0.055163995290466,2.034797568833766,1.2636000486201826
3557,img_3557.bmp,27.11294766,0.0498218239288629,2.211308230101409,1.217907511040923
3558,img_3558.bmp,45.41546001,0.0091557527417821,2.2331680841624846,1.132099542697451
3559,img_3559.bmp,38.36823346,0.0096399265226005,2.155006302142662,1.2227879478510624
3560,img_3560.bmp,34.69964293,0.0421310721910148,2.595118725170092,1.153154606009912
3561,img_3561.bmp,32.48477211,0.0390920654911585,2.449998939284424,1.1660094660709397
3562,img_3562.bmp,34.02027027,0.0228449665409433,2.278914665309824,1.2377161518016435
3563,img_3563.bmp,24.39189189,0.0244028360088431,2.0448901456649216,1.3082577962842268
3564,img_3564.bmp,29.26118626,0.0207229698782977,2.47120796729088,1.2339367799650671
3565,img_3565.bmp,23.77471384,0.0208148771928311,2.331353422926616,1.2966580171122295
3566,img_3566.bmp,40.3466483,0.0298544504070491,2.4813349261440507,1.2084426574919058
3567,img_3567.bmp,30.66345271,0.0289492369139016,2.352351386799996,1.1871822561855063
3568,img_3568.bmp,38.39109431,0.0516650617595864,2.484490544726004,1.155070027003574
3569,img_3569.bmp,28.05503046,0.0383894866871664,2.069979602844197,1.163219362292113
3572,img_3572.bmp,33.50759992,0.0359095574677338,2.6127523079639445,1.1956233772903404
3573,img_3573.bmp,28.09889285,0.0302876625246887,2.231837892408954,1.212362478195005
3574,img_3574.bmp,31.66072434,0.009639911761505,2.2810143196790382,1.2610695305263562
3575,img_3575.bmp,25.0647401,0.0101407153224804,2.216194105844357,1.287850902471031
3576,img_3576.bmp,32.22083333,0.0683935081283696,2.2996887305658733,1.2385990049933988
3577,img_3577.bmp,24.99555556,0.0784724996482299,2.285295498768849,1.1873799916771348
3578,img_3578.bmp,37.9258494,0.0224147538948934,2.2640427838213077,1.2202514912968137
3579,img_3579.bmp,33.08425161,0.0211127037555703,2.3979478405824106,1.131417347457245
3580,img_3580.bmp,45.47979592,0.0517330865646472,2.2277140206079915,1.1018526977290466
3581,img_3581.bmp,28.55040816,0.0600145048866862,2.3330946751685677,1.2452413263720803
3582,img_3582.bmp,27.11571429,0.0315948218005406,2.2899009351488617,1.2949339141517682
3583,img_3583.bmp,24.24632653,0.0331753629484552,2.176284957494357,1.264570504311158
3584,img_3584.bmp,29.81384875,0.0366935765597578,2.2385710753751,1.2100457806655651
3585,img_3585.bmp,25.0647401,0.022096670020978,1.964610716079787,1.2099584495285236
3586,img_3586.bmp,38.74311111,0.0478546841108182,2.137642395618908,1.240873296096334
3587,img_3587.bmp,27.49511111,0.0736603500963769,2.574930137034483,1.1493940234208353
3588,img_3588.bmp,48.00578704,0.0125404818264256,2.2809401849757376,1.1312972461698023
3589,img_3589.bmp,43.9375,0.0135957085201965,2.216293686247589,1.1899322941364443
3592,img_3592.bmp,37.9258494,0.086732855353442,2.502786551115795,1.208361969022628
3593,img_3593.bmp,27.43572084,0.0765211531511848,2.3605960673320308,1.262911993574224
3594,img_3594.bmp,32.48477211,0.019147662366708,2.410506168601568,1.21606211011468
3595,img_3595.bmp,23.6252888,0.0141353097523268,2.182555904483824,1.2675085973027982
3596,img_3596.bmp,31.03618421,0.0158590648822897,2.242564631455553,1.232921632496463
3597,img_3597.bmp,22.51644737,0.0194534576123898,2.035079874235397,1.2296997411159245
3598,img_3598.bmp,44.0060147,0.0190026116101501,2.7147875163458672,1.1691949269066246
3599,img_3599.bmp,30.53798173,0.0253112966964909,2.2867083152184486,1.1819022880394774
3600,img_3600.bmp,45.25885498,0.0447954096802696,2.3355867267065182,1.157283874022033
3601,img_3601.bmp,38.21162843,0.0355838406660943,2.311952605778808,1.2756331051695564
3602,img_3602.bmp,43.0663845,0.0214015417563054,2.084203070486269,1.1251638745839434
3603,img_3603.bmp,38.36823346,0.0201234792838159,2.151347898344819,1.188416428650268
3604,img_3604.bmp,37.75878906,0.0206781143432765,2.478871213839576,1.2094754988961502
3605,img_3605.bmp,27.4609375,0.0157133228553737,2.208267842754434,1.233375687680704
3606,img_3606.bmp,40.23413111,0.0242511694854466,2.5179000351272327,1.1958822890109135
3607,img_3607.bmp,27.43236212,0.0223578498718779,2.3394460267512613,1.3716923399821153
3608,img_3608.bmp,32.07498512,0.0113357851201507,2.6305933109765283,1.2198448109444442
3609,img_3609.bmp,19.52390399,0.0132367024481422,2.410009787276816,1.2781515448021228
3610,img_3610.bmp,37.43786982,0.0214260163515101,2.3825015813687678,1.1985471215689885
3612,img_3612.bmp,43.23150169,0.020059456738389,2.329839940976645,1.24227050323775
3613,img_3613.bmp,34.16683198,0.0199370242489643,2.108885542831065,1.318149907471534
3614,img_3614.bmp,37.06217181,0.0137441840155308,2.031474118747268,1.2200882999129927
3615,img_3615.bmp,33.96135266,0.014954581110152,1.8995978841983845,1.204493965132174
3616,img_3616.bmp,40.43918919,0.0508603488089195,2.482971496631226,1.213504105108324
3617,img_3617.bmp,30.81081081,0.0623590254723197,2.320263064752609,1.145294382616252
3618,img_3618.bmp,31.56326531,0.0184091211205961,2.4052053713352763,1.2729363811245549
3619,img_3619.bmp,27.97653061,0.0251066106828408,1.998750771567118,1.2702151632482812
3620,img_3620.bmp,34.93794887,0.0291972131978923,2.634587565211004,1.190755619402032
3621,img_3621.bmp,29.08129848,0.0539308364699571,2.170548089081569,1.3326042215869551
3622,img_3622.bmp,63.09364187,0.0302355614015202,2.6760368293169825,1.2113089379921915
3623,img_3623.bmp,34.96756055,0.0264132363469167,2.398273324503358,1.1740683058854144
3624,img_3624.bmp,46.21621622,0.024350486370756,2.0772409843095567,1.232180584294422
3625,img_3625.bmp,33.37837838,0.0244442267488727,2.0230119932012536,1.2526298159495857
3626,img_3626.bmp,27.78721893,0.0492355957515826,2.4392957865798546,1.1703249024772953
3627,img_3627.bmp,23.62745562,0.0303993447319499,2.146555845413917,1.2900710805669495
3628,img_3628.bmp,46.17188966,0.0419170959849697,2.5722281946249788,1.1291059643028605
3629,img_3629.bmp,31.1330456,0.0635760509878408,2.250853496657353,1.2003745253502665
3632,img_3632.bmp,36.93751173,0.0207915452214778,2.7327489965209355,1.1494577583816117
3633,img_3633.bmp,25.0647401,0.0238000058556571,2.666720638486636,1.200115735159646
3634,img_3634.bmp,38.35052569,0.0338137823362756,2.199421056157188,1.1664093644604292
3635,img_3635.bmp,30.26205118,0.0345289439045257,1.940532308928595,1.146463118640732
3636,img_3636.bmp,26.44386574,0.0261742955338232,1.908230054640732,1.2423231156484875
3637,img_3637.bmp,23.73167438,0.0283092962052701,2.207589954321522,1.264362643761526
3638,img_3638.bmp,56.63055556,0.0135324361649817,2.301722168558509,1.2238066930361209
3639,img_3639.bmp,43.9375,0.013501085728421,2.087075951970587,1.2047550772145357
3640,img_3640.bmp,46.06596021,0.0246221624562096,3.106196884628958,1.231580178351309
3641,img_3641.bmp,30.71064014,0.0315372585932826,2.480140375497625,1.264881659953642
3642,img_3642.bmp,25.8398307,0.0417403066023976,2.473371192474369,1.195131347976957
3643,img_3643.bmp,21.92470483,0.0451358172376477,2.4318181818181817,1.2566512697614654
3644,img_3644.bmp,42.95258877,0.0122367983208146,2.4222669601263616,1.2225838768946795
3645,img_3645.bmp,23.42868478,0.0126742707940138,2.165572865165244,1.261540416576321
3646,img_3646.bmp,36.01915794,0.0233474818793213,2.614563718722116,1.2096708224882895
3647,img_3647.bmp,26.15304077,0.0165116015794886,2.097076037141275,1.1957695200041434
3648,img_3648.bmp,68.61844136,0.0290514382787761,2.300447119620141,1.191747220642237
3649,img_3649.bmp,29.29166667,0.0308142576398216,1.89158245391814,1.28681675735397
3650,img_3650.bmp,35.35447551,0.010528776169222,2.367952029417932,1.1765660240050604
3651,img_3651.bmp,27.17545506,0.0104673178459555,2.5002417265538,1.1711695289421686
3652,img_3652.bmp,36.17576298,0.0620662373957655,2.659057772086593,1.192115661062184
3653,img_3653.bmp,28.97193139,0.0588387430376731,2.5306053454922885,1.3029645852618386
3654,img_3654.bmp,29.02233064,0.0385989219143794,2.625696243392406,1.212687091345377
3655,img_3655.bmp,23.74554325,0.0384462729443985,2.2336637872888074,1.2446261991440666
3658,img_3658.bmp,46.64072544,0.0319500748338336,2.553360659018196,1.1529680648258884
3659,img_3659.bmp,25.82185491,0.05019856373192,2.4686214581664627,1.2701667916040968
3661,img_3661.bmp,29.98313827,0.0097296994350721,1.9642104071664133,1.1726509029265535
3662,img_3662.bmp,33.12194507,0.0259047435631009,2.2944990798423217,1.159981890751273
3663,img_3663.bmp,23.38019652,0.0181543679502123,2.142870403070712,1.277873505927881
3664,img_3664.bmp,45.72867008,0.0556522821888879,2.5545701861125023,1.1947044481297928
3665,img_3665.bmp,31.16440187,0.052694635821387,2.1665663419284757,1.2254495172535738
3666,img_3666.bmp,49.77294922,0.0270914284318584,2.269613136825233,1.2118587002467096
3667,img_3667.bmp,40.67651367,0.0143169206824745,2.073018031776767,1.336931026476741
3668,img_3668.bmp,41.96051423,0.00979857725286,2.705392334861129,1.182423299688053
3669,img_3669.bmp,37.11891644,0.0101710424861295,2.310931581373524,1.2492485474998878
3670,img_3670.bmp,37.10277778,0.0173696684923385,2.4378979272114623,1.1679687974877473
3671,img_3671.bmp,26.3625,0.013317977958693,2.273578346292915,1.2340889920443334
3672,img_3672.bmp,41.31496786,0.0571426261981873,2.7089594936915424,1.124834205289793
3673,img_3673.bmp,24.20798898,0.061027415029862,2.708460602585689,1.2536805502395727
3674,img_3674.bmp,34.43265306,0.0329581548180413,2.2792488098929846,1.1944122696242487
3675,img_3675.bmp,28.69387755,0.0428381575266105,2.48736561544901,1.2468005133717914
3676,img_3676.bmp,31.00112591,0.0197804783453713,2.406305492336536,1.133521076067224
3677,img_3677.bmp,26.38393695,0.0164153614462532,2.3603207387211818,1.2073974740254456
3678,img_3678.bmp,52.7678739,0.0718884509730504,2.440722196885738,1.1607775193873788
3679,img_3679.bmp,44.72077313,0.063993636371249,2.3241609535337764,1.1429055351736743
3682,img_3682.bmp,37.6532434,0.0211183735593322,2.3703375287076733,1.1775104132902767
3683,img_3683.bmp,28.86748661,0.0186420685141326,2.218089284446876,1.2219089770311689
3684,img_3684.bmp,27.36591696,0.0146680511946531,1.8726608940003764,1.2688507575829169
3685,img_3685.bmp,23.56509516,0.0147272518595985,2.2628334253576603,1.1830497757608165
3686,img_3686.bmp,50.85358796,0.0134798291118748,2.5346825327479987,1.1583340238744728
3687,img_3687.bmp,38.64872685,0.0181203601476972,2.589590386868329,1.1574389578287674
3688,img_3688.bmp,27.45401864,0.0204453321699988,2.496054163438438,1.2307364438381705
3689,img_3689.bmp,23.91156463,0.0362423229073729,2.4033950345932924,1.2086909663516467
3690,img_3690.bmp,36.14599362,0.0305801069668205,2.646911168781549,1.119008753927067
3691,img_3691.bmp,19.78795271,0.0528333439582416,2.23606797749979,1.2157646105127964
3693,img_3693.bmp,25.99762111,0.015580404785345,2.09752387148587,1.274575023590454
3696,img_3696.bmp,46.51196289,0.0164616196044614,2.826645193287584,1.2274534703198905
3697,img_3697.bmp,27.28930664,0.0185964428003763,2.3182926703640603,1.2742819659071123
3698,img_3698.bmp,39.99288889,0.0500172443320931,2.432888576360844,1.1138521421285692
3699,img_3699.bmp,31.24444444,0.0388870903419602,2.216079549462328,1.151510609663833
3701,img_3701.bmp,29.83410494,0.0202815216289185,2.2114231924110386,1.1864730778168648
3702,img_3702.bmp,36.01915794,0.0173975752663104,2.491247680867846,1.3171820432924486
3703,img_3703.bmp,28.03230118,0.0195591977915687,2.367641061847216,1.2768394894627246
3704,img_3704.bmp,48.77959184,0.0159041171035457,2.592504674370209,1.2134429978576833
3705,img_3705.bmp,32.99795918,0.0217421715693265,2.275788514855377,1.2421480741948725
3706,img_3706.bmp,37.73026316,0.0199654888787903,2.454583438173508,1.160646083603815
3707,img_3707.bmp,23.73355263,0.0207062293077978,2.047593528338676,1.1752339068488975
3708,img_3708.bmp,34.76631767,0.0146825054403671,2.761924121345662,1.2776290527989569
3709,img_3709.bmp,23.49075518,0.0213620329008139,2.2583159158449675,1.2548314624918893
3711,img_3711.bmp,36.93751173,0.0231087448289753,2.295564846813675,1.181992013120312
3712,img_3712.bmp,40.43289941,0.0095001741492469,2.072351516733556,1.2086992460471808
3713,img_3713.bmp,35.44118343,0.0154393159084702,2.1045894953655035,1.2324240615348685
3714,img_3714.bmp,28.40693878,0.0358078918481262,2.277873411941957,1.190223869715512
3715,img_3715.bmp,23.52897959,0.0389087514711075,2.3687784005919825,1.1850136536287692
3716,img_3716.bmp,31.32100691,0.0328377295378023,2.491075246950013,1.2306195669998508
3717,img_3717.bmp,21.2982847,0.0303772097049769,2.019066509738403,1.199897057160382
3718,img_3718.bmp,43.92878397,0.0419379398408537,2.1663743726611844,1.2155673101852211
3719,img_3719.bmp,25.10216227,0.0598610520351323,2.2447080857130937,1.258396957142189
3720,img_3720.bmp,31.86824846,0.034057291823406,2.71123816874891,1.1856186943701934
3721,img_3721.bmp,23.86728395,0.0253946403295986,1.9341112989830584,1.2525455913890249
3722,img_3722.bmp,39.45408163,0.0122410401939741,2.3187179403641003,1.185132849629968
3723,img_3723.bmp,35.00653061,0.014007059468104,2.0377898045129443,1.1682160449960777
3724,img_3724.bmp,40.3466483,0.0108658008130609,2.229464503676999,1.1285221177539606
3725,img_3725.bmp,28.72681359,0.0106681690177026,1.9927450484212517,1.126502899657169
3728,img_3728.bmp,31.31877163,0.0149501184663329,2.0352131181385804,1.2164275173548482
3730,img_3730.bmp,34.53892668,0.0113111177592806,2.4789074880571382,1.1960164939625872
3732,img_3732.bmp,35.43793321,0.017290494452415,2.279492452170945,1.0953224725193669
3733,img_3733.bmp,23.6252888,0.0148706748165447,1.9390699082026976,1.2102150797047888
3734,img_3734.bmp,45.99707031,0.023138816013339,2.512120082596183,1.1140373186809864
3735,img_3735.bmp,44.28076172,0.0350070492029555,2.316339202922722,1.149078928127173
3736,img_3736.bmp,43.04081633,0.0231444560276995,2.495903429422432,1.1695716159917633
3737,img_3737.bmp,30.12857143,0.0229965825252815,2.1487201617466885,1.212387429082538
3738,img_3738.bmp,44.76552271,0.0429719009904877,2.4692802863877894,1.0913346122775802
3739,img_3739.bmp,33.60900615,0.0447720049092493,2.1130508755929043,1.202568734069366
3740,img_3740.bmp,25.7658179,0.0195217915362461,2.03285994418314,1.1804069667938768
3741,img_3741.bmp,21.5619213,0.0191507396583755,2.0246316822754413,1.2095446429600922
3742,img_3742.bmp,28.47800926,0.0350510663985454,2.090583602422807,1.2302458902573297
3743,img_3743.bmp,26.57947531,0.0392560519981789,2.209145373795349,1.2076547923716938
3744,img_3744.bmp,50.97436523,0.0289643217391967,2.4621244980868693,1.273190174299028
3745,img_3745.bmp,28.14746094,0.0321034740941219,2.545278162735925,1.224894572476032
3746,img_3746.bmp,36.15428571,0.0226358427197664,2.358519531207017,1.1855333463559183
3747,img_3747.bmp,31.41979592,0.025551741568712,2.1385620917671435,1.2295397696144417
3748,img_3748.bmp,32.28061224,0.0133725949806795,2.7433045039914523,1.195871640474704
3749,img_3749.bmp,27.25918367,0.0135673950301747,2.4288338888208743,1.229608755663249
3750,img_3750.bmp,35.18227732,0.0147344487574812,2.4768834898205574,1.1866935958155689
3751,img_3751.bmp,29.85651974,0.0121272725460283,2.3707813079098727,1.2467818204940209
3752,img_3752.bmp,32.28061224,0.0367230543202952,2.7132538328999667,1.1671941822835925
3753,img_3753.bmp,26.39836735,0.038242510155781,2.522020420634305,1.122016560406185
3754,img_3754.bmp,33.63513514,0.0169191111832019,2.434795987630512,1.2343556427670808
3755,img_3755.bmp,22.20945946,0.0213646635917058,2.1955757550939468,1.2878622014189691
3756,img_3756.bmp,29.70422535,0.0745607049292444,2.1722171429013466,1.144330555062005
3757,img_3757.bmp,26.91509621,0.0825895811242907,2.1785714285714284,1.19584857100118
3758,img_3758.bmp,35.58908613,0.0479077611899193,2.0897508998752485,1.21784189632703
3759,img_3759.bmp,30.04273504,0.0513212627926033,1.934004943994677,1.2259588124878829
3760,img_3760.bmp,46.51228733,0.0450771046659633,2.6578255934590405,1.2292775470459194
3761,img_3761.bmp,40.60596513,0.0231943799612029,2.11130737087396,1.2252634757998802
3762,img_3762.bmp,34.00698737,0.0086344577464735,2.1226874634379023,1.2472877683151158
3763,img_3763.bmp,28.15022843,0.0099069609959961,2.4944949224307487,1.1477539084424382
3766,img_3766.bmp,53.08367347,0.0199881493257395,2.313835979647972,1.2311155245264185
3767,img_3767.bmp,38.73673469,0.0208070147576244,2.062999016179206,1.192655001266139
3768,img_3768.bmp,53.08367347,0.0766144432438178,2.32241912092723,1.2257585533977813
3769,img_3769.bmp,43.04081633,0.0770694546226939,2.28101856311587,1.206205859832908
3770,img_3770.bmp,38.76899408,0.0136817117883434,2.325819307692057,1.246087423073282
3771,img_3771.bmp,28.78556213,0.0142743047467467,2.3689740928070058,1.1808804943735187
3772,img_3772.bmp,34.4531076,0.0139399681483555,2.5211828122985134,1.2144016634715102
3773,img_3773.bmp,26.62285587,0.0166087494736786,2.025453529867088,1.2005941769604072
3774,img_3774.bmp,35.56139655,0.0308049427603549,2.55758220730226,1.194072116405907
3775,img_3775.bmp,32.07498512,0.0237328229397767,2.3395272175705264,1.2512128299646346
3776,img_3776.bmp,28.24265381,0.0572259562313587,2.250517678605967,1.162476387438193
3777,img_3777.bmp,21.78719008,0.0524415156517076,2.091124548115848,1.2318660225355775
3779,img_3779.bmp,23.05362654,0.0776680180834947,1.9003681126904255,1.2037709288167948
3780,img_3780.bmp,31.19020062,0.0212319483627457,2.408578283821649,1.2167031812415705
3781,img_3781.bmp,28.47800926,0.0201692803497836,2.409962491010844,1.2277022318400876
3782,img_3782.bmp,45.60986159,0.0615923750555378,2.5342103744997617,1.1498040725734515
3783,img_3783.bmp,39.52854671,0.0760680579577698,2.5931518933081734,1.153314223880824
3784,img_3784.bmp,34.95162591,0.0269714011410931,2.622724316867424,1.214411215251041
3785,img_3785.bmp,31.73985488,0.0256244394385998,2.091866509665605,1.341914221050187
3786,img_3786.bmp,35.56139655,0.0091613795857997,2.5536966155815595,1.133605607938288
3787,img_3787.bmp,25.79944455,0.0138287293158253,1.834807638065765,1.2433885502584228
3788,img_3788.bmp,33.89118457,0.0569329835426926,2.4677909640097355,1.129972564311316
3789,img_3789.bmp,29.04958678,0.0801875410636725,2.150224456064937,1.210453102860227
3791,img_3791.bmp,20.97097554,0.0088639893914944,2.0710744064971944,1.281686959984071
3796,img_3796.bmp,30.66345271,0.0237841224197793,2.128526455345915,1.296335797118495
3797,img_3797.bmp,23.40105601,0.0218468237839845,2.055800634550375,1.2830754326273452
3798,img_3798.bmp,39.45408163,0.0219201836632416,2.893936197887054,1.2400116917679114
3799,img_3799.bmp,24.67673469,0.0224205859590259,2.387666132903598,1.2797265941886184
3800,img_3800.bmp,42.87837838,0.0648603937919794,2.321597055867553,1.1423918545129286
3801,img_3801.bmp,36.97297297,0.0641130517604135,2.3112207278949493,1.286106152314581
3804,img_3804.bmp,42.82083596,0.0089637527280094,2.073092936002364,1.2281254509072084
3805,img_3805.bmp,25.98781769,0.0109817542055527,1.9613638048662292,1.2358893750137117
3806,img_3806.bmp,40.3466483,0.0348939766308177,2.41962719396234,1.2110707400116163
3807,img_3807.bmp,27.75849403,0.0370697248270358,2.2039589827891963,1.1912561737186833
3808,img_3808.bmp,30.34152749,0.0532675428402421,2.5131769524171164,1.2239671432955364
3809,img_3809.bmp,22.55826609,0.0513056668187833,2.136899553223756,1.2882059896110536
3810,img_3810.bmp,41.15358127,0.0403176712178163,3.2350397576386194,1.2262028838051402
3811,img_3811.bmp,23.07828283,0.0504506249705082,2.603131793328565,1.2292741764452702
3814,img_3814.bmp,40.83080808,0.0623666110743308,2.8832992619820685,1.1718735730584922
3815,img_3815.bmp,26.62878788,0.0673725172015126,2.447441502820688,1.223720751410344
3817,img_3817.bmp,23.7075977,0.0082904068964249,1.6356141244235576,1.2799982815104276
3818,img_3818.bmp,45.45782872,0.0563494769805141,2.119153150407226,1.1237550538855126
3819,img_3819.bmp,37.70415225,0.0533133585507284,1.9080381642369888,1.173198215155738
3820,img_3820.bmp,35.86734694,0.0088508682001263,1.943236078425451,1.2520275834231709
3821,img_3821.bmp,21.52040816,0.010353860902538,1.856012359655676,1.3015040307865835
3822,img_3822.bmp,40.44237255,0.015203060138071,2.383734838613959,1.3705431431308577
3823,img_3823.bmp,29.98313827,0.0164243724677908,2.1972543643558047,1.231399572302861
3824,img_3824.bmp,52.36632653,0.0610164158057963,2.7296602544108763,1.303696125811806
3825,img_3825.bmp,35.58040816,0.073977157063665,3.177015998847709,1.2361050930665127
3827,img_3827.bmp,32.41345427,0.0087008141901702,2.3581635566339108,1.269697806579774
3828,img_3828.bmp,28.50211628,0.0167515572045867,2.4792416627041733,1.1201297252600544
3829,img_3829.bmp,26.3096458,0.0254970384854993,2.30306848963051,1.1579038346919792
3830,img_3830.bmp,27.72944444,0.045108902214732,2.1793080852611912,1.2545356784683463
3831,img_3831.bmp,21.67583333,0.0370489747683675,2.291813490836374,1.2377608263592614
3832,img_3832.bmp,28.40693878,0.0135011707046349,2.0754878065256124,1.358204623002158
3833,img_3833.bmp,21.52040816,0.0120059373584202,2.459892838685738,1.2693274998409254
3834,img_3834.bmp,32.13946759,0.0181050263953416,2.4044608479163547,1.2309199366252526
3835,img_3835.bmp,27.12191358,0.0136979371096996,2.36167908274762,1.3987503838083
3836,img_3836.bmp,50.21428571,0.0181012332242159,2.769828515364909,1.153625125469984
3838,img_3838.bmp,34.96756055,0.0493910091622011,2.3106474864235134,1.2228245877282558
3839,img_3839.bmp,23.56509516,0.0545779758523606,1.9537931549444252,1.171692842501152
3842,img_3842.bmp,46.06931317,0.0278363450129814,2.3991510088306987,1.2242866412915272
3843,img_3843.bmp,26.57844991,0.0292277636761663,2.259467652928376,1.142525756926489
3844,img_3844.bmp,51.67966139,0.0214221019088961,2.766721240733728,1.2389436449839173
3845,img_3845.bmp,31.32100691,0.0211009207768969,2.317939780836898,1.2126209017895426
3846,img_3846.bmp,38.00821799,0.0133797973595448,2.558509459023444,1.174422877950802
3847,img_3847.bmp,31.01470588,0.0161368493113732,2.517333540926805,1.309665878381773
3848,img_3848.bmp,37.74328889,0.0832657955633121,2.45937529935651,1.2033838872458729
3849,img_3849.bmp,27.49511111,0.0864767887768268,2.2073150540043143,1.2275297423250822
3850,img_3850.bmp,34.86411426,0.0088592956400017,2.2586490635382472,1.15852185398449
3852,img_3852.bmp,39.15125863,0.0412942688295315,2.273071990956576,1.2136609794225786
3853,img_3853.bmp,33.67008242,0.0420351698959391,2.185682017667012,1.253559450205269
3856,img_3856.bmp,36.57648283,0.0166297394131807,1.930545749243329,1.4109342265533549
3857,img_3857.bmp,21.9458897,0.0204235036621109,2.5120803647907133,1.2361593293910171
3858,img_3858.bmp,72.60431842,0.084800176383996,2.5396267721875656,1.1520612194117337
3859,img_3859.bmp,47.00078044,0.08850155040426,2.519733439031515,1.1836029331721944
3860,img_3860.bmp,49.33796209,0.0552684658083721,2.2792003199281665,1.201791430978513
3862,img_3862.bmp,42.76236686,0.0180842434611573,2.549149289970024,1.1638965471268454
3863,img_3863.bmp,33.27810651,0.0242902748003264,2.0770108308876054,1.187036877877122
3864,img_3864.bmp,41.62383472,0.0163681722945161,2.5382925865388968,1.1778155942993411
3865,img_3865.bmp,29.57949106,0.0198631513466192,2.44800789098308,1.2124203348085598
3866,img_3866.bmp,44.29741651,0.0228232965051315,2.663162725685304,1.1882195432154297
3867,img_3867.bmp,30.12224323,0.0232764096025971,2.441888472588073,1.1755939259520167
3868,img_3868.bmp,40.43289941,0.0091543196993457,2.108450012097789,1.2119648971961736
3869,img_3869.bmp,33.77727811,0.0120129542719634,2.0156141204982965,1.316909759670158
3870,img_3870.bmp,36.72816327,0.0410495444956754,2.385469645906418,1.154685256375818
3871,img_3871.bmp,29.55469388,0.0412438028313509,2.4351591323771844,1.173519563258608
3872,img_3872.bmp,46.17188966,0.0125410233741666,2.10550533028132,1.1838288526991465
3873,img_3873.bmp,40.23550385,0.0135016921637921,2.088610607888694,1.2431539711560675
3874,img_3874.bmp,31.47761194,0.038053700134718,2.37625406776355,1.1615474229364624
3875,img_3875.bmp,26.3096458,0.0385184243595884,2.238502777464086,1.20690591223926
3876,img_3876.bmp,47.46334877,0.0395301867614784,2.4829920535299324,1.1208772581930224
3877,img_3877.bmp,29.1560571,0.0344294390287072,2.568578906243216,1.165808383274916
3882,img_3882.bmp,56.54918981,0.0506810574758834,2.286640991757823,1.2006786119229114
3883,img_3883.bmp,43.12384259,0.0541453443163724,2.313966095588861,1.1004067164618003
3884,img_3884.bmp,45.60986159,0.0859448015119103,2.5016523465121843,1.144357763497783
3886,img_3886.bmp,36.61458333,0.0153053755762232,2.011628319808933,1.1984860177178809
3887,img_3887.bmp,31.19020062,0.0154547327463264,2.0929437547448284,1.2415189687137322
3888,img_3888.bmp,33.19063678,0.0339112248266019,2.1602268495646566,1.1842055711869222
3889,img_3889.bmp,26.21781393,0.0488080659800852,2.043593891270612,1.1899407468157994
3890,img_3890.bmp,37.35748792,0.0216380416710249,2.658752624303619,1.1629622350895843
3891,img_3891.bmp,25.10186936,0.0248053945099626,2.466114284865013,1.1465684690644988
3892,img_3892.bmp,34.11005917,0.0421320070354408,2.279894916803696,1.2031880442944838
3893,img_3893.bmp,30.78224852,0.0605345823774427,2.080496852505351,1.2217098184278417
3894,img_3894.bmp,42.99235556,0.0204679408477264,2.298357692585532,1.1274927000043906
3895,img_3895.bmp,28.74488889,0.019742929921051,1.7794666125577026,1.1829520840958427
3898,img_3898.bmp,33.27810651,0.028957895284569,2.839485658291144,1.2138210462199797
3901,img_3901.bmp,37.75878906,0.00947440236709,2.203372180684342,1.3023167360002812
3902,img_3902.bmp,36.63475666,0.0449499444525879,2.622049176545412,1.2329397976423524
3903,img_3903.bmp,26.95156107,0.0543975867005369,2.368185908722096,1.20761783333298
3905,img_3905.bmp,29.78378378,0.0286022379861848,1.988271681665652,1.2663756788082885
3908,img_3908.bmp,34.57612245,0.0451717661869526,2.466929728061688,1.2228757066767886
3909,img_3909.bmp,27.25918367,0.0482370056958873,2.2876013121674545,1.2121947029193674
3910,img_3910.bmp,38.96699421,0.0192957320002301,2.142433828909033,1.1447500892810132
3911,img_3911.bmp,32.76769967,0.0200090567141028,2.144106679105909,1.3520017407006597
3912,img_3912.bmp,28.12608131,0.0260496232168442,2.238600331626708,1.2246842963628497
3913,img_3913.bmp,21.28460208,0.0448706021347157,2.193573501363096,1.2464119431075389
3914,img_3914.bmp,44.21992654,0.0203158368651676,2.4576761720022327,1.2559519353890012
3915,img_3915.bmp,32.92286501,0.0205059920902767,2.218000592249456,1.2622162487032744
3916,img_3916.bmp,36.71621622,0.0229692451805743,2.413248949404781,1.1891750396762557
3917,img_3917.bmp,30.55405405,0.0201774202953529,1.8298451064823005,1.238187420274136
3918,img_3918.bmp,22.67132491,0.0280977579259052,2.127280218496912,1.2659440663334884
3919,img_3919.bmp,20.59312013,0.0272699709578263,2.105830522370299,1.3174323121376323
3920,img_3920.bmp,31.82154006,0.0097031598858091,2.217217753070964,1.2960321492076174
3924,img_3924.bmp,35.70594787,0.0286578359888686,2.2037902463288392,1.1510572586703454
3925,img_3925.bmp,29.44174649,0.026945121428557,2.0784625141213344,1.159704174156975
3926,img_3926.bmp,32.48477211,0.0948813118967841,2.289679959169973,1.2487106752628745
3927,img_3927.bmp,25.10186936,0.0900821831805289,2.037318015723981,1.2929130029949825
3928,img_3928.bmp,26.62285587,0.0502992528694289,2.1487229484692416,1.1349981990455391
3929,img_3929.bmp,22.08130987,0.0584280013051043,2.3602007154300293,1.2498648575594733
3930,img_3930.bmp,29.64641003,0.0098054516922232,2.4621307194285778,1.2354985504782348
3932,img_3932.bmp,39.54375,0.0347657802852043,2.200718486531981,1.1940360526378138
3933,img_3933.bmp,26.3625,0.0491383292540231,2.3331173351262,1.293915110740548
3935,img_3935.bmp,31.94742704,0.0205020636465048,1.9125336604812144,1.3141005264160197
3936,img_3936.bmp,32.99795918,0.0509119693630583,2.383253217999726,1.2463469753315684
3937,img_3937.bmp,25.8244898,0.0382718818829623,1.9021902128747463,1.3182203601950573
3938,img_3938.bmp,34.55198488,0.0157726380322851,2.3308145121738764,1.1892907430488278
3939,img_3939.bmp,24.65889519,0.0158521874311007,2.302589857174303,1.19513434788334
3940,img_3940.bmp,46.82490532,0.0317716137225947,2.6368708512147023,1.15719041712337
3941,img_3941.bmp,33.67008242,0.0360785322638846,2.469220358803132,1.1924926389248849
3942,img_3942.bmp,27.31674018,0.0161638256523125,1.940589942866121,1.260753597960325
3943,img_3943.bmp,25.10186936,0.0158588141489251,1.8971883727663443,1.2855425803913891
3944,img_3944.bmp,45.61688889,0.014616742408131,2.480806320533709,1.1414001236059397
3945,img_3945.bmp,35.61866667,0.0154746167902714,2.3682673672911254,1.177370439227312
3946,img_3946.bmp,44.75115741,0.0362341320099256,2.837613517233472,1.2396004298463963
3948,img_3948.bmp,39.32677469,0.0516802881140655,2.616515592568454,1.1917515624324893
3949,img_3949.bmp,28.7492284,0.0307832023435805,2.1276976750317664,1.1779733388501856
3950,img_3950.bmp,39.77767877,0.0124724602522792,2.333817369380092,1.190617485774204
3951,img_3951.bmp,34.9229227,0.0153171366819727,2.3883542463486105,1.2373165749262094
3952,img_3952.bmp,26.25395001,0.0254527794114777,2.0426290881508287,1.2685530442763022
3953,img_3953.bmp,22.21488078,0.0252876501900266,1.842376035443126,1.2720998738349678
3954,img_3954.bmp,30.41755934,0.031825858661422,2.0624540118607824,1.2520253861514024
3955,img_3955.bmp,24.51123714,0.0510568810496535,2.1119482198649737,1.2040995870125393
3956,img_3956.bmp,38.83406847,0.074515176875576,2.204084427983754,1.1046598951476791
3957,img_3957.bmp,31.89413989,0.0830195130135361,1.8946791066556496,1.1796630613321777
3959,img_3959.bmp,20.91846856,0.0105046613369542,1.928333364346145,1.315105000540251
3960,img_3960.bmp,39.04780797,0.0126078048610446,2.1258715815076514,1.1365223263541768
3961,img_3961.bmp,24.40487998,0.0128786185194764,2.1682642080371037,1.1800020369416746
3962,img_3962.bmp,39.32677469,0.0080888366217664,2.279539553952658,1.2370720593474571
3963,img_3963.bmp,29.1560571,0.00965347097508,2.2132636671395187,1.1886013282812318
3965,img_3965.bmp,34.55198488,0.0312147225774442,2.1821473312562194,1.2177963443520483
3968,img_3968.bmp,24.47729239,0.0107352083009039,2.0291786782935435,1.2078644717017344
3969,img_3969.bmp,24.02119377,0.0104225610759452,1.9691206731558173,1.2366873552310451
3972,img_3972.bmp,33.51347739,0.010254829983439,2.5797352154625037,1.2340376012020913
3974,img_3974.bmp,35.87084961,0.0350158749678342,2.5812389173628687,1.1609079869863494
3975,img_3975.bmp,24.54321289,0.0356709056911476,2.159743814483548,1.257101319530601
3976,img_3976.bmp,37.4455102,0.0239992890259539,2.3466064975211065,1.1573771252459948
3977,img_3977.bmp,29.55469388,0.0182223498535321,2.1372240551646744,1.208200518115365
3978,img_3978.bmp,41.38157895,0.0231771714885901,2.544596755421654,1.1889935171212438
3979,img_3979.bmp,30.42763158,0.0279614038799187,2.4251708945269743,1.2240468121320356
3980,img_3980.bmp,31.75170898,0.0200088851166015,2.537084780709073,1.2310729554436914
3981,img_3981.bmp,24.37158203,0.0610238096934654,2.456408954984581,1.209889510878276
3982,img_3982.bmp,26.6027832,0.0786155672250475,2.426871624613247,1.2061412053890912
3983,img_3983.bmp,21.79711914,0.0806438757763097,2.379160487289047,1.201577780789855
3984,img_3984.bmp,46.17188966,0.0140681946729548,1.9376937335815367,1.2593039674969355
3985,img_3985.bmp,29.4180897,0.0141652137149314,2.642805670015627,1.164650784505266
3986,img_3986.bmp,48.5715332,0.0144306331103632,2.789780528887716,1.1617385923876402
3987,img_3987.bmp,29.00561523,0.0186898591879799,2.63387122412852,1.1982349035448838
3988,img_3988.bmp,40.74480969,0.0112322208312585,2.5152388199366014,1.17019234400813
3989,img_3989.bmp,35.42365917,0.0134722993819535,2.093277380884248,1.295913265504233
3992,img_3992.bmp,40.76568047,0.0207592343635291,2.5707498555260107,1.1788023952441051
3993,img_3993.bmp,27.45443787,0.0700131303495888,2.3458415657510274,1.2148108108353537
3998,img_3998.bmp,41.24266667,0.0428180230800961,2.4069706405693174,1.108743504688415
3999,img_3999.bmp,28.74488889,0.0552277383830799,2.127587182452205,1.2275159272227725
4000,img_4000.bmp,43.57438017,0.0478064451857653,2.4987707197662594,1.1629828347144893
4001,img_4001.bmp,29.04958678,0.0586207166238714,1.856302742715063,1.1928685163135095
4002,img_4002.bmp,40.02973041,0.0252233365134895,2.2963408217765693,1.2176829245634373
4003,img_4003.bmp,33.29906778,0.0309399023715996,2.3005185908403414,1.2594195686310856
4004,img_4004.bmp,34.29911803,0.0353014605768268,2.42670329642684,1.239205545384552
4005,img_4005.bmp,21.10714956,0.0561852720658379,2.0529028780272176,1.233362430879926
4006,img_4006.bmp,48.80975997,0.0079435509594418,2.440728365351068,1.1318410974596271
4007,img_4007.bmp,38.35052569,0.0083940876310148,2.3963989428888928,1.1392845881319325
4008,img_4008.bmp,84.98488889,0.0261696178716253,2.4635740659390546,1.2503795988322757
4009,img_4009.bmp,41.86755556,0.0247393846568869,2.0137462456688757,1.2262869918415922
4010,img_4010.bmp,41.3314256,0.0374046353943851,2.4517286659268462,1.1883355469484922
4011,img_4011.bmp,36.75936524,0.0288759778848547,2.4701513645421,1.1316447352732977
4012,img_4012.bmp,30.55029297,0.0291225322381788,2.3879677826703825,1.169635089579039
4013,img_4013.bmp,22.48364258,0.0276576422314418,2.146957890233768,1.27916351118476
4014,img_4014.bmp,22.67132491,0.0218265739241359,2.0928842639010887,1.2273569465771963
4015,img_4015.bmp,19.8374093,0.0167598101398233,2.0222719546995127,1.3359319867177035
4016,img_4016.bmp,33.22434414,0.0170718301517345,2.355604315560507,1.3222946399173288
4017,img_4017.bmp,27.79996142,0.0167091947870595,2.091923234371063,1.2757201989280893
4020,img_4020.bmp,46.21621622,0.0202742995482283,2.113580497567359,1.1759272577788715
4021,img_4021.bmp,31.70945946,0.0205817590703211,2.019498565419878,1.2201041306098237
4022,img_4022.bmp,26.87022222,0.0578863138032054,2.072697783054996,1.26747456547334
4023,img_4023.bmp,24.37066667,0.0649928182687253,1.8936285465517144,1.2974862263409894
4024,img_4024.bmp,40.60183673,0.0562007586232098,2.4324324324324325,1.168437092228993
4025,img_4025.bmp,33.85877551,0.0449727453648733,2.1904606015764867,1.1473718811698153
4026,img_4026.bmp,26.6057526,0.0229825947968687,2.522068441946524,1.2083596780267312
4027,img_4027.bmp,22.04476644,0.0204601816011787,2.2221558794633403,1.2496459967983988
4028,img_4028.bmp,35.07029478,0.014678773594551,2.287325716438822,1.220104348530872
4029,img_4029.bmp,32.59057697,0.0134901261793066,2.115352434036539,1.1736914036796786
4030,img_4030.bmp,43.04081633,0.031522432926223,2.7949794949799704,1.2516883885025611
4031,img_4031.bmp,34.53892668,0.0319423091474142,2.560320447366136,1.2153922919109346
4032,img_4032.bmp,66.55621302,0.0137842743960347,2.5485950222135587,1.2093775221570515
4033,img_4033.bmp,42.4295858,0.0174804734413954,2.437834201365606,1.1192001788974535
4034,img_4034.bmp,33.90335898,0.0222056958936058,2.189393374706361,1.125848795497699
4035,img_4035.bmp,29.28617001,0.0295882656822846,2.052734730037692,1.2289798588565677
4036,img_4036.bmp,35.68949233,0.0202958390191773,2.33285733713635,1.1968269325456349
4037,img_4037.bmp,29.76100523,0.0186368816589952,2.141651933995112,1.3010851558091423
4038,img_4038.bmp,40.4225,0.0135907745977034,2.7697731644929,1.2238456529845754
4039,img_4039.bmp,29.68222222,0.0106923282505705,2.6875014324623514,1.1769401345193582
4040,img_4040.bmp,61.6496786,0.0217149724598855,2.532045124345411,1.1568457294869148
4041,img_4041.bmp,53.74173554,0.0148477817436175,1.964900393138573,1.275877498137678
4042,img_4042.bmp,44.02015587,0.0215321040517187,2.6177851894966846,1.1966516096327209
4043,img_4043.bmp,32.68449342,0.0210018025528054,2.3866516620966745,1.1887927783943215
4044,img_4044.bmp,43.26153846,0.0288744614200804,2.691118855395944,1.228147062283157
4045,img_4045.bmp,26.62248521,0.0346992546514389,2.532146264709516,1.2796775130039617
4046,img_4046.bmp,27.31674018,0.0291577160577679,2.250685766550516,1.1869280868114136
4047,img_4047.bmp,24.9542113,0.0355423405497704,2.1995238659554777,1.1899825184264614
4048,img_4048.bmp,38.00821799,0.0651534528395488,2.887483930998864,1.1568742877871048
4050,img_4050.bmp,48.17656544,0.0188528233581479,2.648806247069034,1.1573145966704372
4051,img_4051.bmp,43.26444504,0.0147458897643019,2.2964172034989367,1.2076631914262947
4052,img_4052.bmp,38.665,0.0368903231636571,2.3690313726647965,1.1863519633670958
4053,img_4053.bmp,35.15,0.0425203059061024,2.257355895665788,1.242235996731352
4054,img_4054.bmp,53.59987398,0.0170539732890492,2.2795410254073083,1.2427309466579963
4055,img_4055.bmp,26.87376602,0.015776921779394,1.9251375426381787,1.2091332636652443
4056,img_4056.bmp,41.18624026,0.0270139060134011,2.805698324092581,1.190092433384903
4057,img_4057.bmp,28.33915614,0.0205849738533087,2.3534152966396427,1.2001702364434306
4058,img_4058.bmp,46.06931317,0.0299863175010947,2.4576620166361067,1.2359111679624633
4059,img_4059.bmp,34.55198488,0.0341891381725446,2.295300434327912,1.2174866703277418
4060,img_4060.bmp,40.43289941,0.0100454548670194,2.069603491096613,1.1853970481271616
4061,img_4061.bmp,32.11337278,0.0134701436713242,2.1091392183637967,1.2967312335200083
4062,img_4062.bmp,30.55860727,0.018192849694022,2.439975268553134,1.18612268630916
4063,img_4063.bmp,25.08542388,0.0145892985948826,2.446763145021841,1.222570785346479
4064,img_4064.bmp,60.10573299,0.0207726964535472,2.7915474431525023,1.2283426598465716
4065,img_4065.bmp,57.73497322,0.0191600317343495,2.8451818206336896,1.169587380819467
4066,img_4066.bmp,33.90239198,0.0251504008354686,2.2348434056787583,1.2734903917100349
4068,img_4068.bmp,32.00442248,0.0111760817308034,2.816951707896627,1.2756008441431657
4069,img_4069.bmp,24.68912591,0.010692321703884,2.3789759276971765,1.3199936951197933
4070,img_4070.bmp,44.21992654,0.0458596302292255,2.4556743389358227,1.1862797400162064
4071,img_4071.bmp,34.37534435,0.0764201593930905,2.2079738749768443,1.3056728934850814
4073,img_4073.bmp,21.92470483,0.0631807849743683,2.023804694285748,1.23630617554056
4074,img_4074.bmp,26.57844991,0.0473358292641359,2.298017336529488,1.214114906544053
4075,img_4075.bmp,22.88699853,0.0476318860990587,2.296800156287657,1.2025762830397229
4076,img_4076.bmp,34.00698737,0.0191323286659415,2.2369108388115277,1.1741870741661482
4077,img_4077.bmp,28.90593926,0.0087201042630627,2.187544893896074,1.2711085895775491
4078,img_4078.bmp,31.74648183,0.0298902785108212,2.167302261244904,1.1748812368465444
4079,img_4079.bmp,22.73934047,0.0316561584913585,2.0687072578241,1.2359164425193043
4080,img_4080.bmp,32.87342112,0.0430249595209981,2.719649465035831,1.1766656643922526
4081,img_4081.bmp,21.34883096,0.0519032880800115,2.5299556667411536,1.179857897519636
4082,img_4082.bmp,28.36273222,0.0239972941088996,2.0351678914152287,1.2207710603706403
4083,img_4083.bmp,25.72433853,0.0241077043427873,2.0019608353738283,1.2890476467595908
4084,img_4084.bmp,64.18994141,0.0608036233473335,2.793103448275862,1.156670842904518
4085,img_4085.bmp,47.71337891,0.0594803550193299,2.3997324009835506,1.158985957004714
4087,img_4087.bmp,18.952129,0.0116875822916,1.8797083657315827,1.3707700422372997
4088,img_4088.bmp,33.90335898,0.0281088126291299,1.8278345545916292,1.2418220645780376
4089,img_4089.bmp,28.4946519,0.0295339109889864,1.9471961980519232,1.2616438812196047
4090,img_4090.bmp,44.19309439,0.0512006228370251,2.659761173849206,1.2269063538198566
4091,img_4091.bmp,24.40514168,0.0477201127635303,2.28506668284374,1.1699489872231992
4092,img_4092.bmp,36.61458333,0.0261526136710991,2.4619658739291435,1.270800762205703
4093,img_4093.bmp,30.91898148,0.0289311234893296,2.3830790469358414,1.2668460983150698
4094,img_4094.bmp,35.50505051,0.0226058799997729,2.654903248021365,1.1365278270812835
4095,img_4095.bmp,25.82185491,0.0155380281110316,2.479803184092414,1.26609527434712
4096,img_4096.bmp,41.13965483,0.0718344568761874,1.8978189424171696,1.2447823156254845
4097,img_4097.bmp,29.28585598,0.0832883091021433,2.8779452405039696,1.2973327769231169
4098,img_4098.bmp,31.32581019,0.0691528208086773,2.333333333333333,1.265755353056376
4099,img_4099.bmp,24.40972222,0.0539339104107395,2.3659691923138184,1.2626902606683457
4100,img_4100.bmp,32.57384718,0.0548533908279342,2.763667224087765,1.220436684273397
4101,img_4101.bmp,21.45488973,0.0346638072628482,2.4838856584671487,1.32189705878359
4102,img_4102.bmp,24.78135813,0.010515490828738,2.010176092472766,1.2061051588273932
4103,img_4103.bmp,23.56509516,0.0103122127734267,1.9595079332673404,1.2596691497095187
4106,img_4106.bmp,38.61694336,0.0149653389279832,2.9257583246036885,1.284345707342639
4107,img_4107.bmp,28.3190918,0.0148172794925863,2.598686347312295,1.2319054025431757
4108,img_4108.bmp,24.62932526,0.0240606974730202,2.090651585858369,1.2305112182300306
4109,img_4109.bmp,22.8049308,0.0252744741432371,2.042652704693921,1.2429857391646952
4110,img_4110.bmp,46.06931317,0.029738892822428,2.3874160036986067,1.1247018759236158
4111,img_4111.bmp,37.50514598,0.0355996814192301,2.098812406299001,1.2867776679534226
4112,img_4112.bmp,42.82083596,0.0241720439650548,2.8496235405974746,1.193819988382398
4114,img_4114.bmp,27.9073724,0.0135986238892929,2.022337817869217,1.2121705737315456
4115,img_4115.bmp,23.6252888,0.0134944938624766,1.892633594090787,1.209391669797793
4116,img_4116.bmp,28.40693878,0.0598737203369517,2.213512816581299,1.3060943124220306
4117,img_4117.bmp,24.24632653,0.0783672751390582,2.2698984612511293,1.3883311937897365
4118,img_4118.bmp,34.74765869,0.0408204628025671,2.8040223487115234,1.2151822289429186
4119,img_4119.bmp,25.23777315,0.0355528336932785,2.289894210433853,1.1946124013818615
4120,img_4120.bmp,32.25328947,0.0281426087009676,2.407729069530666,1.120175393263149
4121,img_4121.bmp,24.34210526,0.0284503157458668,2.332542227300274,1.2069162559967854
4122,img_4122.bmp,30.47344718,0.025489650168893,2.308846107199128,1.2372238140653444
4123,img_4123.bmp,23.48170388,0.0284519928384979,2.0451793614961145,1.225978545542964
4125,img_4125.bmp,27.25918367,0.0395350902537862,2.3583726822080204,1.1571092165633896
4126,img_4126.bmp,26.62285587,0.0332572144831208,2.0888377733187524,1.2789565739822626
4127,img_4127.bmp,21.2982847,0.0340828921557412,2.184411060234708,1.339596248806254
4128,img_4128.bmp,37.58520829,0.0593713129442964,2.506715119365416,1.2151961910819573
4129,img_4129.bmp,30.69458677,0.0576707649436211,2.129265246934557,1.1538663978829165
4130,img_4130.bmp,31.23681641,0.0273360289595685,2.369607233256705,1.1933088134258938
4131,img_4131.bmp,22.65527344,0.0358639739357934,2.202271554554524,1.18545984537918
4132,img_4132.bmp,33.94366864,0.0143188599337829,1.9744244757769625,1.2839361136856906
4133,img_4133.bmp,31.11502959,0.0148835047614808,2.433977213653906,1.334947768228228
4134,img_4134.bmp,23.7075977,0.014994576434359,2.1197600061250426,1.2508765871631868
4135,img_4135.bmp,22.7314025,0.0151700266175836,2.093522246484817,1.2220432776319614
4136,img_4136.bmp,42.82083596,0.0160956169528137,2.71351414499978,1.2008068340636506
4137,img_4137.bmp,35.43793321,0.0220218187918105,2.5773402061030937,1.2189999451848887
4138,img_4138.bmp,37.79269986,0.0411019563941812,2.469149916557988,1.235622303114256
4139,img_4139.bmp,28.86748661,0.0564610134503771,2.5773613545412024,1.197928516899432
4140,img_4140.bmp,36.57648283,0.0236327611551831,2.301012015839909,1.1612438455283003
4141,img_4141.bmp,26.51795005,0.0236956349642309,2.28174980020442,1.168722987825012
4142,img_4142.bmp,20.08571429,0.032429913863698,2.151321577691338,1.1358827849723288
4143,img_4143.bmp,18.65102041,0.0305229579296244,2.408176058058361,1.221872966994867
4144,img_4144.bmp,41.86755556,0.0335882897279003,2.2295451463545266,1.1670706044954289
4145,img_4145.bmp,24.99555556,0.0388798779312062,2.0630253809451555,1.276053277027243
4148,img_4148.bmp,40.61945714,0.049266288672423,2.70835164198728,1.1564016355857707
4149,img_4149.bmp,30.22843322,0.0463671073790242,2.6308655786354365,1.1755257280354434
4150,img_4150.bmp,40.93207101,0.0107955660967089,2.4377335896649805,1.212898516175596
4151,img_4151.bmp,37.10508876,0.0113917799440961,2.174252861588573,1.2618527939804574
4152,img_4152.bmp,27.31674018,0.03883674939713,2.1798449802522737,1.2978566332252597
4153,img_4153.bmp,24.36357908,0.0374418052141391,2.0484389945153145,1.2614372828150238
4154,img_4154.bmp,26.6027832,0.0254050128913504,2.309724008621912,1.1862762177315538
4155,img_4155.bmp,22.31201172,0.0237973363857458,2.0717732422776574,1.2889792493446472
4156,img_4156.bmp,46.63501561,0.0296899835356212,2.420357869006329,1.1665314367982378
4157,img_4157.bmp,40.23413111,0.0232874462374701,2.232933466596109,1.180089130362206
4158,img_4158.bmp,28.3190918,0.0312605989952483,2.432424218432934,1.1718400426741031
4159,img_4159.bmp,25.91625977,0.0339374941034652,2.278449021550667,1.143478008499074
4160,img_4160.bmp,32.07893599,0.0258550534020867,2.780630543266176,1.1721114784341955
4161,img_4161.bmp,27.06185121,0.0321889399636569,2.575282172617909,1.1840154502056763
4162,img_4162.bmp,48.1413966,0.0298077071596492,2.01440976847524,1.1816758979460058
4163,img_4163.bmp,40.95408951,0.0364953158262078,2.445977233124409,1.1261550687243185
4164,img_4164.bmp,33.71530612,0.0157071142619688,2.114881283811844,1.2678928932637457
4165,img_4165.bmp,25.8244898,0.020872482088934,2.030575171560816,1.2383537983041717
4166,img_4166.bmp,39.16714286,0.0533202023074808,2.745481472720215,1.2644455464548632
4167,img_4167.bmp,30.12857143,0.0457208653132271,2.659911848636345,1.1630924143700947
4169,img_4169.bmp,31.94742704,0.0115508483057029,2.095570914439916,1.2237114062138272
4170,img_4170.bmp,38.24189815,0.0130545953270957,2.745329066463312,1.232664534561071
4171,img_4171.bmp,22.23996914,0.0191671457995791,2.083277093134204,1.2608783936634915
4172,img_4172.bmp,40.68287037,0.0247474357918914,2.185053590580099,1.25834893209046
4173,img_4173.bmp,23.73167438,0.018521685561731,2.083866230087075,1.1767352099679569
4176,img_4176.bmp,26.49672684,0.022846237992373,2.6290771088201117,1.2050244943884354
4177,img_4177.bmp,22.31303313,0.0197678921502213,2.373388850335367,1.2213332032681543
4178,img_4178.bmp,49.94458008,0.0435161152425633,2.2403571143904712,1.1425041436678196
4179,img_4179.bmp,40.84814453,0.0418621083948026,2.239637122592535,1.1318034689378926
4184,img_4184.bmp,44.33204082,0.0546268008860192,2.4677329438885685,1.130437620847507
4185,img_4185.bmp,28.55040816,0.0520449084575138,2.3276241953770067,1.1686605587618897
4186,img_4186.bmp,35.61831488,0.0187245856158406,2.6747520629353017,1.1742875909438395
4187,img_4187.bmp,27.7031338,0.0285705904162999,2.686234103449769,1.20281753113412
4188,img_4188.bmp,35.30405405,0.0429287755026592,2.2726931380230058,1.289767229548256
4189,img_4189.bmp,25.5472973,0.042021831722957,2.087471787004189,1.3677740355838888
4190,img_4190.bmp,51.69117647,0.0438583839633315,2.6031167393444523,1.390975827820765
4191,img_4191.bmp,42.56920415,0.0289483860141203,2.788323796182871,1.2368475714220506
4192,img_4192.bmp,36.24355556,0.0724138484881436,2.1370191456159864,1.23608708245653
4194,img_4194.bmp,31.61420118,0.0342129340051373,2.2094639099181435,1.2379208102247754
4195,img_4195.bmp,26.28970414,0.0329037392345836,2.12436212023455,1.285098340845693
4196,img_4196.bmp,36.24355556,0.0429989619028745,2.147859710733002,1.2638314878470114
4197,img_4197.bmp,28.74488889,0.035622469805665,2.029540926472005,1.245854642959938
4198,img_4198.bmp,27.1216568,0.0282576497416824,2.323057937548221,1.2695508577225372
4199,img_4199.bmp,24.95857988,0.029433111290532,2.264420855308207,1.345832554357817
4200,img_4200.bmp,47.46710526,0.0253497262447076,2.474775044596641,1.1972247070933066
4201,img_4201.bmp,34.07894737,0.0268138630969538,2.6171323602242462,1.1712952052262982
4202,img_4202.bmp,34.56477627,0.0157260998278807,2.200106169426035,1.1722396861219742
4203,img_4203.bmp,27.43236212,0.0173972865328637,2.3347800676981247,1.2962204069627363
4204,img_4204.bmp,40.4928,0.015406395723764,2.191162242582072,1.183940222269441
4205,img_4205.bmp,34.61884444,0.0155653751331929,2.2308886808774737,1.2456206728617465
